==== FAIL: S10 seed=1902345 2026-04-16 17:49:42 ====
No files changed, compilation skipped

Ran 1 test for test/stress/S10_InterleavedOperations.t.sol:S10_InterleavedOperations
[FAIL: Vault__BelowMinRedeem(999999 [9.999e5], 1000000 [1e6])] test_interleavedOperations() (gas: 253945481)
Logs:
  2026-04-17 01:49:42,025 INFO -------------------- CASE START: 操作交错压力测试 --------------------
  2026-04-17 01:49:42,026 INFO testcase module: stress
  2026-04-17 01:49:42,026 INFO testcase id: S10_InterleavedOperations
  2026-04-17 01:49:42,026 INFO testcase name: 操作交错压力测试
  2026-04-17 01:49:42,026 INFO ------------------------------------------------------------
  2026-04-17 01:49:42,026 INFO config rounds: 50
  2026-04-17 01:49:42,026 INFO config users: 200
  2026-04-17 01:49:42,026 INFO config seed: 1902345
  2026-04-17 01:49:42,027 INFO ------------------------------------------------------------
  2026-04-17 01:49:42,027 INFO [DEPOSIT] user=0x0daFA9531B5eC001011785DbF809f20Ba0Da8722 amt=200000000000 shares=200000000000 cash=200000000000
  2026-04-17 01:49:42,028 INFO [DEPOSIT] user=0xB2f39617e6E2A87ADd08CF0d018836A4ba5A7ec2 amt=200000000000 shares=200000000000 cash=400000000000
  2026-04-17 01:49:42,028 INFO [DEPOSIT] user=0xad4EAF253F316Ce3Eb0968375F30ed5a30BFf23A amt=200000000000 shares=200000000000 cash=600000000000
  2026-04-17 01:49:42,029 INFO [DEPOSIT] user=0xDC5903674C1990486470eDa9D1Ca25C43CdEAF40 amt=200000000000 shares=200000000000 cash=800000000000
  2026-04-17 01:49:42,030 INFO [DEPOSIT] user=0x42AeC3b6E66bC2Fd72a4000585ac8832B5586E2D amt=200000000000 shares=200000000000 cash=1000000000000
  2026-04-17 01:49:42,030 INFO [DEPOSIT] user=0xD2b28C15773DDCa8d040BaE7F096b73bEdC29786 amt=200000000000 shares=200000000000 cash=1200000000000
  2026-04-17 01:49:42,031 INFO [DEPOSIT] user=0x94bA732E4ECADE4aB1baa6cCEae577E33A71105a amt=200000000000 shares=200000000000 cash=1400000000000
  2026-04-17 01:49:42,031 INFO [DEPOSIT] user=0x5f667Cb9D803eA4DB6d020200D8D760B92bf3Ac4 amt=200000000000 shares=200000000000 cash=1600000000000
  2026-04-17 01:49:42,032 INFO [DEPOSIT] user=0xeeA3D53cecAE6A1e2739690Dc8f1142576A151c7 amt=200000000000 shares=200000000000 cash=1800000000000
  2026-04-17 01:49:42,032 INFO [DEPOSIT] user=0x50CAC51894ebCB000791C55546632CB41D738f44 amt=200000000000 shares=200000000000 cash=2000000000000
  2026-04-17 01:49:42,033 INFO [DEPOSIT] user=0xcAA2F6c6794017F588c87e08f93Bf97939040D58 amt=200000000000 shares=200000000000 cash=2200000000000
  2026-04-17 01:49:42,034 INFO [DEPOSIT] user=0xae285ccF695F76666c05256F4daB08B00691CBec amt=200000000000 shares=200000000000 cash=2400000000000
  2026-04-17 01:49:42,034 INFO [DEPOSIT] user=0x86e9ab99E2ADb977B93DE0dD7187AB821797C272 amt=200000000000 shares=200000000000 cash=2600000000000
  2026-04-17 01:49:42,035 INFO [DEPOSIT] user=0x18c2d25B5Ab8A74D8BDff608315C7083dfA35512 amt=200000000000 shares=200000000000 cash=2800000000000
  2026-04-17 01:49:42,035 INFO [DEPOSIT] user=0xF3EfC633b38e70446E357e124D3004fD706783ac amt=200000000000 shares=200000000000 cash=3000000000000
  2026-04-17 01:49:42,036 INFO [DEPOSIT] user=0xEf760979FA95262E4517EA7fd1c8C92F7051890e amt=200000000000 shares=200000000000 cash=3200000000000
  2026-04-17 01:49:42,037 INFO [DEPOSIT] user=0x9343B8a1ED5C863DEE9a19Eab1E0c01471F22ed1 amt=200000000000 shares=200000000000 cash=3400000000000
  2026-04-17 01:49:42,038 INFO [DEPOSIT] user=0x3Bf2286191E5f3C0757a74d7ee0fea7D8e2df5C8 amt=200000000000 shares=200000000000 cash=3600000000000
  2026-04-17 01:49:42,038 INFO [DEPOSIT] user=0x40A53b22Be78f87A5B5D5839CAC8F1Fa6ae8DDdE amt=200000000000 shares=200000000000 cash=3800000000000
  2026-04-17 01:49:42,039 INFO [DEPOSIT] user=0x2E076E5AB95EC8541e5f425c4a75a96378dCFcDf amt=200000000000 shares=200000000000 cash=4000000000000
  2026-04-17 01:49:42,039 INFO [DEPOSIT] user=0x311eBd459fE99067E658b330D934201B4B992353 amt=200000000000 shares=200000000000 cash=4200000000000
  2026-04-17 01:49:42,040 INFO [DEPOSIT] user=0x74cb8CaDB78A2e1956B76ebb4f62aFD7C6A9CB70 amt=200000000000 shares=200000000000 cash=4400000000000
  2026-04-17 01:49:42,041 INFO [DEPOSIT] user=0x659F4516A682806BE769C8c24a3f6EAAFF683c45 amt=200000000000 shares=200000000000 cash=4600000000000
  2026-04-17 01:49:42,041 INFO [DEPOSIT] user=0xD6E9Cde0fB5eE2e1b0d82334c5B937744e13a941 amt=200000000000 shares=200000000000 cash=4800000000000
  2026-04-17 01:49:42,042 INFO [DEPOSIT] user=0xb4892899ee6c7cC2084e1A0974d3a4F4b93a43Ca amt=200000000000 shares=200000000000 cash=5000000000000
  2026-04-17 01:49:42,042 INFO [DEPOSIT] user=0xC9e87755ff8f4F682d8665f2dEA24f5FdE78369e amt=200000000000 shares=200000000000 cash=5200000000000
  2026-04-17 01:49:42,043 INFO [DEPOSIT] user=0x6d5D4651b8a0db87D8eEb5D31Cb1a9e8c5e9E341 amt=200000000000 shares=200000000000 cash=5400000000000
  2026-04-17 01:49:42,043 INFO [DEPOSIT] user=0xcAEfd2EF290bd6A7575050D69DbF1bA3e746876C amt=200000000000 shares=200000000000 cash=5600000000000
  2026-04-17 01:49:42,044 INFO [DEPOSIT] user=0xd4552fE258fD3e7a71Dc972C1E29e8958A77A549 amt=200000000000 shares=200000000000 cash=5800000000000
  2026-04-17 01:49:42,045 INFO [DEPOSIT] user=0x530fb0850adaaeedb8DC79DF00fc07B516E6D503 amt=200000000000 shares=200000000000 cash=6000000000000
  2026-04-17 01:49:42,045 INFO [DEPOSIT] user=0x33c46C0Cd49304F9DE902a7A04993dDD40142919 amt=200000000000 shares=200000000000 cash=6200000000000
  2026-04-17 01:49:42,046 INFO [DEPOSIT] user=0x8a9f34142b79144c597762b246caf053d845412B amt=200000000000 shares=200000000000 cash=6400000000000
  2026-04-17 01:49:42,047 INFO [DEPOSIT] user=0x2AC7a9521BCf633f450C89A5C8f906feC13A4A7B amt=200000000000 shares=200000000000 cash=6600000000000
  2026-04-17 01:49:42,047 INFO [DEPOSIT] user=0xd138f73424751Bc1A77EdB3bAe475b5fc348d3a1 amt=200000000000 shares=200000000000 cash=6800000000000
  2026-04-17 01:49:42,048 INFO [DEPOSIT] user=0x01D40b8Cd71Cd17778a895e7333345B7ff518b05 amt=200000000000 shares=200000000000 cash=7000000000000
  2026-04-17 01:49:42,048 INFO [DEPOSIT] user=0xBD7955710A8af008dd5D86c0aa42DAa654C4510b amt=200000000000 shares=200000000000 cash=7200000000000
  2026-04-17 01:49:42,049 INFO [DEPOSIT] user=0x38bca73b2f093033cD94E0db8BD473b02bF5A75b amt=200000000000 shares=200000000000 cash=7400000000000
  2026-04-17 01:49:42,049 INFO [DEPOSIT] user=0x5C6Dc9658722E12d878Ecb0531365adc92A9E7EE amt=200000000000 shares=200000000000 cash=7600000000000
  2026-04-17 01:49:42,050 INFO [DEPOSIT] user=0xddD2ba6a608a141dcE474994e742C972dF9A7f29 amt=200000000000 shares=200000000000 cash=7800000000000
  2026-04-17 01:49:42,051 INFO [DEPOSIT] user=0x93E5D0bB255286Cd913CB5aEFd9832c3F474f75a amt=200000000000 shares=200000000000 cash=8000000000000
  2026-04-17 01:49:42,051 INFO [DEPOSIT] user=0x18B9f376dB8a8168F153fcB2809B9125A904cA1F amt=200000000000 shares=200000000000 cash=8200000000000
  2026-04-17 01:49:42,052 INFO [DEPOSIT] user=0xf068d5D7282e393a851Cb6dAE18379FffBF5e79F amt=200000000000 shares=200000000000 cash=8400000000000
  2026-04-17 01:49:42,053 INFO [DEPOSIT] user=0x41028B966f0A5514cA9Cc57348ce75eEaee726d7 amt=200000000000 shares=200000000000 cash=8600000000000
  2026-04-17 01:49:42,053 INFO [DEPOSIT] user=0xfE2eF74130E733bEd938E0C16Ab373BDE12cffe5 amt=200000000000 shares=200000000000 cash=8800000000000
  2026-04-17 01:49:42,054 INFO [DEPOSIT] user=0x47fb981641F67d9e4b06A870ea0272c8B376Bf0d amt=200000000000 shares=200000000000 cash=9000000000000
  2026-04-17 01:49:42,055 INFO [DEPOSIT] user=0x26D2eb6820BBb8757aa04a80690984F47131FB15 amt=200000000000 shares=200000000000 cash=9200000000000
  2026-04-17 01:49:42,055 INFO [DEPOSIT] user=0xFBc0bf15bE9863A65707b6890f6c3D9Cf8f2CeCf amt=200000000000 shares=200000000000 cash=9400000000000
  2026-04-17 01:49:42,056 INFO [DEPOSIT] user=0x07d1f5aA77c4849B6c1A7c0EBe192f948F69A096 amt=200000000000 shares=200000000000 cash=9600000000000
  2026-04-17 01:49:42,056 INFO [DEPOSIT] user=0x31cDa1195747cdEc968E6e77A2D11c468Fe25F2f amt=200000000000 shares=200000000000 cash=9800000000000
  2026-04-17 01:49:42,057 INFO [DEPOSIT] user=0xD9E3c5BeB4fEE5D8c49747D73c20E0ce873190Dc amt=200000000000 shares=200000000000 cash=10000000000000
  2026-04-17 01:49:42,060 INFO [CASE_A] dualInFlight start
  2026-04-17 01:49:42,061 INFO [REBALANCE] cashBefore=10000000000000 cashAfter=1000000000000 investIF=9000000000000 redeemIF=0
  2026-04-17 01:49:42,061 INFO [REQUEST_REDEEM] user=0x9343B8a1ED5C863DEE9a19Eab1E0c01471F22ed1 shares=99537236196 reqId=1 locked=98541863834
  2026-04-17 01:49:42,062 INFO [PROCESS_BATCH] count=1 totalShares=98541863834 redeemIF=0
  2026-04-17 01:49:42,065 INFO [SETTLE] adapter=0x13aa49bAc059d709dd0a18D6bb63290076a702D7 investIds=1 redeemIds=0 investIF=4000000000000 redeemIF=0
  2026-04-17 01:49:42,066 INFO [SETTLE] adapter=0xDB25A7b768311dE128BBDa7B8426c3f9C74f3240 investIds=1 redeemIds=0 investIF=0 redeemIF=0
  2026-04-17 01:49:42,070 INFO [FINALIZE_BATCH] count=1 totalSettled=98541863834 cash=901458136166
  2026-04-17 01:49:42,074 INFO [R0] assets=9901458136166 supply=9901458136166 rate=1000000000000000000 cash=901458136166 investIF=0 redeemIF=0 locked=0 gas=4375450
  2026-04-17 01:49:42,075 INFO [CASE_B] rateChangeMidBatch start
  2026-04-17 01:49:42,075 INFO [REBALANCE] cashBefore=901458136166 cashAfter=901458136166 investIF=0 redeemIF=0
  2026-04-17 01:49:42,076 INFO [REQUEST_REDEEM] user=0xBD7955710A8af008dd5D86c0aa42DAa654C4510b shares=97079647613 reqId=2 locked=96108851136
  2026-04-17 01:49:42,077 INFO [REQUEST_REDEEM] user=0x41028B966f0A5514cA9Cc57348ce75eEaee726d7 shares=24749700469 reqId=3 locked=120611054600
  2026-04-17 01:49:42,077 INFO [PROCESS_BATCH] count=2 totalShares=120611054600 redeemIF=0
  2026-04-17 01:49:42,078 INFO [RATE_UPDATE] old=1000000000000000000 new=990000000000000000
  2026-04-17 01:49:42,078 INFO [CASE_B] rate changed during PROCESSING: before=1000000000000000000 after=990000000000000000
  2026-04-17 01:49:42,078 INFO [PRICE_UPDATE] old=1000000000000000000 new=955900000000000000
  2026-04-17 01:49:42,082 INFO [FINALIZE_BATCH] count=2 totalSettled=119404944053 cash=782053192113
  2026-04-17 01:49:42,087 INFO [R1] assets=9605653192113 supply=9780847081566 rate=990000000000000000 cash=782053192113 investIF=0 redeemIF=0 locked=0 gas=2875071
  2026-04-17 01:49:42,087 INFO [CASE_C] overlappingBatches start
  2026-04-17 01:49:42,088 INFO [REBALANCE] cashBefore=782053192113 cashAfter=782053192113 investIF=0 redeemIF=0
  2026-04-17 01:49:42,088 INFO [REQUEST_REDEEM] user=0xae285ccF695F76666c05256F4daB08B00691CBec shares=162492329282 reqId=4 locked=160867405989
  2026-04-17 01:49:42,089 INFO [REQUEST_REDEEM] user=0xcAEfd2EF290bd6A7575050D69DbF1bA3e746876C shares=54626305838 reqId=5 locked=214947448768
  2026-04-17 01:49:42,090 INFO [REQUEST_REDEEM] user=0x01D40b8Cd71Cd17778a895e7333345B7ff518b05 shares=129507369327 reqId=6 locked=343159744401
  2026-04-17 01:49:42,090 INFO [REQUEST_REDEEM] user=0xddD2ba6a608a141dcE474994e742C972dF9A7f29 shares=177750699360 reqId=7 locked=519132936767
  2026-04-17 01:49:42,091 INFO [REQUEST_REDEEM] user=0xF3EfC633b38e70446E357e124D3004fD706783ac shares=97393156527 reqId=8 locked=615552161728
  2026-04-17 01:49:42,092 INFO [PROCESS_BATCH] count=5 totalShares=615552161728 redeemIF=436740088107
  2026-04-17 01:49:42,092 INFO [CASE_C] batch1 processed: count=5 lockedShares=615552161728
  2026-04-17 01:49:42,096 INFO [SETTLE] adapter=0x13aa49bAc059d709dd0a18D6bb63290076a702D7 investIds=0 redeemIds=1 investIF=0 redeemIF=0
  2026-04-17 01:49:42,097 INFO [FINALIZE_BATCH] count=5 totalSettled=609396640109 cash=609396640111
  2026-04-17 01:49:42,102 INFO [R2] assets=8996256552004 supply=9165294919838 rate=990000000000000000 cash=609396640111 investIF=0 redeemIF=0 locked=0 gas=4460270
  2026-04-17 01:49:42,103 INFO [CASE_D] depositDuringProcessing start
  2026-04-17 01:49:42,103 INFO [REBALANCE] cashBefore=609396640111 cashAfter=609396640111 investIF=0 redeemIF=290229015089
  2026-04-17 01:49:42,108 INFO [R3] assets=8996256552004 supply=9165294919838 rate=990000000000000000 cash=609396640111 investIF=0 redeemIF=290229015089 locked=0 gas=1281976
  2026-04-17 01:49:42,109 INFO [CASE_E] syncRedeemDuringProcessing start
  2026-04-17 01:49:42,109 INFO [REBALANCE] cashBefore=609396640111 cashAfter=609396640111 investIF=0 redeemIF=319251916598
  2026-04-17 01:49:42,110 INFO [REQUEST_REDEEM] user=0x18c2d25B5Ab8A74D8BDff608315C7083dfA35512 shares=142000000000 reqId=9 locked=140580000000
  2026-04-17 01:49:42,111 INFO [REQUEST_REDEEM] user=0x33c46C0Cd49304F9DE902a7A04993dDD40142919 shares=158000000000 reqId=10 locked=297000000000
  2026-04-17 01:49:42,111 INFO [PROCESS_BATCH] count=2 totalShares=297000000000 redeemIF=319251916598
  2026-04-17 01:49:42,112 INFO [CASE_E] PROCESSING active: freeCash=315366640111 lockedShares=297000000000
  2026-04-17 01:49:42,113 INFO [SYNC_REDEEM] user=0x31cDa1195747cdEc968E6e77A2D11c468Fe25F2f shares=146818177017 assets=143896495293 cash=465500144818
  2026-04-17 01:49:42,113 INFO [CASE_E] syncRedeems during PROCESSING: done=1 skipped=0
  2026-04-17 01:49:42,117 INFO [SETTLE] adapter=0x13aa49bAc059d709dd0a18D6bb63290076a702D7 investIds=0 redeemIds=2 investIF=0 redeemIF=0
  2026-04-17 01:49:42,117 INFO [FINALIZE_BATCH] count=2 totalSettled=294030000000 cash=490722061416
  2026-04-17 01:49:42,122 INFO [R4] assets=8558330056711 supply=8722944924592 rate=990000000000000000 cash=490722061416 investIF=0 redeemIF=0 locked=0 gas=3379323
  2026-04-17 01:49:42,123 INFO [CASE_F] rebalanceWithPendingRequests start
  2026-04-17 01:49:42,123 INFO [REQUEST_REDEEM] user=0xF3EfC633b38e70446E357e124D3004fD706783ac shares=4248962936 reqId=11 locked=4206473306
  2026-04-17 01:49:42,124 INFO [CASE_F] PENDING requests created: freeCash=486557652843 lockedShares=4206473306
  2026-04-17 01:49:42,124 INFO [REBALANCE] cashBefore=490722061416 cashAfter=490722061416 investIF=0 redeemIF=369275352828
  2026-04-17 01:49:42,124 INFO [CASE_F] rebalance with PENDING: investIF=0
  2026-04-17 01:49:42,128 INFO [PROCESS_BATCH] count=1 totalShares=4206473306 redeemIF=369275352828
  2026-04-17 01:49:42,131 INFO [SETTLE] adapter=0x13aa49bAc059d709dd0a18D6bb63290076a702D7 investIds=0 redeemIds=1 investIF=0 redeemIF=0
  2026-04-17 01:49:42,132 INFO [FINALIZE_BATCH] count=1 totalSettled=4164408572 cash=855833005672
  2026-04-17 01:49:42,136 INFO [PRICE_UPDATE] old=955900000000000000 new=965076640000000000
  2026-04-17 01:49:42,137 INFO [R5] assets=8590872208139 supply=8718738451286 rate=990000000000000000 cash=855833005672 investIF=0 redeemIF=0 locked=0 gas=3297370
  2026-04-17 01:49:42,137 INFO [CASE_G] kitchenSink start
  2026-04-17 01:49:42,138 INFO [DEPOSIT] user=0x94bA732E4ECADE4aB1baa6cCEae577E33A71105a amt=33707044067 shares=34047519259 cash=889540049739
  2026-04-17 01:49:42,138 INFO [DEPOSIT] user=0x431401674189875efe20c2F3a7277816C0609D00 amt=23698974933 shares=23938358518 cash=913239024672
  2026-04-17 01:49:42,139 INFO [DEPOSIT] user=0x4A9764cE20C4F4B0bcDA84C9C9491334cc4185C6 amt=13529466843 shares=13666128124 cash=926768491515
  2026-04-17 01:49:42,139 INFO [DEPOSIT] user=0x9e866601851F3B1810920422CF5B051E67E6dF4A amt=30747998520 shares=31058584363 cash=957516490035
  2026-04-17 01:49:42,140 INFO [DEPOSIT] user=0x26D2eb6820BBb8757aa04a80690984F47131FB15 amt=43776605024 shares=44218792953 cash=1001293095059
  2026-04-17 01:49:42,141 INFO [DEPOSIT] user=0x9a523Af0C6a5112B3D1748a0aA1b27144C61047d amt=23135199816 shares=23368888703 cash=1024428294875
  2026-04-17 01:49:42,141 INFO [DEPOSIT] user=0x41028B966f0A5514cA9Cc57348ce75eEaee726d7 amt=24976609184 shares=25228898165 cash=1049404904059
  2026-04-17 01:49:42,142 INFO [DEPOSIT] user=0xfE2eF74130E733bEd938E0C16Ab373BDE12cffe5 amt=28675909966 shares=28965565622 cash=1078080814025
  2026-04-17 01:49:42,143 INFO [DEPOSIT] user=0x9651c9eB1725dce10CF5E50B8C14187f87C433c6 amt=29696445823 shares=29996409922 cash=1107777259848
  2026-04-17 01:49:42,143 INFO [DEPOSIT] user=0xE88F49d8E882e88B2F6B3E107121FA6e686aF03C amt=10421010978 shares=10526273715 cash=1118198270826
  2026-04-17 01:49:42,144 INFO [DEPOSIT] user=0xa406b676C7500493B52AF7C0D7A1Bed3c5A02856 amt=48145529062 shares=48631847537 cash=1166343799888
  2026-04-17 01:49:42,145 INFO [DEPOSIT] user=0xF7688502C1a0C65BC98DB90A63Ffb05870752e39 amt=49203491929 shares=49700496897 cash=1215547291817
  2026-04-17 01:49:42,145 INFO [REBALANCE] cashBefore=1215547291817 cashAfter=895058649428 investIF=320488642389 redeemIF=0
  2026-04-17 01:49:42,146 INFO [REQUEST_REDEEM] user=0x38bca73b2f093033cD94E0db8BD473b02bF5A75b shares=58465057223 reqId=12 locked=57880406650
  2026-04-17 01:49:42,147 INFO [PROCESS_BATCH] count=1 totalShares=57880406650 redeemIF=0
  2026-04-17 01:49:42,150 INFO [RATE_UPDATE] old=990000000000000000 new=980100000000000000
  2026-04-17 01:49:42,151 INFO [DEPOSIT] user=0xd43c90dcA27c3e5Ff51aF8AE36840a622B7D56A4 amt=24130209104 shares=24620150090 cash=919188858532
  2026-04-17 01:49:42,151 INFO [SYNC_REDEEM] user=0xd4552fE258fD3e7a71Dc972C1E29e8958A77A549 shares=43850986648 assets=42548568492 cash=876640290040
  2026-04-17 01:49:42,152 INFO [SYNC_REDEEM] user=0xcAEfd2EF290bd6A7575050D69DbF1bA3e746876C shares=18901040912 assets=18339661095 cash=858300628945
  2026-04-17 01:49:42,153 INFO [SYNC_REDEEM] user=0x26D2eb6820BBb8757aa04a80690984F47131FB15 shares=90651686345 assets=87959240608 cash=770341388337
  2026-04-17 01:49:42,153 INFO [SETTLE] adapter=0x13aa49bAc059d709dd0a18D6bb63290076a702D7 investIds=1 redeemIds=0 investIF=0 redeemIF=0
  2026-04-17 01:49:42,158 INFO [REQUEST_REDEEM] user=0xF3EfC633b38e70446E357e124D3004fD706783ac shares=91400112534 reqId=13 locked=148366518058
  2026-04-17 01:49:42,158 INFO [PROCESS_BATCH] count=1 totalShares=90486111408 redeemIF=0
  2026-04-17 01:49:42,158 INFO [CASE_G] TWO BATCHES PROCESSING: batch1=1 batch2=1
  2026-04-17 01:49:42,158 INFO [PRICE_UPDATE] old=965076640000000000 new=974534391072000000
  2026-04-17 01:49:42,162 INFO [FINALIZE_BATCH] count=1 totalSettled=88685437790 cash=681655950547
  2026-04-17 01:49:42,165 INFO [FINALIZE_BATCH] count=1 totalSettled=56728586557 cash=624927363990
  2026-04-17 01:49:42,173 INFO [R6] assets=8718286213134 supply=8807737276307 rate=980100000000000000 cash=624927363990 investIF=0 redeemIF=0 locked=0 gas=8165636
  2026-04-17 01:49:42,173 INFO [CASE_A] dualInFlight start
  2026-04-17 01:49:42,174 INFO [REBALANCE] cashBefore=624927363990 cashAfter=624927363990 investIF=0 redeemIF=246901257323
  2026-04-17 01:49:42,174 INFO [CASE_A] rebalance did not invest, settling and continuing
  2026-04-17 01:49:42,175 INFO [REQUEST_REDEEM] user=0x9a523Af0C6a5112B3D1748a0aA1b27144C61047d shares=19953713547 reqId=14 locked=19754176411
  2026-04-17 01:49:42,175 INFO [REQUEST_REDEEM] user=0x42AeC3b6E66bC2Fd72a4000585ac8832B5586E2D shares=40251293551 reqId=15 locked=59602957026
  2026-04-17 01:49:42,176 INFO [PROCESS_BATCH] count=2 totalShares=59602957026 redeemIF=246901257323
  2026-04-17 01:49:42,182 INFO [SETTLE] adapter=0x13aa49bAc059d709dd0a18D6bb63290076a702D7 investIds=0 redeemIds=1 investIF=0 redeemIF=0
  2026-04-17 01:49:42,183 INFO [FINALIZE_BATCH] count=2 totalSettled=58416858180 cash=813411763133
  2026-04-17 01:49:42,188 INFO [RATE_UPDATE] old=980100000000000000 new=984118410000000000
  2026-04-17 01:49:42,189 INFO [R7] assets=8659869354954 supply=8748843360338 rate=984118410000000000 cash=813411763133 investIF=0 redeemIF=0 locked=0 gas=3906935
  2026-04-17 01:49:42,189 INFO [CASE_B] rateChangeMidBatch start
  2026-04-17 01:49:42,190 INFO [REBALANCE] cashBefore=813411763133 cashAfter=813411763133 investIF=0 redeemIF=0
  2026-04-17 01:49:42,191 INFO [REQUEST_REDEEM] user=0x18c2d25B5Ab8A74D8BDff608315C7083dfA35512 shares=30638656875 reqId=16 locked=30332270306
  2026-04-17 01:49:42,191 INFO [REQUEST_REDEEM] user=0xFBc0bf15bE9863A65707b6890f6c3D9Cf8f2CeCf shares=65806308585 reqId=17 locked=95480515805
  2026-04-17 01:49:42,192 INFO [REQUEST_REDEEM] user=0x93E5D0bB255286Cd913CB5aEFd9832c3F474f75a shares=88791964254 reqId=18 locked=183384560416
  2026-04-17 01:49:42,193 INFO [REQUEST_REDEEM] user=0x9a523Af0C6a5112B3D1748a0aA1b27144C61047d shares=2817120904 reqId=19 locked=186173510110
  2026-04-17 01:49:42,193 INFO [REQUEST_REDEEM] user=0xd138f73424751Bc1A77EdB3bAe475b5fc348d3a1 shares=139181739793 reqId=20 locked=323963432505
  2026-04-17 01:49:42,194 INFO [REQUEST_REDEEM] user=0xa406b676C7500493B52AF7C0D7A1Bed3c5A02856 shares=17561870553 reqId=21 locked=341349684352
  2026-04-17 01:49:42,195 INFO [PROCESS_BATCH] count=6 totalShares=341349684352 redeemIF=0
  2026-04-17 01:49:42,195 INFO [RATE_UPDATE] old=984118410000000000 new=993959594100000000
  2026-04-17 01:49:42,195 INFO [CASE_B] rate changed during PROCESSING: before=984118410000000000 after=993959594100000000
  2026-04-17 01:49:42,196 INFO [PRICE_UPDATE] old=974534391072000000 new=931557424425724800
  2026-04-17 01:49:42,200 INFO [FINALIZE_BATCH] count=6 totalSettled=339287793701 cash=474123969432
  2026-04-17 01:49:42,205 INFO [R8] assets=8148673694667 supply=8407599252202 rate=993959594100000000 cash=474123969432 investIF=0 redeemIF=0 locked=0 gas=4494270
  2026-04-17 01:49:42,206 INFO [CASE_C] overlappingBatches start
  2026-04-17 01:49:42,206 INFO [REBALANCE] cashBefore=474123969432 cashAfter=474123969432 investIF=0 redeemIF=340743400034
  2026-04-17 01:49:42,207 INFO [REQUEST_REDEEM] user=0x8a9f34142b79144c597762b246caf053d845412B shares=37240593497 reqId=22 locked=36868187562
  2026-04-17 01:49:42,208 INFO [REQUEST_REDEEM] user=0x2AC7a9521BCf633f450C89A5C8f906feC13A4A7B shares=190929947835 reqId=23 locked=225888835918
  2026-04-17 01:49:42,208 INFO [PROCESS_BATCH] count=2 totalShares=225888835918 redeemIF=340743400034
  2026-04-17 01:49:42,208 INFO [CASE_C] batch1 processed: count=2 lockedShares=225888835918
  2026-04-17 01:49:42,212 INFO [SETTLE] adapter=0x13aa49bAc059d709dd0a18D6bb63290076a702D7 investIds=0 redeemIds=1 investIF=0 redeemIF=0
  2026-04-17 01:49:42,213 INFO [FINALIZE_BATCH] count=2 totalSettled=224524375660 cash=590342993806
  2026-04-17 01:49:42,218 INFO [R9] assets=7924149319007 supply=8181710416284 rate=993959594100000000 cash=590342993806 investIF=0 redeemIF=0 locked=0 gas=3195296
  2026-04-17 01:49:42,218 INFO [CASE_D] depositDuringProcessing start
  2026-04-17 01:49:42,219 INFO [REBALANCE] cashBefore=590342993806 cashAfter=590342993806 investIF=0 redeemIF=202071938094
  2026-04-17 01:49:42,220 INFO [REQUEST_REDEEM] user=0x33c46C0Cd49304F9DE902a7A04993dDD40142919 shares=41854316031 reqId=24 locked=41435772870
  2026-04-17 01:49:42,220 INFO [REQUEST_REDEEM] user=0x94bA732E4ECADE4aB1baa6cCEae577E33A71105a shares=60214309173 reqId=25 locked=101047938951
  2026-04-17 01:49:42,221 INFO [REQUEST_REDEEM] user=0x6d5D4651b8a0db87D8eEb5D31Cb1a9e8c5e9E341 shares=2495615331 reqId=26 locked=103518598128
  2026-04-17 01:49:42,222 INFO [REQUEST_REDEEM] user=0xBD7955710A8af008dd5D86c0aa42DAa654C4510b shares=13921986910 reqId=27 locked=117301365168
  2026-04-17 01:49:42,222 INFO [PROCESS_BATCH] count=4 totalShares=117301365168 redeemIF=202071938094
  2026-04-17 01:49:42,223 INFO [DEPOSIT] user=0x2AE7612ba0a0019203bD59C45B53d1728f4DAD50 amt=49602989500 shares=49904432528 cash=639945983306
  2026-04-17 01:49:42,224 INFO [DEPOSIT] user=0xB2f39617e6E2A87ADd08CF0d018836A4ba5A7ec2 amt=14002372717 shares=14087466734 cash=653948356023
  2026-04-17 01:49:42,224 INFO [DEPOSIT] user=0x2f7a1F9A574F5199AD566e0A6EA9d49c165fb9f8 amt=49501939507 shares=49802768443 cash=703450295530
  2026-04-17 01:49:42,225 INFO [DEPOSIT] user=0xD2b28C15773DDCa8d040BaE7F096b73bEdC29786 amt=29437114889 shares=29616007596 cash=732887410419
  2026-04-17 01:49:42,225 INFO [DEPOSIT] user=0x5f667Cb9D803eA4DB6d020200D8D760B92bf3Ac4 amt=14799225700 shares=14889162283 cash=747686636119
  2026-04-17 01:49:42,226 INFO [DEPOSIT] user=0x3Bf2286191E5f3C0757a74d7ee0fea7D8e2df5C8 amt=28876280081 shares=29051764530 cash=776562916200
  2026-04-17 01:49:42,227 INFO [DEPOSIT] user=0x18B9f376dB8a8168F153fcB2809B9125A904cA1F amt=36613685611 shares=36836191157 cash=813176601811
  2026-04-17 01:49:42,227 INFO [CASE_D] deposited=222833608005 during PROCESSING, lockedShares=117301365168
  2026-04-17 01:49:42,230 INFO [SETTLE] adapter=0x13aa49bAc059d709dd0a18D6bb63290076a702D7 investIds=0 redeemIds=1 investIF=0 redeemIF=0
  2026-04-17 01:49:42,231 INFO [FINALIZE_BATCH] count=4 totalSettled=116592817308 cash=898655722597
  2026-04-17 01:49:42,236 INFO [PRICE_UPDATE] old=931557424425724800 new=967515541008557777
  2026-04-17 01:49:42,237 INFO [R10] assets=8174222576036 supply=8288596844387 rate=993959594100000000 cash=898655722597 investIF=0 redeemIF=0 locked=0 gas=4957717
  2026-04-17 01:49:42,237 INFO [CASE_E] syncRedeemDuringProcessing start
  2026-04-17 01:49:42,237 INFO [REBALANCE] cashBefore=898655722597 cashAfter=898655722597 investIF=0 redeemIF=0
  2026-04-17 01:49:42,238 INFO [REQUEST_REDEEM] user=0xfE2eF74130E733bEd938E0C16Ab373BDE12cffe5 shares=164855207247 reqId=28 locked=163206655174
  2026-04-17 01:49:42,239 INFO [REQUEST_REDEEM] user=0x41028B966f0A5514cA9Cc57348ce75eEaee726d7 shares=136325854433 reqId=29 locked=298169251062
  2026-04-17 01:49:42,239 INFO [PROCESS_BATCH] count=2 totalShares=298169251062 redeemIF=0
  2026-04-17 01:49:42,240 INFO [CASE_E] PROCESSING active: freeCash=602287534838 lockedShares=298169251062
  2026-04-17 01:49:42,240 INFO [SYNC_REDEEM] user=0x42AeC3b6E66bC2Fd72a4000585ac8832B5586E2D shares=97035607285 assets=95484978101 cash=803170744496
  2026-04-17 01:49:42,241 INFO [CASE_E] syncRedeems during PROCESSING: done=1 skipped=0
  2026-04-17 01:49:42,244 INFO [FINALIZE_BATCH] count=2 totalSettled=296368187758 cash=506802556738
  2026-04-17 01:49:42,249 INFO [R11] assets=7782369410177 supply=7894362342113 rate=993959594100000000 cash=506802556738 investIF=0 redeemIF=0 locked=0 gas=2896157
  2026-04-17 01:49:42,250 INFO [CASE_F] rebalanceWithPendingRequests start
  2026-04-17 01:49:42,250 INFO [REQUEST_REDEEM] user=0x5f667Cb9D803eA4DB6d020200D8D760B92bf3Ac4 shares=95498301819 reqId=30 locked=94543318800
  2026-04-17 01:49:42,251 INFO [REQUEST_REDEEM] user=0xDC5903674C1990486470eDa9D1Ca25C43CdEAF40 shares=44231558421 reqId=31 locked=138332561636
  2026-04-17 01:49:42,252 INFO [REQUEST_REDEEM] user=0x26D2eb6820BBb8757aa04a80690984F47131FB15 shares=17672480638 reqId=32 locked=155828317467
  2026-04-17 01:49:42,252 INFO [CASE_F] PENDING requests created: freeCash=351915505559 lockedShares=155828317467
  2026-04-17 01:49:42,253 INFO [REBALANCE] cashBefore=506802556738 cashAfter=506802556738 investIF=0 redeemIF=426321435458
  2026-04-17 01:49:42,253 INFO [CASE_F] rebalance with PENDING: investIF=0
  2026-04-17 01:49:42,256 INFO [PROCESS_BATCH] count=3 totalShares=155828317467 redeemIF=426321435458
  2026-04-17 01:49:42,260 INFO [SETTLE] adapter=0x13aa49bAc059d709dd0a18D6bb63290076a702D7 investIds=0 redeemIds=1 investIF=0 redeemIF=0
  2026-04-17 01:49:42,260 INFO [FINALIZE_BATCH] count=3 totalSettled=154887051178 cash=778236941018
  2026-04-17 01:49:42,266 INFO [R12] assets=7627482358999 supply=7738534024646 rate=993959594100000000 cash=778236941018 investIF=0 redeemIF=0 locked=0 gas=4212923
  2026-04-17 01:49:42,266 INFO [CASE_G] kitchenSink start
  2026-04-17 01:49:42,267 INFO [DEPOSIT] user=0xe1A7C1029e75c8d767876d1b88Ea770Ee1731474 amt=17270487620 shares=17375442344 cash=795507428638
  2026-04-17 01:49:42,267 INFO [DEPOSIT] user=0xB2f39617e6E2A87ADd08CF0d018836A4ba5A7ec2 amt=42189200386 shares=42445588972 cash=837696629024
  2026-04-17 01:49:42,268 INFO [DEPOSIT] user=0xd138f73424751Bc1A77EdB3bAe475b5fc348d3a1 amt=25672563589 shares=25828578688 cash=863369192613
  2026-04-17 01:49:42,268 INFO [DEPOSIT] user=0x42AeC3b6E66bC2Fd72a4000585ac8832B5586E2D amt=19200757932 shares=19317443129 cash=882569950545
  2026-04-17 01:49:42,269 INFO [DEPOSIT] user=0x761988FCF0df3B988E079861aE69aADb81b4DA2C amt=33498174685 shares=33701746915 cash=916068125230
  2026-04-17 01:49:42,270 INFO [DEPOSIT] user=0x4A9764cE20C4F4B0bcDA84C9C9491334cc4185C6 amt=39307184940 shares=39546059189 cash=955375310170
  2026-04-17 01:49:42,270 INFO [DEPOSIT] user=0xcAA2F6c6794017F588c87e08f93Bf97939040D58 amt=48961829043 shares=49259375666 cash=1004337139213
  2026-04-17 01:49:42,271 INFO [REBALANCE] cashBefore=1004337139213 cashAfter=785358255719 investIF=218978883494 redeemIF=0
  2026-04-17 01:49:42,272 INFO [REQUEST_REDEEM] user=0x01D40b8Cd71Cd17778a895e7333345B7ff518b05 shares=30399651478 reqId=33 locked=30095654963
  2026-04-17 01:49:42,272 INFO [PROCESS_BATCH] count=1 totalShares=30095654963 redeemIF=0
  2026-04-17 01:49:42,275 INFO [RATE_UPDATE] old=993959594100000000 new=1003899190041000000
  2026-04-17 01:49:42,276 INFO [DEPOSIT] user=0x4A31B5d28e52AE80232899Eba1280ebDd381d641 amt=22736563298 shares=22648253453 cash=808094819017
  2026-04-17 01:49:42,276 INFO [DEPOSIT] user=0x0EA0370A61D315c9Ce3DFc250cE70edE1bb83CE6 amt=19194780583 shares=19120227183 cash=827289599600
  2026-04-17 01:49:42,277 INFO [DEPOSIT] user=0x9651c9eB1725dce10CF5E50B8C14187f87C433c6 amt=17606586223 shares=17538201442 cash=844896185823
  2026-04-17 01:49:42,278 INFO [DEPOSIT] user=0x74cb8CaDB78A2e1956B76ebb4f62aFD7C6A9CB70 amt=14773264379 shares=14715884349 cash=859669450202
  2026-04-17 01:49:42,279 INFO [SYNC_REDEEM] user=0xE88F49d8E882e88B2F6B3E107121FA6e686aF03C shares=4560567612 assets=4532566629 cash=855136883573
  2026-04-17 01:49:42,279 INFO [SETTLE] adapter=0x13aa49bAc059d709dd0a18D6bb63290076a702D7 investIds=1 redeemIds=0 investIF=0 redeemIF=0
  2026-04-17 01:49:42,283 INFO [REQUEST_REDEEM] user=0xF3EfC633b38e70446E357e124D3004fD706783ac shares=5907872928 reqId=34 locked=35944449161
  2026-04-17 01:49:42,283 INFO [PROCESS_BATCH] count=1 totalShares=5848794198 redeemIF=0
  2026-04-17 01:49:42,283 INFO [CASE_G] TWO BATCHES PROCESSING: batch1=1 batch2=1
  2026-04-17 01:49:42,284 INFO [PRICE_UPDATE] old=967515541008557777 new=925235111866483803
  2026-04-17 01:49:42,287 INFO [FINALIZE_BATCH] count=1 totalSettled=5871599758 cash=849265283815
  2026-04-17 01:49:42,291 INFO [FINALIZE_BATCH] count=1 totalSettled=30213003641 cash=819052280174
  2026-04-17 01:49:42,298 INFO [R13] assets=7715965076246 supply=8000903133791 rate=1003899190041000000 cash=819052280174 investIF=0 redeemIF=0 locked=0 gas=7557832
  2026-04-17 01:49:42,299 INFO [CASE_A] dualInFlight start
  2026-04-17 01:49:42,299 INFO [REBALANCE] cashBefore=819052280174 cashAfter=819052280174 investIF=0 redeemIF=0
  2026-04-17 01:49:42,299 INFO [CASE_A] rebalance did not invest, settling and continuing
  2026-04-17 01:49:42,300 INFO [REQUEST_REDEEM] user=0x38bca73b2f093033cD94E0db8BD473b02bF5A75b shares=117679606836 reqId=35 locked=116502810767
  2026-04-17 01:49:42,301 INFO [REQUEST_REDEEM] user=0xBD7955710A8af008dd5D86c0aa42DAa654C4510b shares=50168746656 reqId=36 locked=166169869956
  2026-04-17 01:49:42,301 INFO [REQUEST_REDEEM] user=0x42AeC3b6E66bC2Fd72a4000585ac8832B5586E2D shares=58110554005 reqId=37 locked=223699318420
  2026-04-17 01:49:42,303 INFO [PROCESS_BATCH] count=3 totalShares=223699318420 redeemIF=0
  2026-04-17 01:49:42,310 INFO [FINALIZE_BATCH] count=3 totalSettled=224571564573 cash=594480715601
  2026-04-17 01:49:42,314 INFO [RATE_UPDATE] old=1003899190041000000 new=999482033604819600
  2026-04-17 01:49:42,315 INFO [R14] assets=7491393511673 supply=7777834161981 rate=999482033604819600 cash=594480715601 investIF=0 redeemIF=0 locked=0 gas=3875181
  2026-04-17 01:49:42,316 INFO [CASE_B] rateChangeMidBatch start
  2026-04-17 01:49:42,316 INFO [REBALANCE] cashBefore=594480715601 cashAfter=594480715601 investIF=0 redeemIF=154877614449
  2026-04-17 01:49:42,317 INFO [REQUEST_REDEEM] user=0x38bca73b2f093033cD94E0db8BD473b02bF5A75b shares=11063531977 reqId=38 locked=10952896657
  2026-04-17 01:49:42,318 INFO [REQUEST_REDEEM] user=0xcAA2F6c6794017F588c87e08f93Bf97939040D58 shares=179838490745 reqId=39 locked=188993002494
  2026-04-17 01:49:42,318 INFO [PROCESS_BATCH] count=2 totalShares=188993002494 redeemIF=154877614449
  2026-04-17 01:49:42,318 INFO [RATE_UPDATE] old=999482033604819600 new=989487213268771404
  2026-04-17 01:49:42,319 INFO [CASE_B] rate changed during PROCESSING: before=999482033604819600 after=989487213268771404
  2026-04-17 01:49:42,319 INFO [PRICE_UPDATE] old=925235111866483803 new=934579986496335289
  2026-04-17 01:49:42,323 INFO [SETTLE] adapter=0x13aa49bAc059d709dd0a18D6bb63290076a702D7 investIds=0 redeemIds=1 investIF=0 redeemIF=0
  2026-04-17 01:49:42,323 INFO [FINALIZE_BATCH] count=2 totalSettled=187006159364 cash=562352170686
  2026-04-17 01:49:42,328 INFO [PRICE_UPDATE] old=934579986496335289 new=933925780505787855
  2026-04-17 01:49:42,328 INFO [R15] assets=7339150026867 supply=7588936455560 rate=989487213268771404 cash=562352170686 investIF=0 redeemIF=0 locked=0 gas=3257275
  2026-04-17 01:49:42,329 INFO [CASE_C] overlappingBatches start
  2026-04-17 01:49:42,329 INFO [REBALANCE] cashBefore=562352170686 cashAfter=562352170686 investIF=0 redeemIF=171781810884
  2026-04-17 01:49:42,330 INFO [REQUEST_REDEEM] user=0xddD2ba6a608a141dcE474994e742C972dF9A7f29 shares=8366132824 reqId=40 locked=8282471495
  2026-04-17 01:49:42,331 INFO [REQUEST_REDEEM] user=0x311eBd459fE99067E658b330D934201B4B992353 shares=63095997208 reqId=41 locked=70747508730
  2026-04-17 01:49:42,331 INFO [REQUEST_REDEEM] user=0x86e9ab99E2ADb977B93DE0dD7187AB821797C272 shares=187829764687 reqId=42 locked=256698975770
  2026-04-17 01:49:42,332 INFO [REQUEST_REDEEM] user=0xD9E3c5BeB4fEE5D8c49747D73c20E0ce873190Dc shares=8499729627 reqId=43 locked=265113708100
  2026-04-17 01:49:42,333 INFO [PROCESS_BATCH] count=4 totalShares=265113708100 redeemIF=171781810884
  2026-04-17 01:49:42,333 INFO [CASE_C] batch1 processed: count=4 lockedShares=265113708100
  2026-04-17 01:49:42,336 INFO [SETTLE] adapter=0x13aa49bAc059d709dd0a18D6bb63290076a702D7 investIds=0 redeemIds=1 investIF=0 redeemIF=0
  2026-04-17 01:49:42,338 INFO [FINALIZE_BATCH] count=4 totalSettled=262326624225 cash=471807357345
  2026-04-17 01:49:42,343 INFO [R16] assets=7076823402642 supply=7323822747460 rate=989487213268771404 cash=471807357345 investIF=0 redeemIF=0 locked=0 gas=4125102
  2026-04-17 01:49:42,343 INFO [CASE_D] depositDuringProcessing start
  2026-04-17 01:49:42,344 INFO [REBALANCE] cashBefore=471807357345 cashAfter=471807357345 investIF=0 redeemIF=236093961802
  2026-04-17 01:49:42,344 INFO [REQUEST_REDEEM] user=0xEf760979FA95262E4517EA7fd1c8C92F7051890e shares=141011923648 reqId=44 locked=139601804411
  2026-04-17 01:49:42,345 INFO [REQUEST_REDEEM] user=0xBD7955710A8af008dd5D86c0aa42DAa654C4510b shares=1844322560 reqId=45 locked=141427683745
  2026-04-17 01:49:42,346 INFO [REQUEST_REDEEM] user=0xd138f73424751Bc1A77EdB3bAe475b5fc348d3a1 shares=10673754541 reqId=46 locked=151994700740
  2026-04-17 01:49:42,347 INFO [REQUEST_REDEEM] user=0x6d5D4651b8a0db87D8eEb5D31Cb1a9e8c5e9E341 shares=71319935719 reqId=47 locked=222601437101
  2026-04-17 01:49:42,347 INFO [REQUEST_REDEEM] user=0xF7688502C1a0C65BC98DB90A63Ffb05870752e39 shares=39425950324 reqId=48 locked=261633127921
  2026-04-17 01:49:42,348 INFO [PROCESS_BATCH] count=5 totalShares=261633127921 redeemIF=236093961802
  2026-04-17 01:49:42,349 INFO [DEPOSIT] user=0x3eA839AE834382e481dD6371aa6A812Fa77D4a1D amt=26037005937 shares=26313635575 cash=497844363282
  2026-04-17 01:49:42,349 INFO [DEPOSIT] user=0x8CaF19Ee5CfE60eF0a7872a69Bc677330446a507 amt=45201717963 shares=45681962694 cash=543046081245
  2026-04-17 01:49:42,350 INFO [DEPOSIT] user=0x3f8fe5Af5a75d23FC149ffE1C99a1FB0F7D022A7 amt=32386854948 shares=32730948428 cash=575432936193
  2026-04-17 01:49:42,350 INFO [DEPOSIT] user=0x431401674189875efe20c2F3a7277816C0609D00 amt=22700947362 shares=22942133114 cash=598133883555
  2026-04-17 01:49:42,351 INFO [CASE_D] deposited=126326526210 during PROCESSING, lockedShares=261633127921
  2026-04-17 01:49:42,354 INFO [SETTLE] adapter=0x13aa49bAc059d709dd0a18D6bb63290076a702D7 investIds=0 redeemIds=1 investIF=0 redeemIF=0
  2026-04-17 01:49:42,356 INFO [FINALIZE_BATCH] count=5 totalSettled=258882634641 cash=575345210716
  2026-04-17 01:49:42,360 INFO [R17] assets=6944267294211 supply=7189858299350 rate=989487213268771404 cash=575345210716 investIF=0 redeemIF=0 locked=0 gas=5102103
  2026-04-17 01:49:42,361 INFO [CASE_E] syncRedeemDuringProcessing start
  2026-04-17 01:49:42,361 INFO [REBALANCE] cashBefore=575345210716 cashAfter=575345210716 investIF=0 redeemIF=0
  2026-04-17 01:49:42,362 INFO [REQUEST_REDEEM] user=0xad4EAF253F316Ce3Eb0968375F30ed5a30BFf23A shares=112000000000 reqId=49 locked=110880000000
  2026-04-17 01:49:42,363 INFO [REQUEST_REDEEM] user=0x9343B8a1ED5C863DEE9a19Eab1E0c01471F22ed1 shares=50231381902 reqId=50 locked=160609068082
  2026-04-17 01:49:42,363 INFO [REQUEST_REDEEM] user=0xBD7955710A8af008dd5D86c0aa42DAa654C4510b shares=24040442569 reqId=51 locked=184409106225
  2026-04-17 01:49:42,364 INFO [REQUEST_REDEEM] user=0x42AeC3b6E66bC2Fd72a4000585ac8832B5586E2D shares=16983191684 reqId=52 locked=201222465992
  2026-04-17 01:49:42,365 INFO [PROCESS_BATCH] count=4 totalShares=201222465992 redeemIF=0
  2026-04-17 01:49:42,365 INFO [CASE_E] PROCESSING active: freeCash=376238153594 lockedShares=201222465992
  2026-04-17 01:49:42,366 INFO [SYNC_REDEEM] user=0xEf760979FA95262E4517EA7fd1c8C92F7051890e shares=4513942898 assets=4421823890 cash=570923386826
  2026-04-17 01:49:42,367 INFO [SYNC_REDEEM] user=0xfE2eF74130E733bEd938E0C16Ab373BDE12cffe5 shares=21918219308 assets=21470919764 cash=549452467062
  2026-04-17 01:49:42,368 INFO [SYNC_REDEEM] user=0xeeA3D53cecAE6A1e2739690Dc8f1142576A151c7 shares=146491884775 assets=143502328363 cash=405950138699
  2026-04-17 01:49:42,368 INFO [CASE_E] syncRedeems during PROCESSING: done=3 skipped=0
  2026-04-17 01:49:42,372 INFO [FINALIZE_BATCH] count=4 totalSettled=199107057119 cash=206843081580
  2026-04-17 01:49:42,377 INFO [R18] assets=6575765165075 supply=6817441026848 rate=989487213268771404 cash=206843081580 investIF=0 redeemIF=0 locked=0 gas=4296824
  2026-04-17 01:49:42,377 INFO [CASE_F] rebalanceWithPendingRequests start
  2026-04-17 01:49:42,378 INFO [CASE_F] PENDING requests created: freeCash=206843081580 lockedShares=0
  2026-04-17 01:49:42,378 INFO [REBALANCE] cashBefore=206843081580 cashAfter=206843081580 investIF=0 redeemIF=450952413810
  2026-04-17 01:49:42,379 INFO [CASE_F] rebalance with PENDING: investIF=0
  2026-04-17 01:49:42,385 INFO [SETTLE] adapter=0x13aa49bAc059d709dd0a18D6bb63290076a702D7 investIds=0 redeemIds=1 investIF=0 redeemIF=0
  2026-04-17 01:49:42,390 INFO [R19] assets=6575765165075 supply=6817441026848 rate=989487213268771404 cash=657795495390 investIF=0 redeemIF=0 locked=0 gas=2690186
  2026-04-17 01:49:42,390 INFO [CASE_G] kitchenSink start
  2026-04-17 01:49:42,391 INFO [DEPOSIT] user=0xEe4BAaE26cA0aA3c95CE9094342ac1D87bd3802F amt=14715507159 shares=14871851764 cash=672511002549
  2026-04-17 01:49:42,391 INFO [DEPOSIT] user=0x317F3e8BfCC6964f3889239d65045Bfd30d3c3Ef amt=31196219674 shares=31527663274 cash=703707222223
  2026-04-17 01:49:42,392 INFO [DEPOSIT] user=0x9266938BE5A27713Bd42446f915eF5D745800f11 amt=19420138786 shares=19626467654 cash=723127361009
  2026-04-17 01:49:42,392 INFO [DEPOSIT] user=0x2F9CF0A23078050A1A30ff6Fc2D593C8102982D0 amt=13605007152 shares=13749553273 cash=736732368161
  2026-04-17 01:49:42,393 INFO [DEPOSIT] user=0x1c3870E9485deF12E2a34b9c0c3cD0641845a7a0 amt=38570225241 shares=38980013812 cash=775302593402
  2026-04-17 01:49:42,394 INFO [DEPOSIT] user=0xA9fEEd545a6B09df247B1f8C5f2620c61290cE35 amt=13115660274 shares=13255007339 cash=788418253676
  2026-04-17 01:49:42,394 INFO [DEPOSIT] user=0x61cd9823f8166E9B5bea8c7bdd1A4966F0D7DC21 amt=41069640952 shares=41505984515 cash=829487894628
  2026-04-17 01:49:42,395 INFO [DEPOSIT] user=0x5f667Cb9D803eA4DB6d020200D8D760B92bf3Ac4 amt=47582288684 shares=48087825740 cash=877070183312
  2026-04-17 01:49:42,395 INFO [DEPOSIT] user=0xEe4BAaE26cA0aA3c95CE9094342ac1D87bd3802F amt=46166083484 shares=46656574097 cash=923236266796
  2026-04-17 01:49:42,396 INFO [DEPOSIT] user=0xeE82D22aE4b20A61109381A663445b29C832051d amt=36502000886 shares=36889815650 cash=959738267682
  2026-04-17 01:49:42,397 INFO [DEPOSIT] user=0x6F8331ca48793E655C83ea77c0C6E20Cdb3bdF92 amt=12496638322 shares=12629408601 cash=972234906004
  2026-04-17 01:49:42,398 INFO [DEPOSIT] user=0xaE64cE2C3f1a8c0CC016c350a42e479a0dADe7fC amt=23292537412 shares=23540008501 cash=995527443416
  2026-04-17 01:49:42,398 INFO [REBALANCE] cashBefore=995527443416 cashAfter=691568690193 investIF=303958753223 redeemIF=0
  2026-04-17 01:49:42,401 INFO [RATE_UPDATE] old=989487213268771404 new=999382085401459118
  2026-04-17 01:49:42,402 INFO [DEPOSIT] user=0x86CCEA3b8301c0a111a41d1AFc4Ce37fEb30a29D amt=17596343382 shares=17607223142 cash=709165033575
  2026-04-17 01:49:42,403 INFO [DEPOSIT] user=0x082B6527C98E7E45A2Bd2d7F2EE302677c71400e amt=23063124595 shares=23077384447 cash=732228158170
  2026-04-17 01:49:42,403 INFO [SETTLE] adapter=0x13aa49bAc059d709dd0a18D6bb63290076a702D7 investIds=1 redeemIds=0 investIF=0 redeemIF=0
  2026-04-17 01:49:42,406 INFO [PRICE_UPDATE] old=933925780505787855 new=913939768802963995
  2026-04-17 01:49:42,417 INFO [PRICE_UPDATE] old=913939768802963995 new=894290063773700270
  2026-04-17 01:49:42,417 INFO [R20] assets=6795613714149 supply=7200647114435 rate=999382085401459118 cash=732228158170 investIF=0 redeemIF=0 locked=0 gas=6268976
  2026-04-17 01:49:42,418 INFO [CASE_A] dualInFlight start
  2026-04-17 01:49:42,418 INFO [REBALANCE] cashBefore=732228158170 cashAfter=732228158170 investIF=0 redeemIF=0
  2026-04-17 01:49:42,418 INFO [CASE_A] rebalance did not invest, settling and continuing
  2026-04-17 01:49:42,419 INFO [REQUEST_REDEEM] user=0x2AE7612ba0a0019203bD59C45B53d1728f4DAD50 shares=15893113456 reqId=53 locked=15734182321
  2026-04-17 01:49:42,420 INFO [REQUEST_REDEEM] user=0x530fb0850adaaeedb8DC79DF00fc07B516E6D503 shares=1122674488 reqId=54 locked=16845630064
  2026-04-17 01:49:42,420 INFO [REQUEST_REDEEM] user=0xcAEfd2EF290bd6A7575050D69DbF1bA3e746876C shares=71751751752 reqId=55 locked=87879864298
  2026-04-17 01:49:42,421 INFO [PROCESS_BATCH] count=3 totalShares=87879864298 redeemIF=0
  2026-04-17 01:49:42,428 INFO [FINALIZE_BATCH] count=3 totalSettled=87825562046 cash=644402596124
  2026-04-17 01:49:42,433 INFO [RATE_UPDATE] old=999382085401459118 new=1009375906255473709
  2026-04-17 01:49:42,433 INFO [R21] assets=6707788152103 supply=7113343743801 rate=1009375906255473709 cash=644402596124 investIF=0 redeemIF=0 locked=0 gas=3993177
  2026-04-17 01:49:42,434 INFO [CASE_B] rateChangeMidBatch start
  2026-04-17 01:49:42,434 INFO [REBALANCE] cashBefore=644402596124 cashAfter=644402596124 investIF=0 redeemIF=0
  2026-04-17 01:49:42,435 INFO [REQUEST_REDEEM] user=0x9343B8a1ED5C863DEE9a19Eab1E0c01471F22ed1 shares=7258225173 reqId=56 locked=7185642921
  2026-04-17 01:49:42,436 INFO [REQUEST_REDEEM] user=0x8a9f34142b79144c597762b246caf053d845412B shares=23620303262 reqId=57 locked=30569743150
  2026-04-17 01:49:42,436 INFO [PROCESS_BATCH] count=2 totalShares=30569743150 redeemIF=0
  2026-04-17 01:49:42,436 INFO [RATE_UPDATE] old=1009375906255473709 new=999282147192918971
  2026-04-17 01:49:42,437 INFO [CASE_B] rate changed during PROCESSING: before=1009375906255473709 after=999282147192918971
  2026-04-17 01:49:42,437 INFO [PRICE_UPDATE] old=894290063773700270 new=896704646945889260
  2026-04-17 01:49:42,440 INFO [FINALIZE_BATCH] count=2 totalSettled=30547798574 cash=613854797550
  2026-04-17 01:49:42,446 INFO [R22] assets=6686898686218 supply=7082862941839 rate=999282147192918971 cash=613854797550 investIF=0 redeemIF=0 locked=0 gas=2875531
  2026-04-17 01:49:42,446 INFO [CASE_C] overlappingBatches start
  2026-04-17 01:49:42,446 INFO [REBALANCE] cashBefore=613854797550 cashAfter=613854797550 investIF=0 redeemIF=0
  2026-04-17 01:49:42,447 INFO [REQUEST_REDEEM] user=0x94bA732E4ECADE4aB1baa6cCEae577E33A71105a shares=86340164862 reqId=58 locked=85476763213
  2026-04-17 01:49:42,448 INFO [REQUEST_REDEEM] user=0x01D40b8Cd71Cd17778a895e7333345B7ff518b05 shares=7015184606 reqId=59 locked=92421795972
  2026-04-17 01:49:42,449 INFO [REQUEST_REDEEM] user=0x40A53b22Be78f87A5B5D5839CAC8F1Fa6ae8DDdE shares=60036626090 reqId=60 locked=151858055801
  2026-04-17 01:49:42,449 INFO [PROCESS_BATCH] count=3 totalShares=151858055801 redeemIF=0
  2026-04-17 01:49:42,449 INFO [CASE_C] batch1 processed: count=3 lockedShares=151858055801
  2026-04-17 01:49:42,450 INFO [REQUEST_REDEEM] user=0x317F3e8BfCC6964f3889239d65045Bfd30d3c3Ef shares=24697816285 reqId=61 locked=176308893923
  2026-04-17 01:49:42,451 INFO [PROCESS_BATCH] count=1 totalShares=24450838122 redeemIF=0
  2026-04-17 01:49:42,451 INFO [CASE_C] batch2 processed: count=1 lockedShares=176308893923 TWO BATCHES PROCESSING
  2026-04-17 01:49:42,454 INFO [CASE_C] out-of-order finalize: batch2 first
  2026-04-17 01:49:42,454 INFO [FINALIZE_BATCH] count=1 totalSettled=24433286019 cash=589421511531
  2026-04-17 01:49:42,459 INFO [FINALIZE_BATCH] count=3 totalSettled=151749044068 cash=437672467463
  2026-04-17 01:49:42,464 INFO [R23] assets=6510716356131 supply=6906554047916 rate=999282147192918971 cash=437672467463 investIF=0 redeemIF=0 locked=0 gas=4673998
  2026-04-17 01:49:42,464 INFO [CASE_D] depositDuringProcessing start
  2026-04-17 01:49:42,465 INFO [REBALANCE] cashBefore=437672467463 cashAfter=437672467463 investIF=0 redeemIF=213618147033
  2026-04-17 01:49:42,465 INFO [REQUEST_REDEEM] user=0xcAEfd2EF290bd6A7575050D69DbF1bA3e746876C shares=2786207872 reqId=62 locked=2758345793
  2026-04-17 01:49:42,466 INFO [REQUEST_REDEEM] user=0xd43c90dcA27c3e5Ff51aF8AE36840a622B7D56A4 shares=18389643784 reqId=63 locked=20964093139
  2026-04-17 01:49:42,467 INFO [PROCESS_BATCH] count=2 totalShares=20964093139 redeemIF=213618147033
  2026-04-17 01:49:42,467 INFO [DEPOSIT] user=0xA60A60c2ff5CBA92406baC914d983A1Df0cE0fcF amt=36187736312 shares=36213732441 cash=473860203775
  2026-04-17 01:49:42,468 INFO [DEPOSIT] user=0x3Bf2286191E5f3C0757a74d7ee0fea7D8e2df5C8 amt=26938894509 shares=26958246561 cash=500799098284
  2026-04-17 01:49:42,468 INFO [DEPOSIT] user=0xd43c90dcA27c3e5Ff51aF8AE36840a622B7D56A4 amt=25297628750 shares=25315801769 cash=526096727034
  2026-04-17 01:49:42,469 INFO [DEPOSIT] user=0x5481DA2ac0E89b0A6CFE91df49D1A66f5461CeE4 amt=28795462519 shares=28816148271 cash=554892189553
  2026-04-17 01:49:42,470 INFO [DEPOSIT] user=0xAa44D74C81E06434B0175e523c70BB9ce4078F21 amt=47150623747 shares=47184495269 cash=602042813300
  2026-04-17 01:49:42,470 INFO [DEPOSIT] user=0xF7688502C1a0C65BC98DB90A63Ffb05870752e39 amt=48417456602 shares=48452238177 cash=650460269902
  2026-04-17 01:49:42,471 INFO [DEPOSIT] user=0xd1625DF453de411302053727B6555F33f1A2Ed89 amt=33638789818 shares=33662954864 cash=684099059720
  2026-04-17 01:49:42,471 INFO [DEPOSIT] user=0x2E076E5AB95EC8541e5f425c4a75a96378dCFcDf amt=18493754839 shares=18507040169 cash=702592814559
  2026-04-17 01:49:42,473 INFO [DEPOSIT] user=0xe1D493341593B36200543d1249da58dE0cDA4a0d amt=12009700580 shares=12018327970 cash=714602515139
  2026-04-17 01:49:42,473 INFO [DEPOSIT] user=0x2d54097251d31a377CCb7b812dc10b6daA2E1c3d amt=46089969413 shares=46123078994 cash=760692484552
  2026-04-17 01:49:42,474 INFO [DEPOSIT] user=0x6542d260b9901a36D62b582c2376acfbC64A7302 amt=42601206378 shares=42631809742 cash=803293690930
  2026-04-17 01:49:42,474 INFO [CASE_D] deposited=365621223467 during PROCESSING, lockedShares=20964093139
  2026-04-17 01:49:42,477 INFO [SETTLE] adapter=0x13aa49bAc059d709dd0a18D6bb63290076a702D7 investIds=0 redeemIds=1 investIF=0 redeemIF=0
  2026-04-17 01:49:42,478 INFO [FINALIZE_BATCH] count=2 totalSettled=20949044005 cash=995962793958
  2026-04-17 01:49:42,483 INFO [R24] assets=6855388535593 supply=7251473829004 rate=999282147192918971 cash=995962793958 investIF=0 redeemIF=0 locked=0 gas=4937858
  2026-04-17 01:49:42,483 INFO [CASE_E] syncRedeemDuringProcessing start
  2026-04-17 01:49:42,484 INFO [REBALANCE] cashBefore=995962793958 cashAfter=685757832442 investIF=310204961516 redeemIF=0
  2026-04-17 01:49:42,484 INFO [SETTLE] adapter=0x13aa49bAc059d709dd0a18D6bb63290076a702D7 investIds=1 redeemIds=0 investIF=0 redeemIF=0
  2026-04-17 01:49:42,485 INFO [REQUEST_REDEEM] user=0x50CAC51894ebCB000791C55546632CB41D738f44 shares=148000000000 reqId=64 locked=146520000000
  2026-04-17 01:49:42,485 INFO [REQUEST_REDEEM] user=0x50CAC51894ebCB000791C55546632CB41D738f44 shares=39000000000 reqId=65 locked=185130000000
  2026-04-17 01:49:42,486 INFO [REQUEST_REDEEM] user=0x01D40b8Cd71Cd17778a895e7333345B7ff518b05 shares=18192787023 reqId=66 locked=203140859152
  2026-04-17 01:49:42,487 INFO [REQUEST_REDEEM] user=0xd43c90dcA27c3e5Ff51aF8AE36840a622B7D56A4 shares=23344267975 reqId=67 locked=226251684447
  2026-04-17 01:49:42,488 INFO [PROCESS_BATCH] count=4 totalShares=226251684447 redeemIF=0
  2026-04-17 01:49:42,488 INFO [CASE_E] PROCESSING active: freeCash=459668563401 lockedShares=226251684447
  2026-04-17 01:49:42,489 INFO [SYNC_REDEEM] user=0xcAEfd2EF290bd6A7575050D69DbF1bA3e746876C shares=16722977741 assets=16543863372 cash=669213969070
  2026-04-17 01:49:42,490 INFO [SYNC_REDEEM] user=0xf068d5D7282e393a851Cb6dAE18379FffBF5e79F shares=53493068304 assets=52920121472 cash=616293847598
  2026-04-17 01:49:42,490 INFO [CASE_E] syncRedeems during PROCESSING: done=2 skipped=0
  2026-04-17 01:49:42,494 INFO [FINALIZE_BATCH] count=4 totalSettled=226089269039 cash=390204578559
  2026-04-17 01:49:42,498 INFO [PRICE_UPDATE] old=896704646945889260 new=890069032558489680
  2026-04-17 01:49:42,499 INFO [R25] assets=6533292824160 supply=6955708258974 rate=999282147192918971 cash=390204578559 investIF=0 redeemIF=0 locked=0 gas=4532207
  2026-04-17 01:49:42,499 INFO [CASE_F] rebalanceWithPendingRequests start
  2026-04-17 01:49:42,500 INFO [REQUEST_REDEEM] user=0x61cd9823f8166E9B5bea8c7bdd1A4966F0D7DC21 shares=526318123 reqId=68 locked=521054941
  2026-04-17 01:49:42,501 INFO [REQUEST_REDEEM] user=0x1c3870E9485deF12E2a34b9c0c3cD0641845a7a0 shares=3681489883 reqId=69 locked=4165729925
  2026-04-17 01:49:42,501 INFO [REQUEST_REDEEM] user=0xEf760979FA95262E4517EA7fd1c8C92F7051890e shares=15347234573 reqId=70 locked=19359492152
  2026-04-17 01:49:42,502 INFO [CASE_F] PENDING requests created: freeCash=370858983672 lockedShares=19359492152
  2026-04-17 01:49:42,503 INFO [REBALANCE] cashBefore=390204578559 cashAfter=390204578559 investIF=0 redeemIF=282689277627
  2026-04-17 01:49:42,503 INFO [CASE_F] rebalance with PENDING: investIF=0
  2026-04-17 01:49:42,506 INFO [PROCESS_BATCH] count=3 totalShares=19359492152 redeemIF=282689277627
  2026-04-17 01:49:42,510 INFO [SETTLE] adapter=0x13aa49bAc059d709dd0a18D6bb63290076a702D7 investIds=0 redeemIds=1 investIF=0 redeemIF=0
  2026-04-17 01:49:42,510 INFO [FINALIZE_BATCH] count=3 totalSettled=19345594885 cash=653548261301
  2026-04-17 01:49:42,515 INFO [R26] assets=6513947229275 supply=6936348766822 rate=999282147192918971 cash=653548261301 investIF=0 redeemIF=0 locked=0 gas=4316647
  2026-04-17 01:49:42,516 INFO [CASE_G] kitchenSink start
  2026-04-17 01:49:42,516 INFO [DEPOSIT] user=0x0EA0370A61D315c9Ce3DFc250cE70edE1bb83CE6 amt=34321361580 shares=34346016964 cash=687869622881
  2026-04-17 01:49:42,517 INFO [DEPOSIT] user=0x9a523Af0C6a5112B3D1748a0aA1b27144C61047d amt=33390151213 shares=33414137645 cash=721259774094
  2026-04-17 01:49:42,518 INFO [DEPOSIT] user=0xad4EAF253F316Ce3Eb0968375F30ed5a30BFf23A amt=32482801602 shares=32506136223 cash=753742575696
  2026-04-17 01:49:42,518 INFO [DEPOSIT] user=0x912Ea8612240293A755b99df19e02dEb4F7fb452 amt=20427726776 shares=20442401411 cash=774170302472
  2026-04-17 01:49:42,519 INFO [DEPOSIT] user=0x2E076E5AB95EC8541e5f425c4a75a96378dCFcDf amt=41305057738 shares=41334729989 cash=815475360210
  2026-04-17 01:49:42,520 INFO [DEPOSIT] user=0x2fA646022e29392980eA33f6c6c770c93FEC9d0B amt=46272493706 shares=46305734407 cash=861747853916
  2026-04-17 01:49:42,520 INFO [DEPOSIT] user=0x20808285aFD84b33931676D91DfA330686c55107 amt=40519281291 shares=40548389065 cash=902267135207
  2026-04-17 01:49:42,521 INFO [DEPOSIT] user=0xddD2ba6a608a141dcE474994e742C972dF9A7f29 amt=18163403445 shares=18176451461 cash=920430538652
  2026-04-17 01:49:42,521 INFO [DEPOSIT] user=0x41028B966f0A5514cA9Cc57348ce75eEaee726d7 amt=26346896086 shares=26365822865 cash=946777434738
  2026-04-17 01:49:42,522 INFO [DEPOSIT] user=0x6C4cF0D2a5c23ca8Bc04901c8cFB3fB4b17219C6 amt=35342520548 shares=35367909501 cash=982119955286
  2026-04-17 01:49:42,523 INFO [DEPOSIT] user=0x6C4cF0D2a5c23ca8Bc04901c8cFB3fB4b17219C6 amt=22323158528 shares=22339194781 cash=1004443113814
  2026-04-17 01:49:42,523 INFO [REBALANCE] cashBefore=1004443113814 cashAfter=686703187062 investIF=317739926752 redeemIF=0
  2026-04-17 01:49:42,524 INFO [REQUEST_REDEEM] user=0xF3EfC633b38e70446E357e124D3004fD706783ac shares=184431872 reqId=71 locked=182587553
  2026-04-17 01:49:42,524 INFO [REQUEST_REDEEM] user=0x74cb8CaDB78A2e1956B76ebb4f62aFD7C6A9CB70 shares=106139701401 reqId=72 locked=105260891939
  2026-04-17 01:49:42,525 INFO [REQUEST_REDEEM] user=0x9651c9eB1725dce10CF5E50B8C14187f87C433c6 shares=41156296470 reqId=73 locked=146005625444
  2026-04-17 01:49:42,526 INFO [REQUEST_REDEEM] user=0x2fA646022e29392980eA33f6c6c770c93FEC9d0B shares=6850005610 reqId=74 locked=152787130997
  2026-04-17 01:49:42,526 INFO [REQUEST_REDEEM] user=0xd43c90dcA27c3e5Ff51aF8AE36840a622B7D56A4 shares=5466934189 reqId=75 locked=158199395844
  2026-04-17 01:49:42,527 INFO [REQUEST_REDEEM] user=0x431401674189875efe20c2F3a7277816C0609D00 shares=37199048868 reqId=76 locked=195026454223
  2026-04-17 01:49:42,528 INFO [PROCESS_BATCH] count=6 totalShares=195026454223 redeemIF=0
  2026-04-17 01:49:42,531 INFO [RATE_UPDATE] old=999282147192918971 new=989289325720989781
  2026-04-17 01:49:42,532 INFO [DEPOSIT] user=0x3A509c55A1282b1d963bb5C0B4D77c51043D60A0 amt=12534258416 shares=12669962254 cash=699237445478
  2026-04-17 01:49:42,532 INFO [DEPOSIT] user=0x5879d381b631c7Bea9a6Dfe535b58208622B56F9 amt=22192602265 shares=22432873465 cash=721430047743
  2026-04-17 01:49:42,533 INFO [DEPOSIT] user=0x71Db413f4bE769D5952d90bDd76bBEe104918160 amt=18575736838 shares=18776849557 cash=740005784581
  2026-04-17 01:49:42,534 INFO [DEPOSIT] user=0xd6BBac51C4429FD27db952924cE8a296d3859DF0 amt=14857913015 shares=15018774213 cash=754863697596
  2026-04-17 01:49:42,534 INFO [DEPOSIT] user=0x31cDa1195747cdEc968E6e77A2D11c468Fe25F2f amt=22586449792 shares=22830985036 cash=777450147388
  2026-04-17 01:49:42,535 INFO [DEPOSIT] user=0x47AFcfC1138113a6D02ae36a4F49881c65c12A52 amt=20132445944 shares=20350412584 cash=797582593332
  2026-04-17 01:49:42,535 INFO [DEPOSIT] user=0xa77FC8B8d7222126d8834f7Dd3b78c62A944940f amt=23700744295 shares=23957343598 cash=821283337627
  2026-04-17 01:49:42,536 INFO [DEPOSIT] user=0xAa44D74C81E06434B0175e523c70BB9ce4078F21 amt=25721182450 shares=25999656299 cash=847004520077
  2026-04-17 01:49:42,537 INFO [DEPOSIT] user=0x47AFcfC1138113a6D02ae36a4F49881c65c12A52 amt=24398592611 shares=24662747263 cash=871403112688
  2026-04-17 01:49:42,537 INFO [SYNC_REDEEM] user=0x6C4cF0D2a5c23ca8Bc04901c8cFB3fB4b17219C6 shares=8353711307 assets=8181595051 cash=863221517637
  2026-04-17 01:49:42,538 INFO [SYNC_REDEEM] user=0x94bA732E4ECADE4aB1baa6cCEae577E33A71105a shares=17067632913 assets=16715978785 cash=846505538852
  2026-04-17 01:49:42,539 INFO [SYNC_REDEEM] user=0x6d5D4651b8a0db87D8eEb5D31Cb1a9e8c5e9E341 shares=62203465534 assets=60921852230 cash=785583686622
  2026-04-17 01:49:42,539 INFO [SETTLE] adapter=0x13aa49bAc059d709dd0a18D6bb63290076a702D7 investIds=1 redeemIds=0 investIF=0 redeemIF=0
  2026-04-17 01:49:42,545 INFO [REQUEST_REDEEM] user=0xD9E3c5BeB4fEE5D8c49747D73c20E0ce873190Dc shares=161536209838 reqId=77 locked=354947301962
  2026-04-17 01:49:42,546 INFO [REQUEST_REDEEM] user=0x5f667Cb9D803eA4DB6d020200D8D760B92bf3Ac4 shares=45665829437 reqId=78 locked=400156473104
  2026-04-17 01:49:42,546 INFO [PROCESS_BATCH] count=2 totalShares=205130018881 redeemIF=0
  2026-04-17 01:49:42,546 INFO [CASE_G] TWO BATCHES PROCESSING: batch1=6 batch2=2
  2026-04-17 01:49:42,547 INFO [PRICE_UPDATE] old=890069032558489680 new=859984699258012729
  2026-04-17 01:49:42,550 INFO [FINALIZE_BATCH] count=2 totalSettled=202932938063 cash=582650748559
  2026-04-17 01:49:42,554 INFO [FINALIZE_BATCH] count=6 totalSettled=192937589393 cash=389713159166
  2026-04-17 01:49:42,563 INFO [R27] assets=6437982522889 supply=6988478815074 rate=989289325720989781 cash=389713159166 investIF=0 redeemIF=0 locked=0 gas=12695422
  2026-04-17 01:49:42,563 INFO [CASE_A] dualInFlight start
  2026-04-17 01:49:42,564 INFO [REBALANCE] cashBefore=389713159166 cashAfter=389713159166 investIF=0 redeemIF=255257291786
  2026-04-17 01:49:42,564 INFO [CASE_A] rebalance did not invest, settling and continuing
  2026-04-17 01:49:42,565 INFO [REQUEST_REDEEM] user=0x9a523Af0C6a5112B3D1748a0aA1b27144C61047d shares=25140116434 reqId=79 locked=24888715269
  2026-04-17 01:49:42,566 INFO [REQUEST_REDEEM] user=0xe1D493341593B36200543d1249da58dE0cDA4a0d shares=8975170237 reqId=80 locked=33774133803
  2026-04-17 01:49:42,566 INFO [REQUEST_REDEEM] user=0xC9e87755ff8f4F682d8665f2dEA24f5FdE78369e shares=198012976851 reqId=81 locked=229806980885
  2026-04-17 01:49:42,567 INFO [REQUEST_REDEEM] user=0x0daFA9531B5eC001011785DbF809f20Ba0Da8722 shares=167280053775 reqId=82 locked=395414234122
  2026-04-17 01:49:42,568 INFO [REQUEST_REDEEM] user=0x2fA646022e29392980eA33f6c6c770c93FEC9d0B shares=11076908220 reqId=83 locked=406380373259
  2026-04-17 01:49:42,569 INFO [PROCESS_BATCH] count=5 totalShares=406380373259 redeemIF=402027765445
  2026-04-17 01:49:42,575 INFO [SETTLE] adapter=0x13aa49bAc059d709dd0a18D6bb63290076a702D7 investIds=0 redeemIds=2 investIF=0 redeemIF=0
  2026-04-17 01:49:42,576 INFO [FINALIZE_BATCH] count=5 totalSettled=402027765445 cash=389713159166
  2026-04-17 01:49:42,582 INFO [RATE_UPDATE] old=989289325720989781 new=981375011115221863
  2026-04-17 01:49:42,582 INFO [R28] assets=6035954757444 supply=6582631924483 rate=981375011115221863 cash=389713159166 investIF=0 redeemIF=0 locked=0 gas=5759836
  2026-04-17 01:49:42,583 INFO [CASE_B] rateChangeMidBatch start
  2026-04-17 01:49:42,583 INFO [REBALANCE] cashBefore=389713159166 cashAfter=389713159166 investIF=0 redeemIF=215054515242
  2026-04-17 01:49:42,584 INFO [REQUEST_REDEEM] user=0xd138f73424751Bc1A77EdB3bAe475b5fc348d3a1 shares=46837174130 reqId=84 locked=46368802388
  2026-04-17 01:49:42,585 INFO [PROCESS_BATCH] count=1 totalShares=46368802388 redeemIF=215054515242
  2026-04-17 01:49:42,585 INFO [RATE_UPDATE] old=981375011115221863 new=971561261004069644
  2026-04-17 01:49:42,585 INFO [CASE_B] rate changed during PROCESSING: before=981375011115221863 after=971561261004069644
  2026-04-17 01:49:42,585 INFO [PRICE_UPDATE] old=859984699258012729 new=895760062747146058
  2026-04-17 01:49:42,589 INFO [SETTLE] adapter=0x13aa49bAc059d709dd0a18D6bb63290076a702D7 investIds=0 redeemIds=1 investIF=0 redeemIF=0
  2026-04-17 01:49:42,589 INFO [FINALIZE_BATCH] count=1 totalSettled=45050132119 cash=559717542289
  2026-04-17 01:49:42,594 INFO [R29] assets=6134006079281 supply=6536345200531 rate=971561261004069644 cash=559717542289 investIF=0 redeemIF=0 locked=0 gas=2894967
  2026-04-17 01:49:42,595 INFO [CASE_C] overlappingBatches start
  2026-04-17 01:49:42,595 INFO [REBALANCE] cashBefore=559717542289 cashAfter=559717542289 investIF=0 redeemIF=0
  2026-04-17 01:49:42,596 INFO [REQUEST_REDEEM] user=0xd138f73424751Bc1A77EdB3bAe475b5fc348d3a1 shares=15625736516 reqId=85 locked=15469479150
  2026-04-17 01:49:42,598 INFO [REQUEST_REDEEM] user=0x2d54097251d31a377CCb7b812dc10b6daA2E1c3d shares=8710235454 reqId=86 locked=24092612249
  2026-04-17 01:49:42,599 INFO [PROCESS_BATCH] count=2 totalShares=24092612249 redeemIF=0
  2026-04-17 01:49:42,599 INFO [CASE_C] batch1 processed: count=2 lockedShares=24092612249
  2026-04-17 01:49:42,599 INFO [REQUEST_REDEEM] user=0x6C4cF0D2a5c23ca8Bc04901c8cFB3fB4b17219C6 shares=43072559542 reqId=87 locked=66734446195
  2026-04-17 01:49:42,600 INFO [PROCESS_BATCH] count=1 totalShares=42641833946 redeemIF=0
  2026-04-17 01:49:42,600 INFO [CASE_C] batch2 processed: count=1 lockedShares=66734446195 TWO BATCHES PROCESSING
  2026-04-17 01:49:42,604 INFO [FINALIZE_BATCH] count=2 totalSettled=23407448737 cash=536310093552
  2026-04-17 01:49:42,607 INFO [FINALIZE_BATCH] count=1 totalSettled=41429153960 cash=494880939592
  2026-04-17 01:49:42,612 INFO [PRICE_UPDATE] old=895760062747146058 new=928724033056241032
  2026-04-17 01:49:42,612 INFO [R30] assets=6201025357820 supply=6469610754336 rate=971561261004069644 cash=494880939592 investIF=0 redeemIF=0 locked=0 gas=4226272
  2026-04-17 01:49:42,613 INFO [CASE_D] depositDuringProcessing start
  2026-04-17 01:49:42,613 INFO [REBALANCE] cashBefore=494880939592 cashAfter=494880939592 investIF=0 redeemIF=126393794853
  2026-04-17 01:49:42,614 INFO [REQUEST_REDEEM] user=0x530fb0850adaaeedb8DC79DF00fc07B516E6D503 shares=160560384175 reqId=88 locked=158954780333
  2026-04-17 01:49:42,615 INFO [REQUEST_REDEEM] user=0x01D40b8Cd71Cd17778a895e7333345B7ff518b05 shares=12772401076 reqId=89 locked=171599457398
  2026-04-17 01:49:42,615 INFO [REQUEST_REDEEM] user=0xe1A7C1029e75c8d767876d1b88Ea770Ee1731474 shares=743513966 reqId=90 locked=172335536224
  2026-04-17 01:49:42,616 INFO [REQUEST_REDEEM] user=0x912Ea8612240293A755b99df19e02dEb4F7fb452 shares=12749725579 reqId=91 locked=184957764547
  2026-04-17 01:49:42,617 INFO [REQUEST_REDEEM] user=0x6F8331ca48793E655C83ea77c0C6E20Cdb3bdF92 shares=2333232223 reqId=92 locked=187267664447
  2026-04-17 01:49:42,617 INFO [PROCESS_BATCH] count=5 totalShares=187267664447 redeemIF=126393794853
  2026-04-17 01:49:42,618 INFO [DEPOSIT] user=0xA9fEEd545a6B09df247B1f8C5f2620c61290cE35 amt=32028925083 shares=32966449331 cash=526909864675
  2026-04-17 01:49:42,619 INFO [DEPOSIT] user=0x4a3D85077FcF8CeC728aab20BBD4D15b9b909BCe amt=39632384862 shares=40792471306 cash=566542249537
  2026-04-17 01:49:42,619 INFO [DEPOSIT] user=0x14871Dfacbec93bb458836af97B2fe3F8A8eEC95 amt=21015315889 shares=21630458862 cash=587557565426
  2026-04-17 01:49:42,620 INFO [DEPOSIT] user=0xddD2ba6a608a141dcE474994e742C972dF9A7f29 amt=23572130392 shares=24262114328 cash=611129695818
  2026-04-17 01:49:42,620 INFO [DEPOSIT] user=0xc9dE71BBA301aC7bFEFEbfD4d6F03172732F5Ea6 amt=40602342970 shares=41790821227 cash=651732038788
  2026-04-17 01:49:42,621 INFO [DEPOSIT] user=0x8CaF19Ee5CfE60eF0a7872a69Bc677330446a507 amt=18576550544 shares=19120307992 cash=670308589332
  2026-04-17 01:49:42,622 INFO [DEPOSIT] user=0xD6E9Cde0fB5eE2e1b0d82334c5B937744e13a941 amt=31704135331 shares=32632152601 cash=702012724663
  2026-04-17 01:49:42,622 INFO [CASE_D] deposited=207131785071 during PROCESSING, lockedShares=187267664447
  2026-04-17 01:49:42,626 INFO [SETTLE] adapter=0x13aa49bAc059d709dd0a18D6bb63290076a702D7 investIds=0 redeemIds=1 investIF=0 redeemIF=0
  2026-04-17 01:49:42,627 INFO [FINALIZE_BATCH] count=5 totalSettled=181942008213 cash=646464511303
  2026-04-17 01:49:42,632 INFO [R31] assets=6226215134678 supply=6495537865536 rate=971561261004069644 cash=646464511303 investIF=0 redeemIF=0 locked=0 gas=5810687
  2026-04-17 01:49:42,632 INFO [CASE_E] syncRedeemDuringProcessing start
  2026-04-17 01:49:42,633 INFO [REBALANCE] cashBefore=646464511303 cashAfter=646464511303 investIF=0 redeemIF=0
  2026-04-17 01:49:42,633 INFO [REQUEST_REDEEM] user=0x082B6527C98E7E45A2Bd2d7F2EE302677c71400e shares=16846490646 reqId=93 locked=16678025739
  2026-04-17 01:49:42,634 INFO [REQUEST_REDEEM] user=0x47fb981641F67d9e4b06A870ea0272c8B376Bf0d shares=150000000000 reqId=94 locked=165178025739
  2026-04-17 01:49:42,635 INFO [REQUEST_REDEEM] user=0xA60A60c2ff5CBA92406baC914d983A1Df0cE0fcF shares=23176788762 reqId=95 locked=188123046613
  2026-04-17 01:49:42,635 INFO [REQUEST_REDEEM] user=0xF7688502C1a0C65BC98DB90A63Ffb05870752e39 shares=41696017172 reqId=96 locked=229402103613
  2026-04-17 01:49:42,636 INFO [PROCESS_BATCH] count=4 totalShares=229402103613 redeemIF=0
  2026-04-17 01:49:42,636 INFO [CASE_E] PROCESSING active: freeCash=423586314239 lockedShares=229402103613
  2026-04-17 01:49:42,637 INFO [SYNC_REDEEM] user=0x3eA839AE834382e481dD6371aa6A812Fa77D4a1D shares=20682993905 assets=19893847682 cash=626570663621
  2026-04-17 01:49:42,638 INFO [SYNC_REDEEM] user=0xe1D493341593B36200543d1249da58dE0cDA4a0d shares=2394915355 assets=2303538912 cash=624267124709
  2026-04-17 01:49:42,639 INFO [SYNC_REDEEM] user=0xAa44D74C81E06434B0175e523c70BB9ce4078F21 shares=37864624549 assets=36419924350 cash=587847200359
  2026-04-17 01:49:42,640 INFO [SYNC_REDEEM] user=0x530fb0850adaaeedb8DC79DF00fc07B516E6D503 shares=31452729271 assets=30252670778 cash=557594529581
  2026-04-17 01:49:42,640 INFO [CASE_E] syncRedeems during PROCESSING: done=4 skipped=0
  2026-04-17 01:49:42,644 INFO [FINALIZE_BATCH] count=4 totalSettled=222878197062 cash=334716332519
  2026-04-17 01:49:42,649 INFO [R32] assets=5914466955894 supply=6174664451476 rate=971561261004069644 cash=334716332519 investIF=0 redeemIF=0 locked=0 gas=4636928
  2026-04-17 01:49:42,649 INFO [CASE_F] rebalanceWithPendingRequests start
  2026-04-17 01:49:42,650 INFO [REQUEST_REDEEM] user=0x50CAC51894ebCB000791C55546632CB41D738f44 shares=2408570111 reqId=97 locked=2384484409
  2026-04-17 01:49:42,650 INFO [REQUEST_REDEEM] user=0xc9dE71BBA301aC7bFEFEbfD4d6F03172732F5Ea6 shares=19142532479 reqId=98 locked=21335591563
  2026-04-17 01:49:42,651 INFO [REQUEST_REDEEM] user=0x5879d381b631c7Bea9a6Dfe535b58208622B56F9 shares=1580086568 reqId=99 locked=22899877265
  2026-04-17 01:49:42,652 INFO [REQUEST_REDEEM] user=0x530fb0850adaaeedb8DC79DF00fc07B516E6D503 shares=1908482558 reqId=100 locked=24789274997
  2026-04-17 01:49:42,653 INFO [REQUEST_REDEEM] user=0x47AFcfC1138113a6D02ae36a4F49881c65c12A52 shares=455559597 reqId=101 locked=25240278998
  2026-04-17 01:49:42,653 INFO [CASE_F] PENDING requests created: freeCash=310193855227 lockedShares=25240278998
  2026-04-17 01:49:42,654 INFO [REBALANCE] cashBefore=334716332519 cashAfter=334716332519 investIF=0 redeemIF=282425039026
  2026-04-17 01:49:42,654 INFO [CASE_F] rebalance with PENDING: investIF=0
  2026-04-17 01:49:42,658 INFO [PROCESS_BATCH] count=5 totalShares=25240278998 redeemIF=282425039026
  2026-04-17 01:49:42,661 INFO [SETTLE] adapter=0x13aa49bAc059d709dd0a18D6bb63290076a702D7 investIds=0 redeemIds=1 investIF=0 redeemIF=0
  2026-04-17 01:49:42,662 INFO [FINALIZE_BATCH] count=5 totalSettled=24522477289 cash=592618894256
  2026-04-17 01:49:42,667 INFO [R33] assets=5889944478605 supply=6149424172478 rate=971561261004069644 cash=592618894256 investIF=0 redeemIF=0 locked=0 gas=5323835
  2026-04-17 01:49:42,668 INFO [CASE_G] kitchenSink start
  2026-04-17 01:49:42,668 INFO [DEPOSIT] user=0x44F7f8bD427cB0Bc2dAF8757401F13662BAa9EB1 amt=34310154090 shares=35314452589 cash=626929048346
  2026-04-17 01:49:42,669 INFO [DEPOSIT] user=0x2AC7a9521BCf633f450C89A5C8f906feC13A4A7B amt=21213221423 shares=21834157324 cash=648142269769
  2026-04-17 01:49:42,670 INFO [DEPOSIT] user=0xa77FC8B8d7222126d8834f7Dd3b78c62A944940f amt=49624859540 shares=51077437452 cash=697767129309
  2026-04-17 01:49:42,670 INFO [DEPOSIT] user=0x470DE5fb2c829bdA1a715dc07c28B45303BecDB4 amt=32958669747 shares=33923408713 cash=730725799056
  2026-04-17 01:49:42,671 INFO [DEPOSIT] user=0x4A889C12350C8A46f3AC1f82cC21206dbeCacb4f amt=36705144689 shares=37779547376 cash=767430943745
  2026-04-17 01:49:42,671 INFO [DEPOSIT] user=0x7A6A3586585234b0fa0D935D76ec3E4a3f2bFc4b amt=13224936192 shares=13612045604 cash=780655879937
  2026-04-17 01:49:42,672 INFO [DEPOSIT] user=0x8CaF19Ee5CfE60eF0a7872a69Bc677330446a507 amt=26630860003 shares=27410376547 cash=807286739940
  2026-04-17 01:49:42,673 INFO [DEPOSIT] user=0x3eA839AE834382e481dD6371aa6A812Fa77D4a1D amt=23282344396 shares=23963845956 cash=830569084336
  2026-04-17 01:49:42,673 INFO [DEPOSIT] user=0x47fb981641F67d9e4b06A870ea0272c8B376Bf0d amt=19108171408 shares=19667490023 cash=849677255744
  2026-04-17 01:49:42,674 INFO [REBALANCE] cashBefore=849677255744 cashAfter=615872482672 investIF=233804773072 redeemIF=0
  2026-04-17 01:49:42,674 INFO [REQUEST_REDEEM] user=0xa77FC8B8d7222126d8834f7Dd3b78c62A944940f shares=73296345695 reqId=102 locked=72563382238
  2026-04-17 01:49:42,675 INFO [REQUEST_REDEEM] user=0x431401674189875efe20c2F3a7277816C0609D00 shares=4591492711 reqId=103 locked=77108960021
  2026-04-17 01:49:42,676 INFO [REQUEST_REDEEM] user=0xF3EfC633b38e70446E357e124D3004fD706783ac shares=786036507 reqId=104 locked=77887136162
  2026-04-17 01:49:42,676 INFO [REQUEST_REDEEM] user=0x6d5D4651b8a0db87D8eEb5D31Cb1a9e8c5e9E341 shares=51721418452 reqId=105 locked=129091340429
  2026-04-17 01:49:42,677 INFO [REQUEST_REDEEM] user=0x71Db413f4bE769D5952d90bDd76bBEe104918160 shares=2040324604 reqId=106 locked=131111261786
  2026-04-17 01:49:42,678 INFO [PROCESS_BATCH] count=5 totalShares=131111261786 redeemIF=0
  2026-04-17 01:49:42,681 INFO [RATE_UPDATE] old=971561261004069644 new=963302990285535053
  2026-04-17 01:49:42,682 INFO [DEPOSIT] user=0x3F5085F6b9cf7BC6a3b7Be66F852b89cEBc66E4d amt=19112751727 shares=19840851652 cash=634985234399
  2026-04-17 01:49:42,683 INFO [DEPOSIT] user=0x18c2d25B5Ab8A74D8BDff608315C7083dfA35512 amt=23262376898 shares=24148556718 cash=658247611297
  2026-04-17 01:49:42,683 INFO [DEPOSIT] user=0xe9A4211c151dffd08614f4B8cD5898f2d3EfD108 amt=25126095380 shares=26083273521 cash=683373706677
  2026-04-17 01:49:42,684 INFO [DEPOSIT] user=0x31000Bc1aC0f45CD71E7E9c8e11AEc0564B5f4B5 amt=27335425552 shares=28376768086 cash=710709132229
  2026-04-17 01:49:42,685 INFO [DEPOSIT] user=0x3A509c55A1282b1d963bb5C0B4D77c51043D60A0 amt=19750183086 shares=20502565947 cash=730459315315
  2026-04-17 01:49:42,685 INFO [SYNC_REDEEM] user=0x47AFcfC1138113a6D02ae36a4F49881c65c12A52 shares=1731186643 assets=1650980696 cash=728808334619
  2026-04-17 01:49:42,686 INFO [SETTLE] adapter=0x13aa49bAc059d709dd0a18D6bb63290076a702D7 investIds=1 redeemIds=0 investIF=0 redeemIF=0
  2026-04-17 01:49:42,690 INFO [REQUEST_REDEEM] user=0x3f8fe5Af5a75d23FC149ffE1C99a1FB0F7D022A7 shares=8464735613 reqId=107 locked=139491350042
  2026-04-17 01:49:42,690 INFO [PROCESS_BATCH] count=1 totalShares=8380088256 redeemIF=0
  2026-04-17 01:49:42,690 INFO [CASE_G] TWO BATCHES PROCESSING: batch1=5 batch2=1
  2026-04-17 01:49:42,690 INFO [PRICE_UPDATE] old=928724033056241032 new=957142988467762007
  2026-04-17 01:49:42,694 INFO [FINALIZE_BATCH] count=1 totalSettled=8072564075 cash=720735770544
  2026-04-17 01:49:42,698 INFO [FINALIZE_BATCH] count=5 totalSettled=126299870536 cash=594435900008
  2026-04-17 01:49:42,706 INFO [R34] assets=6239242079076 supply=6392808052678 rate=963302990285535053 cash=594435900008 investIF=0 redeemIF=0 locked=0 gas=10684245
  2026-04-17 01:49:42,706 INFO [CASE_A] dualInFlight start
  2026-04-17 01:49:42,707 INFO [REBALANCE] cashBefore=594435900008 cashAfter=594435900008 investIF=0 redeemIF=0
  2026-04-17 01:49:42,707 INFO [CASE_A] rebalance did not invest, settling and continuing
  2026-04-17 01:49:42,708 INFO [REQUEST_REDEEM] user=0x42AeC3b6E66bC2Fd72a4000585ac8832B5586E2D shares=4235036501 reqId=108 locked=4192686135
  2026-04-17 01:49:42,708 INFO [REQUEST_REDEEM] user=0x14871Dfacbec93bb458836af97B2fe3F8A8eEC95 shares=6499092895 reqId=109 locked=10626788101
  2026-04-17 01:49:42,709 INFO [REQUEST_REDEEM] user=0x71Db413f4bE769D5952d90bDd76bBEe104918160 shares=16629925019 reqId=110 locked=27090413869
  2026-04-17 01:49:42,709 INFO [PROCESS_BATCH] count=3 totalShares=27090413869 redeemIF=0
  2026-04-17 01:49:42,716 INFO [FINALIZE_BATCH] count=3 totalSettled=26096276687 cash=568339623321
  2026-04-17 01:49:42,721 INFO [RATE_UPDATE] old=963302990285535053 new=972936020188390403
  2026-04-17 01:49:42,721 INFO [PRICE_UPDATE] old=957142988467762007 new=932831556560680853
  2026-04-17 01:49:42,722 INFO [R35] assets=6115900074760 supply=6366226870929 rate=972936020188390403 cash=568339623321 investIF=0 redeemIF=0 locked=0 gas=4149010
  2026-04-17 01:49:42,722 INFO [CASE_B] rateChangeMidBatch start
  2026-04-17 01:49:42,723 INFO [REBALANCE] cashBefore=568339623321 cashAfter=568339623321 investIF=0 redeemIF=0
  2026-04-17 01:49:42,724 INFO [REQUEST_REDEEM] user=0x4a3D85077FcF8CeC728aab20BBD4D15b9b909BCe shares=35764224211 reqId=111 locked=35406581968
  2026-04-17 01:49:42,724 INFO [REQUEST_REDEEM] user=0x5f667Cb9D803eA4DB6d020200D8D760B92bf3Ac4 shares=66296979370 reqId=112 locked=101040591544
  2026-04-17 01:49:42,725 INFO [PROCESS_BATCH] count=2 totalShares=101040591544 redeemIF=0
  2026-04-17 01:49:42,725 INFO [RATE_UPDATE] old=972936020188390403 new=963206659986506498
  2026-04-17 01:49:42,725 INFO [CASE_B] rate changed during PROCESSING: before=972936020188390403 after=963206659986506498
  2026-04-17 01:49:42,726 INFO [PRICE_UPDATE] old=932831556560680853 new=919398782146207049
  2026-04-17 01:49:42,730 INFO [FINALIZE_BATCH] count=2 totalSettled=97322970703 cash=471016652618
  2026-04-17 01:49:42,734 INFO [R36] assets=5964846006399 supply=6265264953802 rate=963206659986506498 cash=471016652618 investIF=0 redeemIF=0 locked=0 gas=3019140
  2026-04-17 01:49:42,735 INFO [CASE_C] overlappingBatches start
  2026-04-17 01:49:42,735 INFO [REBALANCE] cashBefore=471016652618 cashAfter=471016652618 investIF=0 redeemIF=126640146685
  2026-04-17 01:49:42,736 INFO [REQUEST_REDEEM] user=0x9651c9eB1725dce10CF5E50B8C14187f87C433c6 shares=1279337295 reqId=113 locked=1266543922
  2026-04-17 01:49:42,737 INFO [REQUEST_REDEEM] user=0xFBc0bf15bE9863A65707b6890f6c3D9Cf8f2CeCf shares=124646068925 reqId=114 locked=124666152157
  2026-04-17 01:49:42,737 INFO [REQUEST_REDEEM] user=0x2AC7a9521BCf633f450C89A5C8f906feC13A4A7B shares=14942910565 reqId=115 locked=139459633616
  2026-04-17 01:49:42,738 INFO [REQUEST_REDEEM] user=0x2E076E5AB95EC8541e5f425c4a75a96378dCFcDf shares=222379801458 reqId=116 locked=359615637059
  2026-04-17 01:49:42,739 INFO [REQUEST_REDEEM] user=0x5C6Dc9658722E12d878Ecb0531365adc92A9E7EE shares=142319923754 reqId=117 locked=500512361575
  2026-04-17 01:49:42,739 INFO [REQUEST_REDEEM] user=0x3Bf2286191E5f3C0757a74d7ee0fea7D8e2df5C8 shares=137802013030 reqId=118 locked=636936354474
  2026-04-17 01:49:42,740 INFO [REQUEST_REDEEM] user=0x5f667Cb9D803eA4DB6d020200D8D760B92bf3Ac4 shares=48283493404 reqId=119 locked=684737012943
  2026-04-17 01:49:42,741 INFO [REQUEST_REDEEM] user=0x18B9f376dB8a8168F153fcB2809B9125A904cA1F shares=173047100791 reqId=120 locked=856053642726
  2026-04-17 01:49:42,742 INFO [PROCESS_BATCH] count=8 totalShares=856053642726 redeemIF=824556569976
  2026-04-17 01:49:42,742 INFO [CASE_C] batch1 processed: count=8 lockedShares=856053642726
  2026-04-17 01:49:42,746 INFO [SETTLE] adapter=0x13aa49bAc059d709dd0a18D6bb63290076a702D7 investIds=0 redeemIds=2 investIF=0 redeemIF=0
  2026-04-17 01:49:42,748 INFO [FINALIZE_BATCH] count=8 totalSettled=824556569976 cash=471016652618
  2026-04-17 01:49:42,753 INFO [R37] assets=5140289436423 supply=5409211311076 rate=963206659986506498 cash=471016652618 investIF=0 redeemIF=0 locked=0 gas=6604575
  2026-04-17 01:49:42,753 INFO [CASE_D] depositDuringProcessing start
  2026-04-17 01:49:42,753 INFO [REBALANCE] cashBefore=471016652618 cashAfter=471016652618 investIF=0 redeemIF=0
  2026-04-17 01:49:42,754 INFO [REQUEST_REDEEM] user=0x4A9764cE20C4F4B0bcDA84C9C9491334cc4185C6 shares=40003743116 reqId=121 locked=39603705684
  2026-04-17 01:49:42,755 INFO [REQUEST_REDEEM] user=0x3F5085F6b9cf7BC6a3b7Be66F852b89cEBc66E4d shares=2820892945 reqId=122 locked=42396389699
  2026-04-17 01:49:42,755 INFO [REQUEST_REDEEM] user=0x18c2d25B5Ab8A74D8BDff608315C7083dfA35512 shares=17755718851 reqId=123 locked=59974551361
  2026-04-17 01:49:42,756 INFO [REQUEST_REDEEM] user=0x71Db413f4bE769D5952d90bDd76bBEe104918160 shares=29265101 reqId=124 locked=60003523810
  2026-04-17 01:49:42,757 INFO [PROCESS_BATCH] count=4 totalShares=60003523810 redeemIF=0
  2026-04-17 01:49:42,758 INFO [DEPOSIT] user=0x6542d260b9901a36D62b582c2376acfbC64A7302 amt=30745980481 shares=31920440086 cash=501762633099
  2026-04-17 01:49:42,759 INFO [DEPOSIT] user=0x4054f7A4ab0181c104F77999764Cb06ab7FAF668 amt=27607086045 shares=28661643644 cash=529369719144
  2026-04-17 01:49:42,759 INFO [DEPOSIT] user=0x5838A568ceC8C191365f04830591EE3081f5Dd9e amt=17992337180 shares=18679622896 cash=547362056324
  2026-04-17 01:49:42,760 INFO [DEPOSIT] user=0x6542d260b9901a36D62b582c2376acfbC64A7302 amt=41211154854 shares=42785371578 cash=588573211178
  2026-04-17 01:49:42,760 INFO [DEPOSIT] user=0xe28240AA399D71EC7863E128F6780fd12DBDaB2B amt=38304063903 shares=39767233236 cash=626877275081
  2026-04-17 01:49:42,761 INFO [DEPOSIT] user=0x311eBd459fE99067E658b330D934201B4B992353 amt=22322786313 shares=23175489996 cash=649200061394
  2026-04-17 01:49:42,762 INFO [DEPOSIT] user=0xD6E9Cde0fB5eE2e1b0d82334c5B937744e13a941 amt=44667195994 shares=46373429347 cash=693867257388
  2026-04-17 01:49:42,762 INFO [CASE_D] deposited=222850604770 during PROCESSING, lockedShares=60003523810
  2026-04-17 01:49:42,766 INFO [FINALIZE_BATCH] count=4 totalSettled=57795793754 cash=636071463634
  2026-04-17 01:49:42,770 INFO [R38] assets=5305344247439 supply=5580571018049 rate=963206659986506498 cash=636071463634 investIF=0 redeemIF=0 locked=0 gas=5082070
  2026-04-17 01:49:42,771 INFO [CASE_E] syncRedeemDuringProcessing start
  2026-04-17 01:49:42,771 INFO [REBALANCE] cashBefore=636071463634 cashAfter=636071463634 investIF=0 redeemIF=0
  2026-04-17 01:49:42,772 INFO [REQUEST_REDEEM] user=0x9266938BE5A27713Bd42446f915eF5D745800f11 shares=14327321387 reqId=125 locked=14184048173
  2026-04-17 01:49:42,773 INFO [REQUEST_REDEEM] user=0x8CaF19Ee5CfE60eF0a7872a69Bc677330446a507 shares=63626726590 reqId=126 locked=77174507497
  2026-04-17 01:49:42,774 INFO [REQUEST_REDEEM] user=0xA9fEEd545a6B09df247B1f8C5f2620c61290cE35 shares=23110728335 reqId=127 locked=100054128548
  2026-04-17 01:49:42,774 INFO [REQUEST_REDEEM] user=0x61cd9823f8166E9B5bea8c7bdd1A4966F0D7DC21 shares=25817189826 reqId=128 locked=125613146475
  2026-04-17 01:49:42,775 INFO [REQUEST_REDEEM] user=0xd138f73424751Bc1A77EdB3bAe475b5fc348d3a1 shares=10132630281 reqId=129 locked=135644450453
  2026-04-17 01:49:42,776 INFO [REQUEST_REDEEM] user=0x42AeC3b6E66bC2Fd72a4000585ac8832B5586E2D shares=1729126465 reqId=130 locked=137356285653
  2026-04-17 01:49:42,777 INFO [REQUEST_REDEEM] user=0x74cb8CaDB78A2e1956B76ebb4f62aFD7C6A9CB70 shares=82517899040 reqId=131 locked=219049005702
  2026-04-17 01:49:42,777 INFO [PROCESS_BATCH] count=7 totalShares=219049005702 redeemIF=0
  2026-04-17 01:49:42,778 INFO [CASE_E] PROCESSING active: freeCash=425082002478 lockedShares=219049005702
  2026-04-17 01:49:42,778 INFO [SYNC_REDEEM] user=0x86e9ab99E2ADb977B93DE0dD7187AB821797C272 shares=7567319520 assets=7216003633 cash=628855460001
  2026-04-17 01:49:42,779 INFO [SYNC_REDEEM] user=0x4A9764cE20C4F4B0bcDA84C9C9491334cc4185C6 shares=12807550290 assets=12212954559 cash=616642505442
  2026-04-17 01:49:42,780 INFO [SYNC_REDEEM] user=0x31000Bc1aC0f45CD71E7E9c8e11AEc0564B5f4B5 shares=1106339529 assets=1054977265 cash=615587528177
  2026-04-17 01:49:42,781 INFO [SYNC_REDEEM] user=0xDC5903674C1990486470eDa9D1Ca25C43CdEAF40 shares=61170880079 assets=58330997098 cash=557256531079
  2026-04-17 01:49:42,782 INFO [SYNC_REDEEM] user=0xE88F49d8E882e88B2F6B3E107121FA6e686aF03C shares=3959996557 assets=3776152106 cash=553480378973
  2026-04-17 01:49:42,782 INFO [SYNC_REDEEM] user=0x9a523Af0C6a5112B3D1748a0aA1b27144C61047d shares=7578930585 assets=7227075650 cash=546253303323
  2026-04-17 01:49:42,783 INFO [SYNC_REDEEM] user=0x07d1f5aA77c4849B6c1A7c0EBe192f948F69A096 shares=108493481043 assets=103456627069 cash=442796676254
  2026-04-17 01:49:42,784 INFO [SYNC_REDEEM] user=0x86e9ab99E2ADb977B93DE0dD7187AB821797C272 shares=1886041975 assets=1798481709 cash=440998194545
  2026-04-17 01:49:42,785 INFO [SYNC_REDEEM] user=0xD9E3c5BeB4fEE5D8c49747D73c20E0ce873190Dc shares=19821357621 assets=18901143033 cash=422097051512
  2026-04-17 01:49:42,785 INFO [CASE_E] syncRedeems during PROCESSING: done=9 skipped=0
  2026-04-17 01:49:42,790 INFO [FINALIZE_BATCH] count=7 totalSettled=210989461152 cash=211107590360
  2026-04-17 01:49:42,795 INFO [R39] assets=4880380374165 supply=5139374034124 rate=963206659986506498 cash=211107590360 investIF=0 redeemIF=0 locked=0 gas=7189081
  2026-04-17 01:49:42,795 INFO [CASE_F] rebalanceWithPendingRequests start
  2026-04-17 01:49:42,796 INFO [REQUEST_REDEEM] user=0x4A31B5d28e52AE80232899Eba1280ebDd381d641 shares=2893935155 reqId=132 locked=2864995803
  2026-04-17 01:49:42,797 INFO [REQUEST_REDEEM] user=0x9a523Af0C6a5112B3D1748a0aA1b27144C61047d shares=43006556 reqId=133 locked=2907572293
  2026-04-17 01:49:42,797 INFO [REQUEST_REDEEM] user=0x26D2eb6820BBb8757aa04a80690984F47131FB15 shares=40398452337 reqId=134 locked=42902040106
  2026-04-17 01:49:42,798 INFO [REQUEST_REDEEM] user=0x2AE7612ba0a0019203bD59C45B53d1728f4DAD50 shares=12799389587 reqId=135 locked=55573435797
  2026-04-17 01:49:42,798 INFO [CASE_F] PENDING requests created: freeCash=157578886881 lockedShares=55573435797
  2026-04-17 01:49:42,799 INFO [REBALANCE] cashBefore=211107590360 cashAfter=211107590360 investIF=0 redeemIF=331631349199
  2026-04-17 01:49:42,799 INFO [CASE_F] rebalance with PENDING: investIF=0
  2026-04-17 01:49:42,803 INFO [PROCESS_BATCH] count=4 totalShares=55573435797 redeemIF=331631349199
  2026-04-17 01:49:42,806 INFO [SETTLE] adapter=0x13aa49bAc059d709dd0a18D6bb63290076a702D7 investIds=0 redeemIds=1 investIF=0 redeemIF=0
  2026-04-17 01:49:42,807 INFO [FINALIZE_BATCH] count=4 totalSettled=53528703476 cash=489210236083
  2026-04-17 01:49:42,812 INFO [PRICE_UPDATE] old=919398782146207049 new=894758894784688701
  2026-04-17 01:49:42,812 INFO [R40] assets=4728292121243 supply=5083800598327 rate=963206659986506498 cash=489210236083 investIF=0 redeemIF=0 locked=0 gas=5007810
  2026-04-17 01:49:42,813 INFO [CASE_G] kitchenSink start
  2026-04-17 01:49:42,813 INFO [DEPOSIT] user=0x2d54097251d31a377CCb7b812dc10b6daA2E1c3d amt=32504369693 shares=33745997658 cash=521714605776
  2026-04-17 01:49:42,814 INFO [DEPOSIT] user=0x94bA732E4ECADE4aB1baa6cCEae577E33A71105a amt=28425177007 shares=29510984701 cash=550139782783
  2026-04-17 01:49:42,814 INFO [DEPOSIT] user=0x248333834bD31dd0b22E743dDa8E469f9d413A8a amt=36297443531 shares=37683962371 cash=586437226314
  2026-04-17 01:49:42,815 INFO [REBALANCE] cashBefore=586437226314 cashAfter=483724109811 investIF=102713116503 redeemIF=0
  2026-04-17 01:49:42,816 INFO [REQUEST_REDEEM] user=0xBD7955710A8af008dd5D86c0aa42DAa654C4510b shares=3094920878 reqId=136 locked=3063971669
  2026-04-17 01:49:42,816 INFO [REQUEST_REDEEM] user=0x2d54097251d31a377CCb7b812dc10b6daA2E1c3d shares=53551915880 reqId=137 locked=56080368390
  2026-04-17 01:49:42,817 INFO [PROCESS_BATCH] count=2 totalShares=56080368390 redeemIF=0
  2026-04-17 01:49:42,820 INFO [RATE_UPDATE] old=963206659986506498 new=972549764588375611
  2026-04-17 01:49:42,821 INFO [DEPOSIT] user=0x7c6fE4AC6337e541b9Ed42176e8541821f29F68A amt=11090223595 shares=11403245364 cash=494814333406
  2026-04-17 01:49:42,822 INFO [SYNC_REDEEM] user=0xe9A4211c151dffd08614f4B8cD5898f2d3EfD108 shares=9772033300 assets=9408750798 cash=485405582608
  2026-04-17 01:49:42,822 INFO [SETTLE] adapter=0x13aa49bAc059d709dd0a18D6bb63290076a702D7 investIds=1 redeemIds=0 investIF=0 redeemIF=0
  2026-04-17 01:49:42,826 INFO [REQUEST_REDEEM] user=0xfE2eF74130E733bEd938E0C16Ab373BDE12cffe5 shares=1354515732 reqId=138 locked=57421338964
  2026-04-17 01:49:42,826 INFO [PROCESS_BATCH] count=1 totalShares=1340970574 redeemIF=0
  2026-04-17 01:49:42,826 INFO [CASE_G] TWO BATCHES PROCESSING: batch1=2 batch2=1
  2026-04-17 01:49:42,827 INFO [PRICE_UPDATE] old=894758894784688701 new=918380529607004482
  2026-04-17 01:49:42,830 INFO [FINALIZE_BATCH] count=1 totalSettled=1304160616 cash=484101421992
  2026-04-17 01:49:42,834 INFO [FINALIZE_BATCH] count=2 totalSettled=54540949075 cash=429560472917
  2026-04-17 01:49:42,841 INFO [R41] assets=4865842013870 supply=5129909772867 rate=972549764588375611 cash=429560472917 investIF=0 redeemIF=0 locked=0 gas=7564586
  2026-04-17 01:49:42,842 INFO [CASE_A] dualInFlight start
  2026-04-17 01:49:42,842 INFO [REBALANCE] cashBefore=429560472917 cashAfter=429560472917 investIF=0 redeemIF=0
  2026-04-17 01:49:42,842 INFO [CASE_A] rebalance did not invest, settling and continuing
  2026-04-17 01:49:42,843 INFO [REQUEST_REDEEM] user=0xF3EfC633b38e70446E357e124D3004fD706783ac shares=77449631 reqId=139 locked=76675134
  2026-04-17 01:49:42,844 INFO [REQUEST_REDEEM] user=0xEe4BAaE26cA0aA3c95CE9094342ac1D87bd3802F shares=61419706844 reqId=140 locked=60882184909
  2026-04-17 01:49:42,844 INFO [REQUEST_REDEEM] user=0x0EA0370A61D315c9Ce3DFc250cE70edE1bb83CE6 shares=51921904282 reqId=141 locked=112284870148
  2026-04-17 01:49:42,845 INFO [REQUEST_REDEEM] user=0xAa44D74C81E06434B0175e523c70BB9ce4078F21 shares=26860669552 reqId=142 locked=138876933004
  2026-04-17 01:49:42,846 INFO [REQUEST_REDEEM] user=0xaE64cE2C3f1a8c0CC016c350a42e479a0dADe7fC shares=17064327036 reqId=143 locked=155770616769
  2026-04-17 01:49:42,846 INFO [REQUEST_REDEEM] user=0xd43c90dcA27c3e5Ff51aF8AE36840a622B7D56A4 shares=586313359 reqId=144 locked=156351066994
  2026-04-17 01:49:42,847 INFO [REQUEST_REDEEM] user=0x4A889C12350C8A46f3AC1f82cC21206dbeCacb4f shares=12630699486 reqId=145 locked=168855459485
  2026-04-17 01:49:42,848 INFO [REQUEST_REDEEM] user=0x3eA839AE834382e481dD6371aa6A812Fa77D4a1D shares=4019423348 reqId=146 locked=172834688599
  2026-04-17 01:49:42,849 INFO [PROCESS_BATCH] count=8 totalShares=172834688599 redeemIF=0
  2026-04-17 01:49:42,857 INFO [FINALIZE_BATCH] count=8 totalSettled=168090335706 cash=261470137211
  2026-04-17 01:49:42,861 INFO [RATE_UPDATE] old=972549764588375611 new=967006230930221871
  2026-04-17 01:49:42,863 INFO [R42] assets=4697751678164 supply=4957476857907 rate=967006230930221871 cash=261470137211 investIF=0 redeemIF=0 locked=0 gas=6662253
  2026-04-17 01:49:42,863 INFO [CASE_B] rateChangeMidBatch start
  2026-04-17 01:49:42,864 INFO [REBALANCE] cashBefore=261470137211 cashAfter=261470137211 investIF=0 redeemIF=209477229269
  2026-04-17 01:49:42,864 INFO [REQUEST_REDEEM] user=0xd43c90dcA27c3e5Ff51aF8AE36840a622B7D56A4 shares=2042095286 reqId=147 locked=2021674333
  2026-04-17 01:49:42,865 INFO [REQUEST_REDEEM] user=0xBD7955710A8af008dd5D86c0aa42DAa654C4510b shares=6726717588 reqId=148 locked=8681124745
  2026-04-17 01:49:42,866 INFO [REQUEST_REDEEM] user=0x14871Dfacbec93bb458836af97B2fe3F8A8eEC95 shares=14595051215 reqId=149 locked=23130225447
  2026-04-17 01:49:42,866 INFO [REQUEST_REDEEM] user=0xe28240AA399D71EC7863E128F6780fd12DBDaB2B shares=13707470064 reqId=150 locked=36700620810
  2026-04-17 01:49:42,867 INFO [REQUEST_REDEEM] user=0x40A53b22Be78f87A5B5D5839CAC8F1Fa6ae8DDdE shares=21401974173 reqId=151 locked=57888575241
  2026-04-17 01:49:42,868 INFO [REQUEST_REDEEM] user=0x3A509c55A1282b1d963bb5C0B4D77c51043D60A0 shares=32391577048 reqId=152 locked=89956236518
  2026-04-17 01:49:42,868 INFO [REQUEST_REDEEM] user=0xd4552fE258fD3e7a71Dc972C1E29e8958A77A549 shares=33510754593 reqId=153 locked=123131883565
  2026-04-17 01:49:42,869 INFO [REQUEST_REDEEM] user=0xcAA2F6c6794017F588c87e08f93Bf97939040D58 shares=28917733609 reqId=154 locked=151760439837
  2026-04-17 01:49:42,870 INFO [PROCESS_BATCH] count=8 totalShares=151760439837 redeemIF=209477229269
  2026-04-17 01:49:42,871 INFO [RATE_UPDATE] old=967006230930221871 new=968650141522803248
  2026-04-17 01:49:42,871 INFO [CASE_B] rate changed during PROCESSING: before=967006230930221871 after=968650141522803248
  2026-04-17 01:49:42,871 INFO [PRICE_UPDATE] old=918380529607004482 new=883941259746741814
  2026-04-17 01:49:42,874 INFO [SETTLE] adapter=0x13aa49bAc059d709dd0a18D6bb63290076a702D7 investIds=0 redeemIds=1 investIF=0 redeemIF=0
  2026-04-17 01:49:42,876 INFO [FINALIZE_BATCH] count=8 totalSettled=147002771522 cash=323944594958
  2026-04-17 01:49:42,882 INFO [R43] assets=4412991827200 supply=4805776765347 rate=968650141522803248 cash=323944594958 investIF=0 redeemIF=0 locked=0 gas=6467883
  2026-04-17 01:49:42,882 INFO [CASE_C] overlappingBatches start
  2026-04-17 01:49:42,883 INFO [REBALANCE] cashBefore=323944594958 cashAfter=323944594958 investIF=0 redeemIF=118526786425
  2026-04-17 01:49:42,883 INFO [REQUEST_REDEEM] user=0x8CaF19Ee5CfE60eF0a7872a69Bc677330446a507 shares=12403067399 reqId=155 locked=12279036725
  2026-04-17 01:49:42,884 INFO [REQUEST_REDEEM] user=0xBD7955710A8af008dd5D86c0aa42DAa654C4510b shares=1613038446 reqId=156 locked=13875944786
  2026-04-17 01:49:42,884 INFO [REQUEST_REDEEM] user=0x8CaF19Ee5CfE60eF0a7872a69Bc677330446a507 shares=12261140286 reqId=157 locked=26014473669
  2026-04-17 01:49:42,885 INFO [REQUEST_REDEEM] user=0x4a3D85077FcF8CeC728aab20BBD4D15b9b909BCe shares=643506185 reqId=158 locked=26651544792
  2026-04-17 01:49:42,886 INFO [REQUEST_REDEEM] user=0xf068d5D7282e393a851Cb6dAE18379FffBF5e79F shares=22103408171 reqId=159 locked=48533918881
  2026-04-17 01:49:42,886 INFO [REQUEST_REDEEM] user=0xe28240AA399D71EC7863E128F6780fd12DBDaB2B shares=18663805124 reqId=160 locked=67011085953
  2026-04-17 01:49:42,887 INFO [REQUEST_REDEEM] user=0xeeA3D53cecAE6A1e2739690Dc8f1142576A151c7 shares=41205636478 reqId=161 locked=107804666066
  2026-04-17 01:49:42,888 INFO [REQUEST_REDEEM] user=0xB2f39617e6E2A87ADd08CF0d018836A4ba5A7ec2 shares=144513569691 reqId=162 locked=250873100060
  2026-04-17 01:49:42,888 INFO [REQUEST_REDEEM] user=0xe28240AA399D71EC7863E128F6780fd12DBDaB2B shares=2355168969 reqId=163 locked=253204717339
  2026-04-17 01:49:42,890 INFO [PROCESS_BATCH] count=9 totalShares=253204717339 redeemIF=166588975608
  2026-04-17 01:49:42,890 INFO [CASE_C] batch1 processed: count=9 lockedShares=253204717339
  2026-04-17 01:49:42,890 INFO [REQUEST_REDEEM] user=0x317F3e8BfCC6964f3889239d65045Bfd30d3c3Ef shares=5105627262 reqId=164 locked=258259288328
  2026-04-17 01:49:42,891 INFO [REQUEST_REDEEM] user=0xc9dE71BBA301aC7bFEFEbfD4d6F03172732F5Ea6 shares=12744956091 reqId=165 locked=270876794858
  2026-04-17 01:49:42,892 INFO [PROCESS_BATCH] count=2 totalShares=17672077519 redeemIF=166588975608
  2026-04-17 01:49:42,893 INFO [CASE_C] batch2 processed: count=2 lockedShares=270876794858 TWO BATCHES PROCESSING
  2026-04-17 01:49:42,896 INFO [SETTLE] adapter=0x13aa49bAc059d709dd0a18D6bb63290076a702D7 investIds=0 redeemIds=2 investIF=0 redeemIF=0
  2026-04-17 01:49:42,896 INFO [CASE_C] out-of-order finalize: batch2 first
  2026-04-17 01:49:42,897 INFO [FINALIZE_BATCH] count=2 totalSettled=17118060388 cash=473415510178
  2026-04-17 01:49:42,901 INFO [FINALIZE_BATCH] count=9 totalSettled=245266785281 cash=228148724897
  2026-04-17 01:49:42,907 INFO [R44] assets=4150606981531 supply=4534899970489 rate=968650141522803248 cash=228148724897 investIF=0 redeemIF=0 locked=0 gas=9200248
  2026-04-17 01:49:42,908 INFO [CASE_D] depositDuringProcessing start
  2026-04-17 01:49:42,908 INFO [REBALANCE] cashBefore=228148724897 cashAfter=228148724897 investIF=0 redeemIF=188084171919
  2026-04-17 01:49:42,909 INFO [REQUEST_REDEEM] user=0x470DE5fb2c829bdA1a715dc07c28B45303BecDB4 shares=22417855250 reqId=166 locked=22193676697
  2026-04-17 01:49:42,910 INFO [REQUEST_REDEEM] user=0xcAEfd2EF290bd6A7575050D69DbF1bA3e746876C shares=16583988773 reqId=167 locked=38611825582
  2026-04-17 01:49:42,910 INFO [PROCESS_BATCH] count=2 totalShares=38611825582 redeemIF=188084171919
  2026-04-17 01:49:42,911 INFO [DEPOSIT] user=0x41028B966f0A5514cA9Cc57348ce75eEaee726d7 amt=37994606181 shares=39224281866 cash=266143331078
  2026-04-17 01:49:42,911 INFO [DEPOSIT] user=0x541ffB247Fefa9aa20a5CD51E7dB50a7ce90852c amt=24417215403 shares=25207465891 cash=290560546481
  2026-04-17 01:49:42,912 INFO [DEPOSIT] user=0xe28240AA399D71EC7863E128F6780fd12DBDaB2B amt=27124712707 shares=28002589938 cash=317685259188
  2026-04-17 01:49:42,912 INFO [DEPOSIT] user=0xeE82D22aE4b20A61109381A663445b29C832051d amt=17032266663 shares=17583507122 cash=334717525851
  2026-04-17 01:49:42,913 INFO [DEPOSIT] user=0x7bba07Aa196462E7FA4262fEE6c94883c6750129 amt=19001643604 shares=19616621925 cash=353719169455
  2026-04-17 01:49:42,914 INFO [DEPOSIT] user=0xd56dD14e670401E2BEC5904b50700C7afba31385 amt=22553102701 shares=23283022150 cash=376272272156
  2026-04-17 01:49:42,914 INFO [DEPOSIT] user=0xc9dE71BBA301aC7bFEFEbfD4d6F03172732F5Ea6 amt=40663032746 shares=41979070670 cash=416935304902
  2026-04-17 01:49:42,914 INFO [CASE_D] deposited=188786580005 during PROCESSING, lockedShares=38611825582
  2026-04-17 01:49:42,918 INFO [SETTLE] adapter=0x13aa49bAc059d709dd0a18D6bb63290076a702D7 investIds=0 redeemIds=1 investIF=0 redeemIF=0
  2026-04-17 01:49:42,918 INFO [FINALIZE_BATCH] count=2 totalSettled=37401350313 cash=567618126508
  2026-04-17 01:49:42,923 INFO [PRICE_UPDATE] old=883941259746741814 new=854506015797175312
  2026-04-17 01:49:42,924 INFO [R45] assets=4184251235425 supply=4691184704469 rate=968650141522803248 cash=567618126508 investIF=0 redeemIF=0 locked=0 gas=4721397
  2026-04-17 01:49:42,924 INFO [CASE_E] syncRedeemDuringProcessing start
  2026-04-17 01:49:42,925 INFO [REBALANCE] cashBefore=567618126508 cashAfter=419597322206 investIF=148020804302 redeemIF=0
  2026-04-17 01:49:42,925 INFO [SETTLE] adapter=0x13aa49bAc059d709dd0a18D6bb63290076a702D7 investIds=1 redeemIds=0 investIF=0 redeemIF=0
  2026-04-17 01:49:42,926 INFO [REQUEST_REDEEM] user=0xEe4BAaE26cA0aA3c95CE9094342ac1D87bd3802F shares=71754551 reqId=168 locked=71037005
  2026-04-17 01:49:42,927 INFO [REQUEST_REDEEM] user=0x541ffB247Fefa9aa20a5CD51E7dB50a7ce90852c shares=14116180898 reqId=169 locked=14046056094
  2026-04-17 01:49:42,927 INFO [REQUEST_REDEEM] user=0x5879d381b631c7Bea9a6Dfe535b58208622B56F9 shares=12511672138 reqId=170 locked=26432611510
  2026-04-17 01:49:42,928 INFO [REQUEST_REDEEM] user=0xC9e87755ff8f4F682d8665f2dEA24f5FdE78369e shares=1251824583 reqId=171 locked=27671917847
  2026-04-17 01:49:42,929 INFO [PROCESS_BATCH] count=4 totalShares=27671917847 redeemIF=0
  2026-04-17 01:49:42,929 INFO [CASE_E] PROCESSING active: freeCash=392792915067 lockedShares=27671917847
  2026-04-17 01:49:42,930 INFO [SYNC_REDEEM] user=0x6F8331ca48793E655C83ea77c0C6E20Cdb3bdF92 shares=7341832221 assets=7040550150 cash=412556772056
  2026-04-17 01:49:42,930 INFO [SYNC_REDEEM] user=0x9343B8a1ED5C863DEE9a19Eab1E0c01471F22ed1 shares=37922012574 assets=36365831217 cash=376190940839
  2026-04-17 01:49:42,931 INFO [SYNC_REDEEM] user=0x40A53b22Be78f87A5B5D5839CAC8F1Fa6ae8DDdE shares=8274284820 assets=7934738289 cash=368256202550
  2026-04-17 01:49:42,931 INFO [CASE_E] syncRedeems during PROCESSING: done=3 skipped=0
  2026-04-17 01:49:42,935 INFO [FINALIZE_BATCH] count=4 totalSettled=26804407136 cash=341451795414
  2026-04-17 01:49:42,940 INFO [R46] assets=4106105708633 supply=4610510038305 rate=968650141522803248 cash=341451795414 investIF=0 redeemIF=0 locked=0 gas=5083865
  2026-04-17 01:49:42,941 INFO [CASE_F] rebalanceWithPendingRequests start
  2026-04-17 01:49:42,942 INFO [REQUEST_REDEEM] user=0x9e866601851F3B1810920422CF5B051E67E6dF4A shares=12563132210 reqId=172 locked=12437500887

Suite result: FAILED. 0 passed; 1 failed; 0 skipped; finished in 944.43ms (919.40ms CPU time)

Ran 1 test suite in 946.86ms (944.43ms CPU time): 0 tests passed, 1 failed, 0 skipped (1 total tests)

Failing tests:
Encountered 1 failing test in test/stress/S10_InterleavedOperations.t.sol:S10_InterleavedOperations
[FAIL: Vault__BelowMinRedeem(999999 [9.999e5], 1000000 [1e6])] test_interleavedOperations() (gas: 253945481)

Encountered a total of 1 failing tests, 0 tests succeeded

==== FAIL: S10 seed=5242345 2026-04-16 22:25:01 ====
No files changed, compilation skipped

Ran 1 test for test/stress/S10_InterleavedOperations.t.sol:S10_InterleavedOperations
[FAIL: Vault__BelowMinRedeem(999999 [9.999e5], 1000000 [1e6])] test_interleavedOperations() (gas: 151892297)
Logs:
  2026-04-17 06:25:01,352 INFO -------------------- CASE START: 操作交错压力测试 --------------------
  2026-04-17 06:25:01,352 INFO testcase module: stress
  2026-04-17 06:25:01,352 INFO testcase id: S10_InterleavedOperations
  2026-04-17 06:25:01,352 INFO testcase name: 操作交错压力测试
  2026-04-17 06:25:01,352 INFO ------------------------------------------------------------
  2026-04-17 06:25:01,353 INFO config rounds: 50
  2026-04-17 06:25:01,353 INFO config users: 200
  2026-04-17 06:25:01,353 INFO config seed: 5242345
  2026-04-17 06:25:01,353 INFO ------------------------------------------------------------
  2026-04-17 06:25:01,354 INFO [DEPOSIT] user=0x0daFA9531B5eC001011785DbF809f20Ba0Da8722 amt=200000000000 shares=200000000000 cash=200000000000
  2026-04-17 06:25:01,354 INFO [DEPOSIT] user=0xB2f39617e6E2A87ADd08CF0d018836A4ba5A7ec2 amt=200000000000 shares=200000000000 cash=400000000000
  2026-04-17 06:25:01,355 INFO [DEPOSIT] user=0xad4EAF253F316Ce3Eb0968375F30ed5a30BFf23A amt=200000000000 shares=200000000000 cash=600000000000
  2026-04-17 06:25:01,355 INFO [DEPOSIT] user=0xDC5903674C1990486470eDa9D1Ca25C43CdEAF40 amt=200000000000 shares=200000000000 cash=800000000000
  2026-04-17 06:25:01,356 INFO [DEPOSIT] user=0x42AeC3b6E66bC2Fd72a4000585ac8832B5586E2D amt=200000000000 shares=200000000000 cash=1000000000000
  2026-04-17 06:25:01,357 INFO [DEPOSIT] user=0xD2b28C15773DDCa8d040BaE7F096b73bEdC29786 amt=200000000000 shares=200000000000 cash=1200000000000
  2026-04-17 06:25:01,358 INFO [DEPOSIT] user=0x94bA732E4ECADE4aB1baa6cCEae577E33A71105a amt=200000000000 shares=200000000000 cash=1400000000000
  2026-04-17 06:25:01,358 INFO [DEPOSIT] user=0x5f667Cb9D803eA4DB6d020200D8D760B92bf3Ac4 amt=200000000000 shares=200000000000 cash=1600000000000
  2026-04-17 06:25:01,359 INFO [DEPOSIT] user=0xeeA3D53cecAE6A1e2739690Dc8f1142576A151c7 amt=200000000000 shares=200000000000 cash=1800000000000
  2026-04-17 06:25:01,360 INFO [DEPOSIT] user=0x50CAC51894ebCB000791C55546632CB41D738f44 amt=200000000000 shares=200000000000 cash=2000000000000
  2026-04-17 06:25:01,360 INFO [DEPOSIT] user=0xcAA2F6c6794017F588c87e08f93Bf97939040D58 amt=200000000000 shares=200000000000 cash=2200000000000
  2026-04-17 06:25:01,361 INFO [DEPOSIT] user=0xae285ccF695F76666c05256F4daB08B00691CBec amt=200000000000 shares=200000000000 cash=2400000000000
  2026-04-17 06:25:01,361 INFO [DEPOSIT] user=0x86e9ab99E2ADb977B93DE0dD7187AB821797C272 amt=200000000000 shares=200000000000 cash=2600000000000
  2026-04-17 06:25:01,362 INFO [DEPOSIT] user=0x18c2d25B5Ab8A74D8BDff608315C7083dfA35512 amt=200000000000 shares=200000000000 cash=2800000000000
  2026-04-17 06:25:01,363 INFO [DEPOSIT] user=0xF3EfC633b38e70446E357e124D3004fD706783ac amt=200000000000 shares=200000000000 cash=3000000000000
  2026-04-17 06:25:01,363 INFO [DEPOSIT] user=0xEf760979FA95262E4517EA7fd1c8C92F7051890e amt=200000000000 shares=200000000000 cash=3200000000000
  2026-04-17 06:25:01,364 INFO [DEPOSIT] user=0x9343B8a1ED5C863DEE9a19Eab1E0c01471F22ed1 amt=200000000000 shares=200000000000 cash=3400000000000
  2026-04-17 06:25:01,364 INFO [DEPOSIT] user=0x3Bf2286191E5f3C0757a74d7ee0fea7D8e2df5C8 amt=200000000000 shares=200000000000 cash=3600000000000
  2026-04-17 06:25:01,365 INFO [DEPOSIT] user=0x40A53b22Be78f87A5B5D5839CAC8F1Fa6ae8DDdE amt=200000000000 shares=200000000000 cash=3800000000000
  2026-04-17 06:25:01,365 INFO [DEPOSIT] user=0x2E076E5AB95EC8541e5f425c4a75a96378dCFcDf amt=200000000000 shares=200000000000 cash=4000000000000
  2026-04-17 06:25:01,366 INFO [DEPOSIT] user=0x311eBd459fE99067E658b330D934201B4B992353 amt=200000000000 shares=200000000000 cash=4200000000000
  2026-04-17 06:25:01,367 INFO [DEPOSIT] user=0x74cb8CaDB78A2e1956B76ebb4f62aFD7C6A9CB70 amt=200000000000 shares=200000000000 cash=4400000000000
  2026-04-17 06:25:01,367 INFO [DEPOSIT] user=0x659F4516A682806BE769C8c24a3f6EAAFF683c45 amt=200000000000 shares=200000000000 cash=4600000000000
  2026-04-17 06:25:01,368 INFO [DEPOSIT] user=0xD6E9Cde0fB5eE2e1b0d82334c5B937744e13a941 amt=200000000000 shares=200000000000 cash=4800000000000
  2026-04-17 06:25:01,369 INFO [DEPOSIT] user=0xb4892899ee6c7cC2084e1A0974d3a4F4b93a43Ca amt=200000000000 shares=200000000000 cash=5000000000000
  2026-04-17 06:25:01,369 INFO [DEPOSIT] user=0xC9e87755ff8f4F682d8665f2dEA24f5FdE78369e amt=200000000000 shares=200000000000 cash=5200000000000
  2026-04-17 06:25:01,370 INFO [DEPOSIT] user=0x6d5D4651b8a0db87D8eEb5D31Cb1a9e8c5e9E341 amt=200000000000 shares=200000000000 cash=5400000000000
  2026-04-17 06:25:01,370 INFO [DEPOSIT] user=0xcAEfd2EF290bd6A7575050D69DbF1bA3e746876C amt=200000000000 shares=200000000000 cash=5600000000000
  2026-04-17 06:25:01,371 INFO [DEPOSIT] user=0xd4552fE258fD3e7a71Dc972C1E29e8958A77A549 amt=200000000000 shares=200000000000 cash=5800000000000
  2026-04-17 06:25:01,372 INFO [DEPOSIT] user=0x530fb0850adaaeedb8DC79DF00fc07B516E6D503 amt=200000000000 shares=200000000000 cash=6000000000000
  2026-04-17 06:25:01,373 INFO [DEPOSIT] user=0x33c46C0Cd49304F9DE902a7A04993dDD40142919 amt=200000000000 shares=200000000000 cash=6200000000000
  2026-04-17 06:25:01,373 INFO [DEPOSIT] user=0x8a9f34142b79144c597762b246caf053d845412B amt=200000000000 shares=200000000000 cash=6400000000000
  2026-04-17 06:25:01,374 INFO [DEPOSIT] user=0x2AC7a9521BCf633f450C89A5C8f906feC13A4A7B amt=200000000000 shares=200000000000 cash=6600000000000
  2026-04-17 06:25:01,375 INFO [DEPOSIT] user=0xd138f73424751Bc1A77EdB3bAe475b5fc348d3a1 amt=200000000000 shares=200000000000 cash=6800000000000
  2026-04-17 06:25:01,375 INFO [DEPOSIT] user=0x01D40b8Cd71Cd17778a895e7333345B7ff518b05 amt=200000000000 shares=200000000000 cash=7000000000000
  2026-04-17 06:25:01,376 INFO [DEPOSIT] user=0xBD7955710A8af008dd5D86c0aa42DAa654C4510b amt=200000000000 shares=200000000000 cash=7200000000000
  2026-04-17 06:25:01,376 INFO [DEPOSIT] user=0x38bca73b2f093033cD94E0db8BD473b02bF5A75b amt=200000000000 shares=200000000000 cash=7400000000000
  2026-04-17 06:25:01,377 INFO [DEPOSIT] user=0x5C6Dc9658722E12d878Ecb0531365adc92A9E7EE amt=200000000000 shares=200000000000 cash=7600000000000
  2026-04-17 06:25:01,378 INFO [DEPOSIT] user=0xddD2ba6a608a141dcE474994e742C972dF9A7f29 amt=200000000000 shares=200000000000 cash=7800000000000
  2026-04-17 06:25:01,378 INFO [DEPOSIT] user=0x93E5D0bB255286Cd913CB5aEFd9832c3F474f75a amt=200000000000 shares=200000000000 cash=8000000000000
  2026-04-17 06:25:01,379 INFO [DEPOSIT] user=0x18B9f376dB8a8168F153fcB2809B9125A904cA1F amt=200000000000 shares=200000000000 cash=8200000000000
  2026-04-17 06:25:01,379 INFO [DEPOSIT] user=0xf068d5D7282e393a851Cb6dAE18379FffBF5e79F amt=200000000000 shares=200000000000 cash=8400000000000
  2026-04-17 06:25:01,380 INFO [DEPOSIT] user=0x41028B966f0A5514cA9Cc57348ce75eEaee726d7 amt=200000000000 shares=200000000000 cash=8600000000000
  2026-04-17 06:25:01,381 INFO [DEPOSIT] user=0xfE2eF74130E733bEd938E0C16Ab373BDE12cffe5 amt=200000000000 shares=200000000000 cash=8800000000000
  2026-04-17 06:25:01,381 INFO [DEPOSIT] user=0x47fb981641F67d9e4b06A870ea0272c8B376Bf0d amt=200000000000 shares=200000000000 cash=9000000000000
  2026-04-17 06:25:01,382 INFO [DEPOSIT] user=0x26D2eb6820BBb8757aa04a80690984F47131FB15 amt=200000000000 shares=200000000000 cash=9200000000000
  2026-04-17 06:25:01,382 INFO [DEPOSIT] user=0xFBc0bf15bE9863A65707b6890f6c3D9Cf8f2CeCf amt=200000000000 shares=200000000000 cash=9400000000000
  2026-04-17 06:25:01,383 INFO [DEPOSIT] user=0x07d1f5aA77c4849B6c1A7c0EBe192f948F69A096 amt=200000000000 shares=200000000000 cash=9600000000000
  2026-04-17 06:25:01,384 INFO [DEPOSIT] user=0x31cDa1195747cdEc968E6e77A2D11c468Fe25F2f amt=200000000000 shares=200000000000 cash=9800000000000
  2026-04-17 06:25:01,384 INFO [DEPOSIT] user=0xD9E3c5BeB4fEE5D8c49747D73c20E0ce873190Dc amt=200000000000 shares=200000000000 cash=10000000000000
  2026-04-17 06:25:01,388 INFO [CASE_A] dualInFlight start
  2026-04-17 06:25:01,388 INFO [REBALANCE] cashBefore=10000000000000 cashAfter=1000000000000 investIF=9000000000000 redeemIF=0
  2026-04-17 06:25:01,389 INFO [REQUEST_REDEEM] user=0xcAA2F6c6794017F588c87e08f93Bf97939040D58 shares=126792369460 reqId=1 locked=125524445765
  2026-04-17 06:25:01,390 INFO [PROCESS_BATCH] count=1 totalShares=125524445765 redeemIF=0
  2026-04-17 06:25:01,393 INFO [SETTLE] adapter=0x13aa49bAc059d709dd0a18D6bb63290076a702D7 investIds=1 redeemIds=0 investIF=4000000000000 redeemIF=0
  2026-04-17 06:25:01,394 INFO [SETTLE] adapter=0xDB25A7b768311dE128BBDa7B8426c3f9C74f3240 investIds=1 redeemIds=0 investIF=0 redeemIF=0
  2026-04-17 06:25:01,397 INFO [FINALIZE_BATCH] count=1 totalSettled=125524445765 cash=874475554235
  2026-04-17 06:25:01,402 INFO [R0] assets=9754475554235 supply=9874475554235 rate=1000000000000000000 cash=874475554235 investIF=0 redeemIF=0 locked=0 gas=4435257
  2026-04-17 06:25:01,403 INFO [CASE_B] rateChangeMidBatch start
  2026-04-17 06:25:01,404 INFO [REBALANCE] cashBefore=874475554235 cashAfter=874475554235 investIF=0 redeemIF=0
  2026-04-17 06:25:01,404 INFO [REQUEST_REDEEM] user=0x94bA732E4ECADE4aB1baa6cCEae577E33A71105a shares=155004176311 reqId=2 locked=153454134547
  2026-04-17 06:25:01,405 INFO [REQUEST_REDEEM] user=0x01D40b8Cd71Cd17778a895e7333345B7ff518b05 shares=132224364463 reqId=3 locked=284356255365
  2026-04-17 06:25:01,406 INFO [REQUEST_REDEEM] user=0xF3EfC633b38e70446E357e124D3004fD706783ac shares=17050001740 reqId=4 locked=301235757087
  2026-04-17 06:25:01,406 INFO [PROCESS_BATCH] count=3 totalShares=301235757087 redeemIF=0
  2026-04-17 06:25:01,407 INFO [RATE_UPDATE] old=1000000000000000000 new=990000000000000000
  2026-04-17 06:25:01,407 INFO [CASE_B] rate changed during PROCESSING: before=1000000000000000000 after=990000000000000000
  2026-04-17 06:25:01,407 INFO [PRICE_UPDATE] old=1000000000000000000 new=1032600000000000000
  2026-04-17 06:25:01,411 INFO [FINALIZE_BATCH] count=3 totalSettled=298223399514 cash=576252154721
  2026-04-17 06:25:01,416 INFO [R1] assets=9582740154721 supply=9573239797148 rate=990000000000000000 cash=576252154721 investIF=0 redeemIF=0 locked=0 gas=3285749
  2026-04-17 06:25:01,416 INFO [CASE_C] overlappingBatches start
  2026-04-17 06:25:01,417 INFO [REBALANCE] cashBefore=576252154721 cashAfter=576252154721 investIF=0 redeemIF=382021860751
  2026-04-17 06:25:01,418 INFO [REQUEST_REDEEM] user=0x8a9f34142b79144c597762b246caf053d845412B shares=177468008432 reqId=5 locked=175693328347
  2026-04-17 06:25:01,419 INFO [PROCESS_BATCH] count=1 totalShares=175693328347 redeemIF=382021860751
  2026-04-17 06:25:01,419 INFO [CASE_C] batch1 processed: count=1 lockedShares=175693328347
  2026-04-17 06:25:01,423 INFO [SETTLE] adapter=0x13aa49bAc059d709dd0a18D6bb63290076a702D7 investIds=0 redeemIds=1 investIF=0 redeemIF=0
  2026-04-17 06:25:01,423 INFO [FINALIZE_BATCH] count=1 totalSettled=173936395063 cash=784337620409
  2026-04-17 06:25:01,428 INFO [R2] assets=9408803759658 supply=9397546468801 rate=990000000000000000 cash=784337620409 investIF=0 redeemIF=0 locked=0 gas=2761157
  2026-04-17 06:25:01,428 INFO [CASE_D] depositDuringProcessing start
  2026-04-17 06:25:01,429 INFO [REBALANCE] cashBefore=784337620409 cashAfter=784337620409 investIF=0 redeemIF=0
  2026-04-17 06:25:01,429 INFO [REQUEST_REDEEM] user=0x9343B8a1ED5C863DEE9a19Eab1E0c01471F22ed1 shares=58131105847 reqId=6 locked=57549794788
  2026-04-17 06:25:01,430 INFO [REQUEST_REDEEM] user=0xd138f73424751Bc1A77EdB3bAe475b5fc348d3a1 shares=114792527304 reqId=7 locked=171194396818
  2026-04-17 06:25:01,431 INFO [REQUEST_REDEEM] user=0x311eBd459fE99067E658b330D934201B4B992353 shares=102696171882 reqId=8 locked=272863606981
  2026-04-17 06:25:01,432 INFO [PROCESS_BATCH] count=3 totalShares=272863606981 redeemIF=0
  2026-04-17 06:25:01,433 INFO [DEPOSIT] user=0xAF4E03CFADC9367EE067CEe3AdCA170b6e467f97 amt=17243326245 shares=17417501257 cash=801580946654
  2026-04-17 06:25:01,433 INFO [DEPOSIT] user=0x431401674189875efe20c2F3a7277816C0609D00 amt=39497520740 shares=39896485595 cash=841078467394
  2026-04-17 06:25:01,434 INFO [DEPOSIT] user=0xF7688502C1a0C65BC98DB90A63Ffb05870752e39 amt=19922541091 shares=20123778879 cash=861001008485
  2026-04-17 06:25:01,434 INFO [DEPOSIT] user=0x58244aEAA1B73Ce93C9729C9d82a60fE5f7Dae0A amt=45533315755 shares=45993248237 cash=906534324240
  2026-04-17 06:25:01,435 INFO [DEPOSIT] user=0x5A779A9B1C11D20c9619050613BaB402E21e4a3B amt=41101291198 shares=41516455755 cash=947635615438
  2026-04-17 06:25:01,436 INFO [DEPOSIT] user=0x71Db413f4bE769D5952d90bDd76bBEe104918160 amt=25471921843 shares=25729213982 cash=973107537281
  2026-04-17 06:25:01,436 INFO [DEPOSIT] user=0xdb3879427DF42019CAb4f8143bb858703c5A5Ccd amt=30314850887 shares=30621061502 cash=1003422388168
  2026-04-17 06:25:01,437 INFO [DEPOSIT] user=0xc9b1283554C01bb4f6B129fD468526636f7a6A24 amt=46607667888 shares=47078452412 cash=1050030056056
  2026-04-17 06:25:01,438 INFO [DEPOSIT] user=0xe9c710345d7da557741eD1e21c3693AbcB843C38 amt=11445765988 shares=11561379785 cash=1061475822044
  2026-04-17 06:25:01,438 INFO [DEPOSIT] user=0x9343B8a1ED5C863DEE9a19Eab1E0c01471F22ed1 amt=21325582416 shares=21540992339 cash=1082801404460
  2026-04-17 06:25:01,439 INFO [DEPOSIT] user=0x541ffB247Fefa9aa20a5CD51E7dB50a7ce90852c amt=42820894720 shares=43253429010 cash=1125622299180
  2026-04-17 06:25:01,439 INFO [DEPOSIT] user=0x311eBd459fE99067E658b330D934201B4B992353 amt=14274234148 shares=14418418331 cash=1139896533328
  2026-04-17 06:25:01,440 INFO [DEPOSIT] user=0x1c3870E9485deF12E2a34b9c0c3cD0641845a7a0 amt=44631309466 shares=45082130773 cash=1184527842794
  2026-04-17 06:25:01,440 INFO [CASE_D] deposited=400190222385 during PROCESSING, lockedShares=272863606981
  2026-04-17 06:25:01,444 INFO [FINALIZE_BATCH] count=3 totalSettled=270134970910 cash=914392871884
  2026-04-17 06:25:01,449 INFO [R3] assets=9538859011133 supply=9528915409677 rate=990000000000000000 cash=914392871884 investIF=0 redeemIF=0 locked=0 gas=4931264
  2026-04-17 06:25:01,450 INFO [CASE_E] syncRedeemDuringProcessing start
  2026-04-17 06:25:01,450 INFO [REBALANCE] cashBefore=914392871884 cashAfter=914392871884 investIF=0 redeemIF=0
  2026-04-17 06:25:01,451 INFO [REQUEST_REDEEM] user=0x5f667Cb9D803eA4DB6d020200D8D760B92bf3Ac4 shares=108000000000 reqId=9 locked=106920000000
  2026-04-17 06:25:01,452 INFO [REQUEST_REDEEM] user=0xF7688502C1a0C65BC98DB90A63Ffb05870752e39 shares=14287883004 reqId=10 locked=121065004173
  2026-04-17 06:25:01,452 INFO [PROCESS_BATCH] count=2 totalShares=121065004173 redeemIF=0
  2026-04-17 06:25:01,452 INFO [CASE_E] PROCESSING active: freeCash=794538517752 lockedShares=121065004173
  2026-04-17 06:25:01,453 INFO [SYNC_REDEEM] user=0x8a9f34142b79144c597762b246caf053d845412B shares=7277678556 assets=7132852752 cash=907260019132
  2026-04-17 06:25:01,454 INFO [SYNC_REDEEM] user=0xc9b1283554C01bb4f6B129fD468526636f7a6A24 shares=11864590739 assets=11628485382 cash=895631533750
  2026-04-17 06:25:01,455 INFO [SYNC_REDEEM] user=0xad4EAF253F316Ce3Eb0968375F30ed5a30BFf23A shares=30119782912 assets=29520399231 cash=866111134519
  2026-04-17 06:25:01,455 INFO [CASE_E] syncRedeems during PROCESSING: done=3 skipped=0
  2026-04-17 06:25:01,459 INFO [FINALIZE_BATCH] count=2 totalSettled=119854354131 cash=746256780388
  2026-04-17 06:25:01,464 INFO [R4] assets=9370722919637 supply=9359080973821 rate=990000000000000000 cash=746256780388 investIF=0 redeemIF=0 locked=0 gas=3209688
  2026-04-17 06:25:01,464 INFO [CASE_F] rebalanceWithPendingRequests start
  2026-04-17 06:25:01,465 INFO [REQUEST_REDEEM] user=0x9343B8a1ED5C863DEE9a19Eab1E0c01471F22ed1 shares=39564814380 reqId=11 locked=39169166236
  2026-04-17 06:25:01,465 INFO [CASE_F] PENDING requests created: freeCash=707479305814 lockedShares=39169166236
  2026-04-17 06:25:01,466 INFO [REBALANCE] cashBefore=746256780388 cashAfter=746256780388 investIF=0 redeemIF=229592986149
  2026-04-17 06:25:01,466 INFO [CASE_F] rebalance with PENDING: investIF=0
  2026-04-17 06:25:01,469 INFO [PROCESS_BATCH] count=1 totalShares=39169166236 redeemIF=229592986149
  2026-04-17 06:25:01,473 INFO [SETTLE] adapter=0x13aa49bAc059d709dd0a18D6bb63290076a702D7 investIds=0 redeemIds=1 investIF=0 redeemIF=0
  2026-04-17 06:25:01,474 INFO [FINALIZE_BATCH] count=1 totalSettled=38777474573 cash=937072291964
  2026-04-17 06:25:01,479 INFO [PRICE_UPDATE] old=1032600000000000000 new=1022480520000000000
  2026-04-17 06:25:01,479 INFO [R5] assets=9292681862664 supply=9319911807585 rate=990000000000000000 cash=937072291964 investIF=0 redeemIF=0 locked=0 gas=3329288
  2026-04-17 06:25:01,480 INFO [CASE_G] kitchenSink start
  2026-04-17 06:25:01,480 INFO [DEPOSIT] user=0x85C1DEc484523E1573B32015A4898Fdb3AEceC99 amt=25252310004 shares=25507383842 cash=962324601968
  2026-04-17 06:25:01,481 INFO [DEPOSIT] user=0xF7688502C1a0C65BC98DB90A63Ffb05870752e39 amt=16468993357 shares=16635346825 cash=978793595325
  2026-04-17 06:25:01,481 INFO [DEPOSIT] user=0x8b69185e6cDEaB97c4422e07cA9Bae395875E1Df amt=10547312748 shares=10653851260 cash=989340908073
  2026-04-17 06:25:01,482 INFO [DEPOSIT] user=0x5D4Cc8464b97B9E089389a0e172c505EF8122DB5 amt=16062419117 shares=16224665774 cash=1005403327190
  2026-04-17 06:25:01,483 INFO [DEPOSIT] user=0x2f7a1F9A574F5199AD566e0A6EA9d49c165fb9f8 amt=37491589160 shares=37870292080 cash=1042894916350
  2026-04-17 06:25:01,483 INFO [DEPOSIT] user=0x9a523Af0C6a5112B3D1748a0aA1b27144C61047d amt=31752857318 shares=32073593250 cash=1074647773668
  2026-04-17 06:25:01,484 INFO [DEPOSIT] user=0xd138f73424751Bc1A77EdB3bAe475b5fc348d3a1 amt=24992554340 shares=25245004383 cash=1099640328008
  2026-04-17 06:25:01,484 INFO [REBALANCE] cashBefore=1099640328008 cashAfter=1099640328008 investIF=0 redeemIF=0
  2026-04-17 06:25:01,485 INFO [REQUEST_REDEEM] user=0x85C1DEc484523E1573B32015A4898Fdb3AEceC99 shares=22472711521 reqId=12 locked=22247984405
  2026-04-17 06:25:01,486 INFO [PROCESS_BATCH] count=1 totalShares=22247984405 redeemIF=0
  2026-04-17 06:25:01,489 INFO [RATE_UPDATE] old=990000000000000000 new=980793000000000000
  2026-04-17 06:25:01,489 INFO [DEPOSIT] user=0xD6E9Cde0fB5eE2e1b0d82334c5B937744e13a941 amt=22629491681 shares=23072648031 cash=1122269819689
  2026-04-17 06:25:01,490 INFO [SYNC_REDEEM] user=0x311eBd459fE99067E658b330D934201B4B992353 shares=8886971756 assets=8629116892 cash=1113640702797
  2026-04-17 06:25:01,491 INFO [SYNC_REDEEM] user=0x0daFA9531B5eC001011785DbF809f20Ba0Da8722 shares=28716690805 assets=27883478030 cash=1085757224767
  2026-04-17 06:25:01,495 INFO [REQUEST_REDEEM] user=0x5f667Cb9D803eA4DB6d020200D8D760B92bf3Ac4 shares=13188327933 reqId=13 locked=35304429058
  2026-04-17 06:25:01,496 INFO [REQUEST_REDEEM] user=0x07d1f5aA77c4849B6c1A7c0EBe192f948F69A096 shares=104172420909 reqId=14 locked=138435125757
  2026-04-17 06:25:01,497 INFO [REQUEST_REDEEM] user=0x9343B8a1ED5C863DEE9a19Eab1E0c01471F22ed1 shares=63046405134 reqId=15 locked=200851066839
  2026-04-17 06:25:01,497 INFO [PROCESS_BATCH] count=3 totalShares=178603082434 redeemIF=0
  2026-04-17 06:25:01,497 INFO [CASE_G] TWO BATCHES PROCESSING: batch1=1 batch2=3
  2026-04-17 06:25:01,498 INFO [PRICE_UPDATE] old=1022480520000000000 new=1048860517416000000
  2026-04-17 06:25:01,501 INFO [FINALIZE_BATCH] count=3 totalSettled=175172653028 cash=910584571739
  2026-04-17 06:25:01,504 INFO [FINALIZE_BATCH] count=1 totalSettled=21820667368 cash=888763904371
  2026-04-17 06:25:01,513 INFO [R6] assets=9346727865045 supply=9270703689477 rate=980793000000000000 cash=888763904371 investIF=0 redeemIF=0 locked=0 gas=7741479
  2026-04-17 06:25:01,513 INFO [CASE_A] dualInFlight start
  2026-04-17 06:25:01,513 INFO [REBALANCE] cashBefore=888763904371 cashAfter=888763904371 investIF=0 redeemIF=0
  2026-04-17 06:25:01,514 INFO [CASE_A] rebalance did not invest, settling and continuing
  2026-04-17 06:25:01,514 INFO [REQUEST_REDEEM] user=0x50CAC51894ebCB000791C55546632CB41D738f44 shares=22732202451 reqId=16 locked=22504880426
  2026-04-17 06:25:01,515 INFO [REQUEST_REDEEM] user=0x41028B966f0A5514cA9Cc57348ce75eEaee726d7 shares=39102540060 reqId=17 locked=61216395085
  2026-04-17 06:25:01,516 INFO [REQUEST_REDEEM] user=0xD9E3c5BeB4fEE5D8c49747D73c20E0ce873190Dc shares=95148437522 reqId=18 locked=155413348231
  2026-04-17 06:25:01,517 INFO [REQUEST_REDEEM] user=0x5C6Dc9658722E12d878Ecb0531365adc92A9E7EE shares=82993174392 reqId=19 locked=237576590879
  2026-04-17 06:25:01,517 INFO [REQUEST_REDEEM] user=0xeeA3D53cecAE6A1e2739690Dc8f1142576A151c7 shares=21380525526 reqId=20 locked=258743311149
  2026-04-17 06:25:01,518 INFO [REQUEST_REDEEM] user=0x18B9f376dB8a8168F153fcB2809B9125A904cA1F shares=175292418123 reqId=21 locked=432282805090
  2026-04-17 06:25:01,519 INFO [PROCESS_BATCH] count=6 totalShares=432282805090 redeemIF=0
  2026-04-17 06:25:01,526 INFO [FINALIZE_BATCH] count=6 totalSettled=423979949248 cash=464783955123
  2026-04-17 06:25:01,531 INFO [RATE_UPDATE] old=980793000000000000 new=983735379000000000
  2026-04-17 06:25:01,532 INFO [R7] assets=8922747915797 supply=8839137243220 rate=983735379000000000 cash=464783955123 investIF=0 redeemIF=0 locked=0 gas=5143083
  2026-04-17 06:25:01,533 INFO [CASE_B] rateChangeMidBatch start
  2026-04-17 06:25:01,533 INFO [REBALANCE] cashBefore=464783955123 cashAfter=464783955123 investIF=0 redeemIF=427490836456
  2026-04-17 06:25:01,539 INFO [R8] assets=8922747915797 supply=8839137243220 rate=983735379000000000 cash=464783955123 investIF=0 redeemIF=427490836456 locked=0 gas=1296588
  2026-04-17 06:25:01,539 INFO [CASE_C] overlappingBatches start
  2026-04-17 06:25:01,540 INFO [REBALANCE] cashBefore=464783955123 cashAfter=464783955123 investIF=0 redeemIF=470239920102
  2026-04-17 06:25:01,541 INFO [REQUEST_REDEEM] user=0x38bca73b2f093033cD94E0db8BD473b02bF5A75b shares=104504113074 reqId=22 locked=103459071943
  2026-04-17 06:25:01,541 INFO [REQUEST_REDEEM] user=0xd4552fE258fD3e7a71Dc972C1E29e8958A77A549 shares=187756747367 reqId=23 locked=289338251836
  2026-04-17 06:25:01,542 INFO [REQUEST_REDEEM] user=0x530fb0850adaaeedb8DC79DF00fc07B516E6D503 shares=99593481205 reqId=24 locked=387935798228
  2026-04-17 06:25:01,543 INFO [REQUEST_REDEEM] user=0xDC5903674C1990486470eDa9D1Ca25C43CdEAF40 shares=196971456355 reqId=25 locked=582937540019
  2026-04-17 06:25:01,543 INFO [REQUEST_REDEEM] user=0xD9E3c5BeB4fEE5D8c49747D73c20E0ce873190Dc shares=398617699 reqId=26 locked=583332171541
  2026-04-17 06:25:01,544 INFO [PROCESS_BATCH] count=5 totalShares=583332171541 redeemIF=573844494851
  2026-04-17 06:25:01,544 INFO [CASE_C] batch1 processed: count=5 lockedShares=583332171541
  2026-04-17 06:25:01,545 INFO [REQUEST_REDEEM] user=0x431401674189875efe20c2F3a7277816C0609D00 shares=1062849294 reqId=27 locked=584384392342
  2026-04-17 06:25:01,546 INFO [REQUEST_REDEEM] user=0xAF4E03CFADC9367EE067CEe3AdCA170b6e467f97 shares=7298016023 reqId=28 locked=591609428204
  2026-04-17 06:25:01,547 INFO [REQUEST_REDEEM] user=0x8b69185e6cDEaB97c4422e07cA9Bae395875E1Df shares=8517388649 reqId=29 locked=600041642966
  2026-04-17 06:25:01,548 INFO [PROCESS_BATCH] count=3 totalShares=16709471425 redeemIF=573844494851
  2026-04-17 06:25:01,548 INFO [CASE_C] batch2 processed: count=3 lockedShares=600041642966 TWO BATCHES PROCESSING
  2026-04-17 06:25:01,551 INFO [SETTLE] adapter=0x13aa49bAc059d709dd0a18D6bb63290076a702D7 investIds=0 redeemIds=3 investIF=0 redeemIF=0
  2026-04-17 06:25:01,552 INFO [CASE_C] out-of-order finalize: batch2 first
  2026-04-17 06:25:01,553 INFO [FINALIZE_BATCH] count=3 totalSettled=16437698203 cash=1022190751771
  2026-04-17 06:25:01,557 INFO [FINALIZE_BATCH] count=5 totalSettled=573844494851 cash=448346256920
  2026-04-17 06:25:01,562 INFO [R9] assets=8332465722743 supply=8239095600254 rate=983735379000000000 cash=448346256920 investIF=0 redeemIF=0 locked=0 gas=7039794
  2026-04-17 06:25:01,563 INFO [CASE_D] depositDuringProcessing start
  2026-04-17 06:25:01,563 INFO [REBALANCE] cashBefore=448346256920 cashAfter=448346256920 investIF=0 redeemIF=384900315354
  2026-04-17 06:25:01,564 INFO [REQUEST_REDEEM] user=0x33c46C0Cd49304F9DE902a7A04993dDD40142919 shares=121808888421 reqId=30 locked=120590799536
  2026-04-17 06:25:01,565 INFO [REQUEST_REDEEM] user=0x01D40b8Cd71Cd17778a895e7333345B7ff518b05 shares=30746227757 reqId=31 locked=151029565015
  2026-04-17 06:25:01,565 INFO [PROCESS_BATCH] count=2 totalShares=151029565015 redeemIF=384900315354
  2026-04-17 06:25:01,566 INFO [DEPOSIT] user=0x8CaF19Ee5CfE60eF0a7872a69Bc677330446a507 amt=21018196898 shares=21365701942 cash=469364453818
  2026-04-17 06:25:01,566 INFO [DEPOSIT] user=0xEA2eEFe061e69e87850088Cea9251E8f63Ab4A6c amt=15380625613 shares=15634921688 cash=484745079431
  2026-04-17 06:25:01,567 INFO [DEPOSIT] user=0xEf760979FA95262E4517EA7fd1c8C92F7051890e amt=45205329012 shares=45952732794 cash=529950408443
  2026-04-17 06:25:01,568 INFO [DEPOSIT] user=0x5D4Cc8464b97B9E089389a0e172c505EF8122DB5 amt=42502095336 shares=43204805116 cash=572452503779
  2026-04-17 06:25:01,569 INFO [DEPOSIT] user=0x3f8fe5Af5a75d23FC149ffE1C99a1FB0F7D022A7 amt=23443403430 shares=23831005705 cash=595895907209
  2026-04-17 06:25:01,569 INFO [DEPOSIT] user=0x1b8d07B377859e9525dc7f2E33Ae3517Fe647736 amt=18650894192 shares=18959259359 cash=614546801401
  2026-04-17 06:25:01,570 INFO [DEPOSIT] user=0x2F9CF0A23078050A1A30ff6Fc2D593C8102982D0 amt=27446903111 shares=27900697379 cash=641993704512
  2026-04-17 06:25:01,571 INFO [DEPOSIT] user=0x761988FCF0df3B988E079861aE69aADb81b4DA2C amt=40229160516 shares=40894290654 cash=682222865028
  2026-04-17 06:25:01,571 INFO [DEPOSIT] user=0x970C1C353cF00bfF83df663A00a951abf922d4EB amt=46423207860 shares=47190747482 cash=728646072888
  2026-04-17 06:25:01,572 INFO [DEPOSIT] user=0xdc474cbB6e85C316705C74a1724ADb95E91d423b amt=27701140668 shares=28159138381 cash=756347213556
  2026-04-17 06:25:01,572 INFO [DEPOSIT] user=0xc9dE71BBA301aC7bFEFEbfD4d6F03172732F5Ea6 amt=21459786343 shares=21814592420 cash=777806999899
  2026-04-17 06:25:01,573 INFO [CASE_D] deposited=329460742979 during PROCESSING, lockedShares=151029565015
  2026-04-17 06:25:01,576 INFO [SETTLE] adapter=0x13aa49bAc059d709dd0a18D6bb63290076a702D7 investIds=0 redeemIds=1 investIF=0 redeemIF=0
  2026-04-17 06:25:01,577 INFO [FINALIZE_BATCH] count=2 totalSettled=148573126379 cash=1014134188874
  2026-04-17 06:25:01,581 INFO [PRICE_UPDATE] old=1048860517416000000 new=1039840316966222400
  2026-04-17 06:25:01,582 INFO [R10] assets=8478354961597 supply=8422973928159 rate=983735379000000000 cash=1014134188874 investIF=0 redeemIF=0 locked=0 gas=4788033
  2026-04-17 06:25:01,583 INFO [CASE_E] syncRedeemDuringProcessing start
  2026-04-17 06:25:01,583 INFO [REBALANCE] cashBefore=1014134188874 cashAfter=1014134188874 investIF=0 redeemIF=0
  2026-04-17 06:25:01,584 INFO [REQUEST_REDEEM] user=0x659F4516A682806BE769C8c24a3f6EAAFF683c45 shares=118000000000 reqId=32 locked=116820000000
  2026-04-17 06:25:01,584 INFO [PROCESS_BATCH] count=1 totalShares=116820000000 redeemIF=0
  2026-04-17 06:25:01,585 INFO [CASE_E] PROCESSING active: freeCash=899214221899 lockedShares=116820000000
  2026-04-17 06:25:01,585 INFO [CASE_E] syncRedeems during PROCESSING: done=0 skipped=0
  2026-04-17 06:25:01,588 INFO [FINALIZE_BATCH] count=1 totalSettled=114919966974 cash=899214221900
  2026-04-17 06:25:01,593 INFO [R11] assets=8363434994623 supply=8306153928159 rate=983735379000000000 cash=899214221900 investIF=0 redeemIF=0 locked=0 gas=2345432
  2026-04-17 06:25:01,594 INFO [CASE_F] rebalanceWithPendingRequests start
  2026-04-17 06:25:01,594 INFO [REQUEST_REDEEM] user=0xc9b1283554C01bb4f6B129fD468526636f7a6A24 shares=7849319012 reqId=33 locked=7770825821
  2026-04-17 06:25:01,595 INFO [REQUEST_REDEEM] user=0x18B9f376dB8a8168F153fcB2809B9125A904cA1F shares=5671128666 reqId=34 locked=13385243200
  2026-04-17 06:25:01,595 INFO [CASE_F] PENDING requests created: freeCash=886046684607 lockedShares=13385243200
  2026-04-17 06:25:01,596 INFO [REBALANCE] cashBefore=899214221900 cashAfter=899214221900 investIF=0 redeemIF=0
  2026-04-17 06:25:01,596 INFO [CASE_F] rebalance with PENDING: investIF=0
  2026-04-17 06:25:01,600 INFO [PROCESS_BATCH] count=2 totalShares=13385243200 redeemIF=0
  2026-04-17 06:25:01,603 INFO [FINALIZE_BATCH] count=2 totalSettled=13167537292 cash=886046684608
  2026-04-17 06:25:01,608 INFO [R12] assets=8350267457331 supply=8292768684959 rate=983735379000000000 cash=886046684608 investIF=0 redeemIF=0 locked=0 gas=3312701
  2026-04-17 06:25:01,609 INFO [CASE_G] kitchenSink start
  2026-04-17 06:25:01,609 INFO [DEPOSIT] user=0xd43c90dcA27c3e5Ff51aF8AE36840a622B7D56A4 amt=14075344090 shares=14308059250 cash=900122028698
  2026-04-17 06:25:01,610 INFO [DEPOSIT] user=0x360234b378FdE87C135492D19EDc8008a39FbF4E amt=35086417644 shares=35666520075 cash=935208446342
  2026-04-17 06:25:01,610 INFO [DEPOSIT] user=0x85C1DEc484523E1573B32015A4898Fdb3AEceC99 amt=15029553931 shares=15278045551 cash=950238000273
  2026-04-17 06:25:01,611 INFO [DEPOSIT] user=0xFf9BAFCFE077fECB20913F9bc6eC20AB1cb0c582 amt=41362714851 shares=42046586647 cash=991600715124
  2026-04-17 06:25:01,612 INFO [DEPOSIT] user=0x7A6A3586585234b0fa0D935D76ec3E4a3f2bFc4b amt=46951944802 shares=47728226313 cash=1038552659926
  2026-04-17 06:25:01,613 INFO [DEPOSIT] user=0xd56dD14e670401E2BEC5904b50700C7afba31385 amt=17885947283 shares=18181665176 cash=1056438607209
  2026-04-17 06:25:01,613 INFO [DEPOSIT] user=0xd6BBac51C4429FD27db952924cE8a296d3859DF0 amt=38333615945 shares=38967406035 cash=1094772223154
  2026-04-17 06:25:01,614 INFO [DEPOSIT] user=0x74D76308047B9f3b6eEc47Ae156B85982C2b0358 amt=30381209945 shares=30883518671 cash=1125153433099
  2026-04-17 06:25:01,615 INFO [DEPOSIT] user=0xE5fBa9b8700CA7F0Dcd02E77FC8458df4d97aeAF amt=34642087302 shares=35214843383 cash=1159795520401
  2026-04-17 06:25:01,615 INFO [DEPOSIT] user=0x3F5085F6b9cf7BC6a3b7Be66F852b89cEBc66E4d amt=33693344083 shares=34250414087 cash=1193488864484
  2026-04-17 06:25:01,616 INFO [DEPOSIT] user=0xFBc0bf15bE9863A65707b6890f6c3D9Cf8f2CeCf amt=21026772622 shares=21374419453 cash=1214515637106
  2026-04-17 06:25:01,616 INFO [DEPOSIT] user=0x360234b378FdE87C135492D19EDc8008a39FbF4E amt=17081631042 shares=17364050746 cash=1231597268148
  2026-04-17 06:25:01,617 INFO [DEPOSIT] user=0x5C6Dc9658722E12d878Ecb0531365adc92A9E7EE amt=48471628558 shares=49273035810 cash=1280068896706
  2026-04-17 06:25:01,618 INFO [DEPOSIT] user=0xBD0CD5D75fF6d273987CccD7dfda87f98D1292b4 amt=44376411738 shares=45110110590 cash=1324445308444
  2026-04-17 06:25:01,618 INFO [DEPOSIT] user=0xCf40E8F03a1C528Af2ea2540d2a922c328BEDE98 amt=16844411551 shares=17122909179 cash=1341289719995
  2026-04-17 06:25:01,619 INFO [REBALANCE] cashBefore=1341289719995 cashAfter=880551049271 investIF=460738670724 redeemIF=0
  2026-04-17 06:25:01,619 INFO [REQUEST_REDEEM] user=0xCf40E8F03a1C528Af2ea2540d2a922c328BEDE98 shares=13011991906 reqId=35 locked=12881871986
  2026-04-17 06:25:01,621 INFO [REQUEST_REDEEM] user=0x2AC7a9521BCf633f450C89A5C8f906feC13A4A7B shares=7391470373 reqId=36 locked=20199427655
  2026-04-17 06:25:01,621 INFO [REQUEST_REDEEM] user=0xb4892899ee6c7cC2084e1A0974d3a4F4b93a43Ca shares=173072049078 reqId=37 locked=191540756242
  2026-04-17 06:25:01,622 INFO [PROCESS_BATCH] count=3 totalShares=191540756242 redeemIF=0
  2026-04-17 06:25:01,625 INFO [RATE_UPDATE] old=983735379000000000 new=980587425787200000
  2026-04-17 06:25:01,626 INFO [DEPOSIT] user=0x1D723989b20E58D9ab31ab322D50500a7f8AF86F amt=13066964625 shares=13325649790 cash=893618013896
  2026-04-17 06:25:01,626 INFO [DEPOSIT] user=0xd43c90dcA27c3e5Ff51aF8AE36840a622B7D56A4 amt=17128084117 shares=17467166788 cash=910746098013
  2026-04-17 06:25:01,628 INFO [SYNC_REDEEM] user=0x3f8fe5Af5a75d23FC149ffE1C99a1FB0F7D022A7 shares=5763328823 assets=5594933296 cash=905151164717
  2026-04-17 06:25:01,628 INFO [SETTLE] adapter=0x13aa49bAc059d709dd0a18D6bb63290076a702D7 investIds=1 redeemIds=0 investIF=0 redeemIF=0
  2026-04-17 06:25:01,632 INFO [REQUEST_REDEEM] user=0x8a9f34142b79144c597762b246caf053d845412B shares=3417986011 reqId=38 locked=194924562392
  2026-04-17 06:25:01,632 INFO [PROCESS_BATCH] count=1 totalShares=3383806150 redeemIF=0
  2026-04-17 06:25:01,632 INFO [CASE_G] TWO BATCHES PROCESSING: batch1=3 batch2=1
  2026-04-17 06:25:01,633 INFO [PRICE_UPDATE] old=1039840316966222400 new=1033185338937638577
  2026-04-17 06:25:01,636 INFO [FINALIZE_BATCH] count=1 totalSettled=3318117761 cash=901833046956
  2026-04-17 06:25:01,640 INFO [FINALIZE_BATCH] count=3 totalSettled=187822457096 cash=714010589860
  2026-04-17 06:25:01,648 INFO [R13] assets=8613148718557 supply=8586913319469 rate=980587425787200000 cash=714010589860 investIF=0 redeemIF=0 locked=0 gas=9528203
  2026-04-17 06:25:01,648 INFO [CASE_A] dualInFlight start
  2026-04-17 06:25:01,649 INFO [REBALANCE] cashBefore=714010589860 cashAfter=714010589860 investIF=0 redeemIF=0
  2026-04-17 06:25:01,649 INFO [CASE_A] rebalance did not invest, settling and continuing
  2026-04-17 06:25:01,649 INFO [REQUEST_REDEEM] user=0xddD2ba6a608a141dcE474994e742C972dF9A7f29 shares=63309005634 reqId=39 locked=62675915577
  2026-04-17 06:25:01,650 INFO [REQUEST_REDEEM] user=0xE5fBa9b8700CA7F0Dcd02E77FC8458df4d97aeAF shares=25557471112 reqId=40 locked=87977811977
  2026-04-17 06:25:01,651 INFO [REQUEST_REDEEM] user=0xCf40E8F03a1C528Af2ea2540d2a922c328BEDE98 shares=2801871868 reqId=41 locked=90751665126
  2026-04-17 06:25:01,652 INFO [REQUEST_REDEEM] user=0xeeA3D53cecAE6A1e2739690Dc8f1142576A151c7 shares=138746702526 reqId=42 locked=228110900626
  2026-04-17 06:25:01,652 INFO [REQUEST_REDEEM] user=0xEf760979FA95262E4517EA7fd1c8C92F7051890e shares=10653726520 reqId=43 locked=238658089880
  2026-04-17 06:25:01,653 INFO [PROCESS_BATCH] count=5 totalShares=238658089880 redeemIF=0
  2026-04-17 06:25:01,661 INFO [FINALIZE_BATCH] count=5 totalSettled=234025121996 cash=479985467864
  2026-04-17 06:25:01,665 INFO [RATE_UPDATE] old=980587425787200000 new=987059302797395520
  2026-04-17 06:25:01,666 INFO [R14] assets=8379123596561 supply=8348931860228 rate=987059302797395520 cash=479985467864 investIF=0 redeemIF=0 locked=0 gas=4824542
  2026-04-17 06:25:01,667 INFO [CASE_B] rateChangeMidBatch start
  2026-04-17 06:25:01,667 INFO [REBALANCE] cashBefore=479985467864 cashAfter=479985467864 investIF=0 redeemIF=357926891792
  2026-04-17 06:25:01,668 INFO [REQUEST_REDEEM] user=0xcAA2F6c6794017F588c87e08f93Bf97939040D58 shares=31506261609 reqId=44 locked=31191198992
  2026-04-17 06:25:01,669 INFO [REQUEST_REDEEM] user=0xd43c90dcA27c3e5Ff51aF8AE36840a622B7D56A4 shares=14135006965 reqId=45 locked=45184855887
  2026-04-17 06:25:01,670 INFO [REQUEST_REDEEM] user=0xd138f73424751Bc1A77EdB3bAe475b5fc348d3a1 shares=57906894343 reqId=46 locked=102512681286
  2026-04-17 06:25:01,670 INFO [PROCESS_BATCH] count=3 totalShares=102512681286 redeemIF=357926891792
  2026-04-17 06:25:01,671 INFO [RATE_UPDATE] old=987059302797395520 new=980840829189771929
  2026-04-17 06:25:01,671 INFO [CASE_B] rate changed during PROCESSING: before=987059302797395520 after=980840829189771929
  2026-04-17 06:25:01,671 INFO [PRICE_UPDATE] old=1033185338937638577 new=1030499057056400717
  2026-04-17 06:25:01,675 INFO [SETTLE] adapter=0x13aa49bAc059d709dd0a18D6bb63290076a702D7 investIds=0 redeemIds=1 investIF=0 redeemIF=0
  2026-04-17 06:25:01,676 INFO [FINALIZE_BATCH] count=3 totalSettled=100548623314 cash=737363736342
  2026-04-17 06:25:01,680 INFO [PRICE_UPDATE] old=1030499057056400717 new=1016896469503256228
  2026-04-17 06:25:01,681 INFO [R15] assets=8215374159841 supply=8246522732482 rate=980840829189771929 cash=737363736342 investIF=0 redeemIF=0 locked=0 gas=3805810
  2026-04-17 06:25:01,681 INFO [CASE_C] overlappingBatches start
  2026-04-17 06:25:01,682 INFO [REBALANCE] cashBefore=737363736342 cashAfter=737363736342 investIF=0 redeemIF=0
  2026-04-17 06:25:01,682 INFO [REQUEST_REDEEM] user=0x33c46C0Cd49304F9DE902a7A04993dDD40142919 shares=72329107307 reqId=47 locked=71605816233
  2026-04-17 06:25:01,683 INFO [REQUEST_REDEEM] user=0x659F4516A682806BE769C8c24a3f6EAAFF683c45 shares=11825155696 reqId=48 locked=83312720372
  2026-04-17 06:25:01,684 INFO [REQUEST_REDEEM] user=0x07d1f5aA77c4849B6c1A7c0EBe192f948F69A096 shares=77993353339 reqId=49 locked=160526140177
  2026-04-17 06:25:01,684 INFO [REQUEST_REDEEM] user=0x659F4516A682806BE769C8c24a3f6EAAFF683c45 shares=32874078936 reqId=50 locked=193071478323
  2026-04-17 06:25:01,685 INFO [REQUEST_REDEEM] user=0xD6E9Cde0fB5eE2e1b0d82334c5B937744e13a941 shares=208885733800 reqId=51 locked=399868354785
  2026-04-17 06:25:01,686 INFO [REQUEST_REDEEM] user=0x5C6Dc9658722E12d878Ecb0531365adc92A9E7EE shares=140914781159 reqId=52 locked=539373988132
  2026-04-17 06:25:01,687 INFO [PROCESS_BATCH] count=6 totalShares=539373988132 redeemIF=320716323180
  2026-04-17 06:25:01,687 INFO [CASE_C] batch1 processed: count=6 lockedShares=539373988132
  2026-04-17 06:25:01,688 INFO [REQUEST_REDEEM] user=0xc9b1283554C01bb4f6B129fD468526636f7a6A24 shares=8543716313 reqId=53 locked=547832267281
  2026-04-17 06:25:01,689 INFO [REQUEST_REDEEM] user=0x541ffB247Fefa9aa20a5CD51E7dB50a7ce90852c shares=20956361068 reqId=54 locked=568579064738
  2026-04-17 06:25:01,689 INFO [PROCESS_BATCH] count=2 totalShares=29205076606 redeemIF=320716323180
  2026-04-17 06:25:01,690 INFO [CASE_C] batch2 processed: count=2 lockedShares=568579064738 TWO BATCHES PROCESSING
  2026-04-17 06:25:01,693 INFO [SETTLE] adapter=0x13aa49bAc059d709dd0a18D6bb63290076a702D7 investIds=0 redeemIds=1 investIF=0 redeemIF=0
  2026-04-17 06:25:01,693 INFO [CASE_C] out-of-order finalize: batch2 first
  2026-04-17 06:25:01,694 INFO [FINALIZE_BATCH] count=2 totalSettled=28645531554 cash=1029434527968
  2026-04-17 06:25:01,698 INFO [FINALIZE_BATCH] count=6 totalSettled=529040029759 cash=500394498209
  2026-04-17 06:25:01,703 INFO [R16] assets=7657688598528 supply=7677943667744 rate=980840829189771929 cash=500394498209 investIF=0 redeemIF=0 locked=0 gas=6822437
  2026-04-17 06:25:01,704 INFO [CASE_D] depositDuringProcessing start
  2026-04-17 06:25:01,704 INFO [REBALANCE] cashBefore=500394498209 cashAfter=500394498209 investIF=0 redeemIF=265374361643
  2026-04-17 06:25:01,705 INFO [REQUEST_REDEEM] user=0x47fb981641F67d9e4b06A870ea0272c8B376Bf0d shares=145350854308 reqId=55 locked=143897345764
  2026-04-17 06:25:01,706 INFO [REQUEST_REDEEM] user=0xBD0CD5D75fF6d273987CccD7dfda87f98D1292b4 shares=41415825890 reqId=56 locked=184899013395
  2026-04-17 06:25:01,706 INFO [REQUEST_REDEEM] user=0x40A53b22Be78f87A5B5D5839CAC8F1Fa6ae8DDdE shares=153206810448 reqId=57 locked=336573755738
  2026-04-17 06:25:01,707 INFO [REQUEST_REDEEM] user=0x33c46C0Cd49304F9DE902a7A04993dDD40142919 shares=5521579697 reqId=58 locked=342040119638
  2026-04-17 06:25:01,708 INFO [REQUEST_REDEEM] user=0xB2f39617e6E2A87ADd08CF0d018836A4ba5A7ec2 shares=50857801735 reqId=59 locked=392389343355
  2026-04-17 06:25:01,708 INFO [REQUEST_REDEEM] user=0xd43c90dcA27c3e5Ff51aF8AE36840a622B7D56A4 shares=11822772641 reqId=60 locked=404093888269
  2026-04-17 06:25:01,709 INFO [REQUEST_REDEEM] user=0xd6BBac51C4429FD27db952924cE8a296d3859DF0 shares=14800371856 reqId=61 locked=418746256406
  2026-04-17 06:25:01,710 INFO [REQUEST_REDEEM] user=0xEA2eEFe061e69e87850088Cea9251E8f63Ab4A6c shares=6776416182 reqId=62 locked=425454908426
  2026-04-17 06:25:01,710 INFO [REQUEST_REDEEM] user=0xDC5903674C1990486470eDa9D1Ca25C43CdEAF40 shares=1365837710 reqId=63 locked=426807087758
  2026-04-17 06:25:01,712 INFO [PROCESS_BATCH] count=9 totalShares=426807087758 redeemIF=336865137509
  2026-04-17 06:25:01,712 INFO [DEPOSIT] user=0xc9b1283554C01bb4f6B129fD468526636f7a6A24 amt=14739797408 shares=15027715985 cash=515134295617
  2026-04-17 06:25:01,713 INFO [DEPOSIT] user=0xe28240AA399D71EC7863E128F6780fd12DBDaB2B amt=16994058288 shares=17326010278 cash=532128353905
  2026-04-17 06:25:01,713 INFO [DEPOSIT] user=0xd138f73424751Bc1A77EdB3bAe475b5fc348d3a1 amt=48156905149 shares=49097573954 cash=580285259054
  2026-04-17 06:25:01,714 INFO [DEPOSIT] user=0x4A31B5d28e52AE80232899Eba1280ebDd381d641 amt=17467501774 shares=17808701732 cash=597752760828
  2026-04-17 06:25:01,715 INFO [DEPOSIT] user=0xc9dE71BBA301aC7bFEFEbfD4d6F03172732F5Ea6 amt=30796218631 shares=31397773945 cash=628548979459
  2026-04-17 06:25:01,715 INFO [DEPOSIT] user=0x360234b378FdE87C135492D19EDc8008a39FbF4E amt=37821526992 shares=38560310568 cash=666370506451
  2026-04-17 06:25:01,716 INFO [DEPOSIT] user=0x86CCEA3b8301c0a111a41d1AFc4Ce37fEb30a29D amt=18514158038 shares=18875802767 cash=684884664489
  2026-04-17 06:25:01,716 INFO [DEPOSIT] user=0x07d1f5aA77c4849B6c1A7c0EBe192f948F69A096 amt=29106461280 shares=29675009862 cash=713991125769
  2026-04-17 06:25:01,718 INFO [DEPOSIT] user=0xd138f73424751Bc1A77EdB3bAe475b5fc348d3a1 amt=24607052456 shares=25087712219 cash=738598178225
  2026-04-17 06:25:01,718 INFO [DEPOSIT] user=0x16eD79FBb5F6ffA75cdAC1d0bAE2d6a59012EfB4 amt=24053239553 shares=24523081459 cash=762651417778
  2026-04-17 06:25:01,719 INFO [DEPOSIT] user=0xEf760979FA95262E4517EA7fd1c8C92F7051890e amt=19735794467 shares=20121301927 cash=782387212245
  2026-04-17 06:25:01,719 INFO [DEPOSIT] user=0x2AE7612ba0a0019203bD59C45B53d1728f4DAD50 amt=27811584883 shares=28354840107 cash=810198797128
  2026-04-17 06:25:01,720 INFO [DEPOSIT] user=0x3A509c55A1282b1d963bb5C0B4D77c51043D60A0 amt=28472604408 shares=29028771601 cash=838671401536
  2026-04-17 06:25:01,720 INFO [CASE_D] deposited=338276903327 during PROCESSING, lockedShares=426807087758
  2026-04-17 06:25:01,724 INFO [SETTLE] adapter=0x13aa49bAc059d709dd0a18D6bb63290076a702D7 investIds=0 redeemIds=2 investIF=0 redeemIF=0
  2026-04-17 06:25:01,725 INFO [FINALIZE_BATCH] count=9 totalSettled=418629817857 cash=756906721188
  2026-04-17 06:25:01,731 INFO [R17] assets=7577335683998 supply=7596021186390 rate=980840829189771929 cash=756906721188 investIF=0 redeemIF=0 locked=0 gas=8510523
  2026-04-17 06:25:01,731 INFO [CASE_E] syncRedeemDuringProcessing start
  2026-04-17 06:25:01,731 INFO [REBALANCE] cashBefore=756906721188 cashAfter=756906721188 investIF=0 redeemIF=0
  2026-04-17 06:25:01,733 INFO [REQUEST_REDEEM] user=0xEf760979FA95262E4517EA7fd1c8C92F7051890e shares=201782043478 reqId=64 locked=199764223043
  2026-04-17 06:25:01,734 INFO [REQUEST_REDEEM] user=0x9343B8a1ED5C863DEE9a19Eab1E0c01471F22ed1 shares=40127120205 reqId=65 locked=239490072045
  2026-04-17 06:25:01,734 INFO [REQUEST_REDEEM] user=0x86e9ab99E2ADb977B93DE0dD7187AB821797C272 shares=140000000000 reqId=66 locked=378090072045
  2026-04-17 06:25:01,735 INFO [REQUEST_REDEEM] user=0xF3EfC633b38e70446E357e124D3004fD706783ac shares=124405998816 reqId=67 locked=501252010872
  2026-04-17 06:25:01,736 INFO [PROCESS_BATCH] count=4 totalShares=501252010872 redeemIF=226390154763
  2026-04-17 06:25:01,736 INFO [CASE_E] PROCESSING active: freeCash=265258283211 lockedShares=501252010872
  2026-04-17 06:25:01,737 INFO [SYNC_REDEEM] user=0x2E076E5AB95EC8541e5f425c4a75a96378dCFcDf shares=70329874868 assets=68292588654 cash=688614132534
  2026-04-17 06:25:01,738 INFO [SYNC_REDEEM] user=0xd43c90dcA27c3e5Ff51aF8AE36840a622B7D56A4 shares=1696389727 assets=1647249422 cash=686966883112
  2026-04-17 06:25:01,738 INFO [CASE_E] syncRedeems during PROCESSING: done=2 skipped=0
  2026-04-17 06:25:01,741 INFO [SETTLE] adapter=0x13aa49bAc059d709dd0a18D6bb63290076a702D7 investIds=0 redeemIds=1 investIF=0 redeemIF=0
  2026-04-17 06:25:01,742 INFO [FINALIZE_BATCH] count=4 totalSettled=491648437974 cash=421708599901
  2026-04-17 06:25:01,747 INFO [R18] assets=7015747407948 supply=7023463173570 rate=980840829189771929 cash=421708599901 investIF=0 redeemIF=0 locked=0 gas=4495156
  2026-04-17 06:25:01,748 INFO [CASE_F] rebalanceWithPendingRequests start
  2026-04-17 06:25:01,749 INFO [REQUEST_REDEEM] user=0xEf760979FA95262E4517EA7fd1c8C92F7051890e shares=24094629754 reqId=68 locked=23853683456
  2026-04-17 06:25:01,749 INFO [REQUEST_REDEEM] user=0xe9c710345d7da557741eD1e21c3693AbcB843C38 shares=60427801 reqId=69 locked=23913506978
  2026-04-17 06:25:01,750 INFO [REQUEST_REDEEM] user=0x2AE7612ba0a0019203bD59C45B53d1728f4DAD50 shares=13280723601 reqId=70 locked=37061423342
  2026-04-17 06:25:01,750 INFO [CASE_F] PENDING requests created: freeCash=385357242699 lockedShares=37061423342
  2026-04-17 06:25:01,751 INFO [REBALANCE] cashBefore=421708599901 cashAfter=421708599901 investIF=0 redeemIF=316217498095
  2026-04-17 06:25:01,751 INFO [CASE_F] rebalance with PENDING: investIF=0
  2026-04-17 06:25:01,754 INFO [PROCESS_BATCH] count=3 totalShares=37061423342 redeemIF=316217498095
  2026-04-17 06:25:01,758 INFO [SETTLE] adapter=0x13aa49bAc059d709dd0a18D6bb63290076a702D7 investIds=0 redeemIds=1 investIF=0 redeemIF=0
  2026-04-17 06:25:01,758 INFO [FINALIZE_BATCH] count=3 totalSettled=36351357200 cash=701574740796
  2026-04-17 06:25:01,764 INFO [R19] assets=6979396050748 supply=6986401750228 rate=980840829189771929 cash=701574740796 investIF=0 redeemIF=0 locked=0 gas=4301903
  2026-04-17 06:25:01,764 INFO [CASE_G] kitchenSink start
  2026-04-17 06:25:01,765 INFO [DEPOSIT] user=0xCc8d1dBe249D2e58b16448F811033d4DB08560ba amt=44116384561 shares=44978128201 cash=745691125357
  2026-04-17 06:25:01,765 INFO [DEPOSIT] user=0x659F4516A682806BE769C8c24a3f6EAAFF683c45 amt=36813652354 shares=37532748697 cash=782504777711
  2026-04-17 06:25:01,766 INFO [DEPOSIT] user=0x79C4EEdC8dC64871eA14d5c50Ef985e2C3E89666 amt=30059034451 shares=30646190040 cash=812563812162
  2026-04-17 06:25:01,767 INFO [DEPOSIT] user=0x07d1f5aA77c4849B6c1A7c0EBe192f948F69A096 amt=15516956841 shares=15820055996 cash=828080769003
  2026-04-17 06:25:01,767 INFO [DEPOSIT] user=0x41028B966f0A5514cA9Cc57348ce75eEaee726d7 amt=38000458086 shares=38742736797 cash=866081227089
  2026-04-17 06:25:01,768 INFO [DEPOSIT] user=0x86CCEA3b8301c0a111a41d1AFc4Ce37fEb30a29D amt=39372014273 shares=40141084160 cash=905453241362
  2026-04-17 06:25:01,768 INFO [DEPOSIT] user=0x2AE7612ba0a0019203bD59C45B53d1728f4DAD50 amt=45738990746 shares=46632429426 cash=951192232108
  2026-04-17 06:25:01,769 INFO [DEPOSIT] user=0x857b9E75406269BC6Ff055174C1F802C0B6Dd59e amt=30487384561 shares=31082907291 cash=981679616669
  2026-04-17 06:25:01,770 INFO [DEPOSIT] user=0x82d7400483aBEAF1446C212f8406C8B7B49F4688 amt=30649930096 shares=31248627895 cash=1012329546765
  2026-04-17 06:25:01,770 INFO [DEPOSIT] user=0x38bca73b2f093033cD94E0db8BD473b02bF5A75b amt=19052257287 shares=19424412932 cash=1031381804052
  2026-04-17 06:25:01,771 INFO [DEPOSIT] user=0x6F8331ca48793E655C83ea77c0C6E20Cdb3bdF92 amt=29069940088 shares=29637775287 cash=1060451744140
  2026-04-17 06:25:01,771 INFO [DEPOSIT] user=0x2E4cA526F907913f21610FC1d2673115AF599957 amt=33368686667 shares=34020491066 cash=1093820430807
  2026-04-17 06:25:01,772 INFO [DEPOSIT] user=0xd1625DF453de411302053727B6555F33f1A2Ed89 amt=34182246727 shares=34849942732 cash=1128002677534
  2026-04-17 06:25:01,773 INFO [REBALANCE] cashBefore=1128002677534 cashAfter=740582398748 investIF=387420278786 redeemIF=0
  2026-04-17 06:25:01,773 INFO [REQUEST_REDEEM] user=0x79C4EEdC8dC64871eA14d5c50Ef985e2C3E89666 shares=21448299582 reqId=71 locked=21233816586
  2026-04-17 06:25:01,774 INFO [REQUEST_REDEEM] user=0xcAEfd2EF290bd6A7575050D69DbF1bA3e746876C shares=140831052373 reqId=72 locked=160656558435
  2026-04-17 06:25:01,775 INFO [REQUEST_REDEEM] user=0x2E4cA526F907913f21610FC1d2673115AF599957 shares=21937667716 reqId=73 locked=182374849473
  2026-04-17 06:25:01,775 INFO [REQUEST_REDEEM] user=0x2E076E5AB95EC8541e5f425c4a75a96378dCFcDf shares=116104527543 reqId=74 locked=297318331740
  2026-04-17 06:25:01,776 INFO [PROCESS_BATCH] count=4 totalShares=297318331740 redeemIF=0
  2026-04-17 06:25:01,780 INFO [RATE_UPDATE] old=980840829189771929 new=980644661023933975
  2026-04-17 06:25:01,780 INFO [DEPOSIT] user=0x41f9f422C5D18Cc4CCDB1fd62c6ec49F6Ec4A4CA amt=24625171427 shares=25111207357 cash=765207570175
  2026-04-17 06:25:01,781 INFO [DEPOSIT] user=0xEA2eEFe061e69e87850088Cea9251E8f63Ab4A6c amt=10534520513 shares=10742444161 cash=775742090688
  2026-04-17 06:25:01,781 INFO [SETTLE] adapter=0x13aa49bAc059d709dd0a18D6bb63290076a702D7 investIds=1 redeemIds=0 investIF=0 redeemIF=0
  2026-04-17 06:25:01,785 INFO [REQUEST_REDEEM] user=0x8a9f34142b79144c597762b246caf053d845412B shares=3160397967 reqId=75 locked=300447125727
  2026-04-17 06:25:01,786 INFO [REQUEST_REDEEM] user=0x33c46C0Cd49304F9DE902a7A04993dDD40142919 shares=49450296 reqId=76 locked=300496081520
  2026-04-17 06:25:01,786 INFO [REQUEST_REDEEM] user=0x857b9E75406269BC6Ff055174C1F802C0B6Dd59e shares=19859000456 reqId=77 locked=320156491971
  2026-04-17 06:25:01,787 INFO [REQUEST_REDEEM] user=0x2AE7612ba0a0019203bD59C45B53d1728f4DAD50 shares=52578615342 reqId=78 locked=372209321159
  2026-04-17 06:25:01,788 INFO [REQUEST_REDEEM] user=0x94bA732E4ECADE4aB1baa6cCEae577E33A71105a shares=41923314222 reqId=79 locked=413713402238
  2026-04-17 06:25:01,789 INFO [PROCESS_BATCH] count=5 totalShares=116395070498 redeemIF=0
  2026-04-17 06:25:01,789 INFO [CASE_G] TWO BATCHES PROCESSING: batch1=4 batch2=5
  2026-04-17 06:25:01,789 INFO [PRICE_UPDATE] old=1016896469503256228 new=1008557918453329527
  2026-04-17 06:25:01,793 INFO [FINALIZE_BATCH] count=5 totalSettled=114142204451 cash=661599886237
  2026-04-17 06:25:01,797 INFO [FINALIZE_BATCH] count=4 totalSettled=291563634643 cash=370036251594
  2026-04-17 06:25:01,805 INFO [PRICE_UPDATE] old=1008557918453329527 new=1032359885328828103
  2026-04-17 06:25:01,805 INFO [R20] assets=7095275893735 supply=7044494975868 rate=980644661023933975 cash=370036251594 investIF=0 redeemIF=0 locked=0 gas=11718808
  2026-04-17 06:25:01,806 INFO [CASE_A] dualInFlight start
  2026-04-17 06:25:01,806 INFO [REBALANCE] cashBefore=370036251594 cashAfter=370036251594 investIF=0 redeemIF=339491337779
  2026-04-17 06:25:01,807 INFO [CASE_A] rebalance did not invest, settling and continuing
  2026-04-17 06:25:01,808 INFO [REQUEST_REDEEM] user=0xC9e87755ff8f4F682d8665f2dEA24f5FdE78369e shares=41241995922 reqId=80 locked=40829575962
  2026-04-17 06:25:01,808 INFO [REQUEST_REDEEM] user=0x93E5D0bB255286Cd913CB5aEFd9832c3F474f75a shares=185513693137 reqId=81 locked=224488132167
  2026-04-17 06:25:01,809 INFO [REQUEST_REDEEM] user=0x79C4EEdC8dC64871eA14d5c50Ef985e2C3E89666 shares=4851573747 reqId=82 locked=229291190176
  2026-04-17 06:25:01,810 INFO [REQUEST_REDEEM] user=0x4A31B5d28e52AE80232899Eba1280ebDd381d641 shares=4979750226 reqId=83 locked=234221142899
  2026-04-17 06:25:01,810 INFO [PROCESS_BATCH] count=4 totalShares=234221142899 redeemIF=339491337779
  2026-04-17 06:25:01,817 INFO [SETTLE] adapter=0x13aa49bAc059d709dd0a18D6bb63290076a702D7 investIds=0 redeemIds=1 investIF=0 redeemIF=0
  2026-04-17 06:25:01,818 INFO [FINALIZE_BATCH] count=4 totalSettled=229687713281 cash=479839876092
  2026-04-17 06:25:01,823 INFO [RATE_UPDATE] old=980644661023933975 new=970838214413694635
  2026-04-17 06:25:01,824 INFO [R21] assets=6865588180454 supply=6810825809377 rate=970838214413694635 cash=479839876092 investIF=0 redeemIF=0 locked=0 gas=4991294
  2026-04-17 06:25:01,824 INFO [CASE_B] rateChangeMidBatch start
  2026-04-17 06:25:01,825 INFO [REBALANCE] cashBefore=479839876092 cashAfter=479839876092 investIF=0 redeemIF=206718941953
  2026-04-17 06:25:01,826 INFO [REQUEST_REDEEM] user=0xd138f73424751Bc1A77EdB3bAe475b5fc348d3a1 shares=125202708763 reqId=84 locked=123950681675
  2026-04-17 06:25:01,826 INFO [REQUEST_REDEEM] user=0xF7688502C1a0C65BC98DB90A63Ffb05870752e39 shares=2504262795 reqId=85 locked=126429901842
  2026-04-17 06:25:01,827 INFO [REQUEST_REDEEM] user=0xD2b28C15773DDCa8d040BaE7F096b73bEdC29786 shares=126168087624 reqId=86 locked=251336308589
  2026-04-17 06:25:01,828 INFO [REQUEST_REDEEM] user=0x16eD79FBb5F6ffA75cdAC1d0bAE2d6a59012EfB4 shares=20066919138 reqId=87 locked=271202558535
  2026-04-17 06:25:01,828 INFO [REQUEST_REDEEM] user=0xf068d5D7282e393a851Cb6dAE18379FffBF5e79F shares=124297872416 reqId=88 locked=394257452226
  2026-04-17 06:25:01,829 INFO [PROCESS_BATCH] count=5 totalShares=394257452226 redeemIF=285680525783
  2026-04-17 06:25:01,830 INFO [RATE_UPDATE] old=970838214413694635 new=980546596557831581
  2026-04-17 06:25:01,830 INFO [CASE_B] rate changed during PROCESSING: before=970838214413694635 after=980546596557831581
  2026-04-17 06:25:01,831 INFO [PRICE_UPDATE] old=1032359885328828103 new=1052490903092740251
  2026-04-17 06:25:01,834 INFO [SETTLE] adapter=0x13aa49bAc059d709dd0a18D6bb63290076a702D7 investIds=0 redeemIds=2 investIF=0 redeemIF=0
  2026-04-17 06:25:01,835 INFO [FINALIZE_BATCH] count=5 totalSettled=386587802945 cash=378932598930
  2026-04-17 06:25:01,841 INFO [R22] assets=6557108726433 supply=6416648932532 rate=980546596557831581 cash=378932598930 investIF=0 redeemIF=0 locked=0 gas=5022018
  2026-04-17 06:25:01,841 INFO [CASE_C] overlappingBatches start
  2026-04-17 06:25:01,842 INFO [REBALANCE] cashBefore=378932598930 cashAfter=378932598930 investIF=0 redeemIF=276778273713
  2026-04-17 06:25:01,842 INFO [REQUEST_REDEEM] user=0xd138f73424751Bc1A77EdB3bAe475b5fc348d3a1 shares=844541958 reqId=89 locked=836096538
  2026-04-17 06:25:01,843 INFO [REQUEST_REDEEM] user=0x85C1DEc484523E1573B32015A4898Fdb3AEceC99 shares=4925592007 reqId=90 locked=5712432624
  2026-04-17 06:25:01,844 INFO [REQUEST_REDEEM] user=0x18B9f376dB8a8168F153fcB2809B9125A904cA1F shares=13230859611 reqId=91 locked=18810983638
  2026-04-17 06:25:01,844 INFO [REQUEST_REDEEM] user=0x93E5D0bB255286Cd913CB5aEFd9832c3F474f75a shares=13805426440 reqId=92 locked=32478355813
  2026-04-17 06:25:01,845 INFO [PROCESS_BATCH] count=4 totalShares=32478355813 redeemIF=276778273713
  2026-04-17 06:25:01,845 INFO [CASE_C] batch1 processed: count=4 lockedShares=32478355813
  2026-04-17 06:25:01,846 INFO [REQUEST_REDEEM] user=0xc9b1283554C01bb4f6B129fD468526636f7a6A24 shares=25835197780 reqId=93 locked=58055201615
  2026-04-17 06:25:01,847 INFO [REQUEST_REDEEM] user=0x970C1C353cF00bfF83df663A00a951abf922d4EB shares=14063744870 reqId=94 locked=71978309036
  2026-04-17 06:25:01,847 INFO [PROCESS_BATCH] count=2 totalShares=39499953223 redeemIF=276778273713
  2026-04-17 06:25:01,848 INFO [CASE_C] batch2 processed: count=2 lockedShares=71978309036 TWO BATCHES PROCESSING
  2026-04-17 06:25:01,851 INFO [SETTLE] adapter=0x13aa49bAc059d709dd0a18D6bb63290076a702D7 investIds=0 redeemIds=1 investIF=0 redeemIF=0
  2026-04-17 06:25:01,852 INFO [FINALIZE_BATCH] count=4 totalSettled=31846541252 cash=623864331391
  2026-04-17 06:25:01,856 INFO [FINALIZE_BATCH] count=2 totalSettled=38731544696 cash=585132786695
  2026-04-17 06:25:01,861 INFO [R23] assets=6486530640485 supply=6344670623496 rate=980546596557831581 cash=585132786695 investIF=0 redeemIF=0 locked=0 gas=6064898
  2026-04-17 06:25:01,861 INFO [CASE_D] depositDuringProcessing start
  2026-04-17 06:25:01,861 INFO [REBALANCE] cashBefore=585132786695 cashAfter=585132786695 investIF=0 redeemIF=0
  2026-04-17 06:25:01,862 INFO [REQUEST_REDEEM] user=0x1D723989b20E58D9ab31ab322D50500a7f8AF86F shares=8810569101 reqId=95 locked=8722463409
  2026-04-17 06:25:01,863 INFO [REQUEST_REDEEM] user=0x93E5D0bB255286Cd913CB5aEFd9832c3F474f75a shares=472982414 reqId=96 locked=9190715998
  2026-04-17 06:25:01,863 INFO [REQUEST_REDEEM] user=0x18c2d25B5Ab8A74D8BDff608315C7083dfA35512 shares=195082902404 reqId=97 locked=202322789377
  2026-04-17 06:25:01,864 INFO [REQUEST_REDEEM] user=0x3Bf2286191E5f3C0757a74d7ee0fea7D8e2df5C8 shares=128058465117 reqId=98 locked=329100669842
  2026-04-17 06:25:01,865 INFO [REQUEST_REDEEM] user=0x41f9f422C5D18Cc4CCDB1fd62c6ec49F6Ec4A4CA shares=8989113174 reqId=99 locked=337999891884
  2026-04-17 06:25:01,865 INFO [REQUEST_REDEEM] user=0x5f667Cb9D803eA4DB6d020200D8D760B92bf3Ac4 shares=57443999631 reqId=100 locked=394869451518
  2026-04-17 06:25:01,866 INFO [REQUEST_REDEEM] user=0xBD7955710A8af008dd5D86c0aa42DAa654C4510b shares=128621181288 reqId=101 locked=522204420993
  2026-04-17 06:25:01,867 INFO [REQUEST_REDEEM] user=0x16eD79FBb5F6ffA75cdAC1d0bAE2d6a59012EfB4 shares=590467111 reqId=102 locked=522788983432
  2026-04-17 06:25:01,868 INFO [REQUEST_REDEEM] user=0x8a9f34142b79144c597762b246caf053d845412B shares=1334852102 reqId=103 locked=524110487012
  2026-04-17 06:25:01,869 INFO [REQUEST_REDEEM] user=0x3A509c55A1282b1d963bb5C0B4D77c51043D60A0 shares=7389687671 reqId=104 locked=531426277806
  2026-04-17 06:25:01,869 INFO [REQUEST_REDEEM] user=0xD6E9Cde0fB5eE2e1b0d82334c5B937744e13a941 shares=6766574099 reqId=105 locked=538125186164
  2026-04-17 06:25:01,871 INFO [PROCESS_BATCH] count=11 totalShares=538125186164 redeemIF=470180852931
  2026-04-17 06:25:01,871 INFO [DEPOSIT] user=0xCc8d1dBe249D2e58b16448F811033d4DB08560ba amt=23169570432 shares=23629239562 cash=608302357127
  2026-04-17 06:25:01,872 INFO [DEPOSIT] user=0xc9b1283554C01bb4f6B129fD468526636f7a6A24 amt=23246329570 shares=23707521551 cash=631548686697
  2026-04-17 06:25:01,872 INFO [DEPOSIT] user=0xEf760979FA95262E4517EA7fd1c8C92F7051890e amt=34464301647 shares=35148050860 cash=666012988344
  2026-04-17 06:25:01,873 INFO [DEPOSIT] user=0x4a3D85077FcF8CeC728aab20BBD4D15b9b909BCe amt=17451774719 shares=17798006520 cash=683464763063
  2026-04-17 06:25:01,874 INFO [DEPOSIT] user=0x713Fd3016b6C4D777aDF817595E4f00104Ca6C43 amt=39450946021 shares=40233626998 cash=722915709084
  2026-04-17 06:25:01,874 INFO [DEPOSIT] user=0x31cDa1195747cdEc968E6e77A2D11c468Fe25F2f amt=17051859967 shares=17390157721 cash=739967569051
  2026-04-17 06:25:01,875 INFO [DEPOSIT] user=0x2AE7612ba0a0019203bD59C45B53d1728f4DAD50 amt=24712090861 shares=25202362588 cash=764679659912
  2026-04-17 06:25:01,875 INFO [DEPOSIT] user=0xAF4E03CFADC9367EE067CEe3AdCA170b6e467f97 amt=10827351060 shares=11042158626 cash=775507010972
  2026-04-17 06:25:01,876 INFO [DEPOSIT] user=0x14901990E67AA472848A2aD50b7F851f39106fE9 amt=31728566510 shares=32358040526 cash=807235577482
  2026-04-17 06:25:01,877 INFO [DEPOSIT] user=0x74cb8CaDB78A2e1956B76ebb4f62aFD7C6A9CB70 amt=49554395093 shares=50537521895 cash=856789972575
  2026-04-17 06:25:01,877 INFO [DEPOSIT] user=0x530fb0850adaaeedb8DC79DF00fc07B516E6D503 amt=12814599681 shares=13068832961 cash=869604572256
  2026-04-17 06:25:01,878 INFO [DEPOSIT] user=0x2AC7a9521BCf633f450C89A5C8f906feC13A4A7B amt=20846540274 shares=21260122004 cash=890451112530
  2026-04-17 06:25:01,880 INFO [DEPOSIT] user=0xFBc0bf15bE9863A65707b6890f6c3D9Cf8f2CeCf amt=27743514164 shares=28293927347 cash=918194626694
  2026-04-17 06:25:01,881 INFO [DEPOSIT] user=0xd1625DF453de411302053727B6555F33f1A2Ed89 amt=39414263348 shares=40196216565 cash=957608890042
  2026-04-17 06:25:01,881 INFO [DEPOSIT] user=0xD2b28C15773DDCa8d040BaE7F096b73bEdC29786 amt=40333415295 shares=41133603886 cash=997942305337
  2026-04-17 06:25:01,881 INFO [CASE_D] deposited=412809518642 during PROCESSING, lockedShares=538125186164
  2026-04-17 06:25:01,886 INFO [SETTLE] adapter=0x13aa49bAc059d709dd0a18D6bb63290076a702D7 investIds=0 redeemIds=1 investIF=0 redeemIF=0
  2026-04-17 06:25:01,887 INFO [FINALIZE_BATCH] count=11 totalSettled=527656819810 cash=940466338458
  2026-04-17 06:25:01,893 INFO [R24] assets=6371683339317 supply=6227544826942 rate=980546596557831581 cash=940466338458 investIF=0 redeemIF=0 locked=0 gas=9684769
  2026-04-17 06:25:01,893 INFO [CASE_E] syncRedeemDuringProcessing start
  2026-04-17 06:25:01,894 INFO [REBALANCE] cashBefore=940466338458 cashAfter=637168333931 investIF=303298004527 redeemIF=0
  2026-04-17 06:25:01,894 INFO [SETTLE] adapter=0x13aa49bAc059d709dd0a18D6bb63290076a702D7 investIds=1 redeemIds=0 investIF=0 redeemIF=0
  2026-04-17 06:25:01,895 INFO [REQUEST_REDEEM] user=0xd43c90dcA27c3e5Ff51aF8AE36840a622B7D56A4 shares=3090792528 reqId=106 locked=3059884602
  2026-04-17 06:25:01,896 INFO [REQUEST_REDEEM] user=0x659F4516A682806BE769C8c24a3f6EAAFF683c45 shares=59118476111 reqId=107 locked=61587175951
  2026-04-17 06:25:01,896 INFO [REQUEST_REDEEM] user=0x2AC7a9521BCf633f450C89A5C8f906feC13A4A7B shares=153985429174 reqId=108 locked=214032750833
  2026-04-17 06:25:01,897 INFO [REQUEST_REDEEM] user=0x94bA732E4ECADE4aB1baa6cCEae577E33A71105a shares=1597704922 reqId=109 locked=215614478705
  2026-04-17 06:25:01,898 INFO [REQUEST_REDEEM] user=0xD9E3c5BeB4fEE5D8c49747D73c20E0ce873190Dc shares=77295179136 reqId=110 locked=292136706049
  2026-04-17 06:25:01,899 INFO [PROCESS_BATCH] count=5 totalShares=292136706049 redeemIF=0
  2026-04-17 06:25:01,899 INFO [CASE_E] PROCESSING active: freeCash=350714681085 lockedShares=292136706049
  2026-04-17 06:25:01,900 INFO [SYNC_REDEEM] user=0xEf760979FA95262E4517EA7fd1c8C92F7051890e shares=24943500887 assets=24213682251 cash=612954651680
  2026-04-17 06:25:01,901 INFO [SYNC_REDEEM] user=0xae285ccF695F76666c05256F4daB08B00691CBec shares=154116529489 assets=149607254078 cash=463347397602
  2026-04-17 06:25:01,901 INFO [SYNC_REDEEM] user=0x33c46C0Cd49304F9DE902a7A04993dDD40142919 shares=289321551 assets=280856329 cash=463066541273
  2026-04-17 06:25:01,902 INFO [CASE_E] syncRedeems during PROCESSING: done=3 skipped=0
  2026-04-17 06:25:01,906 INFO [FINALIZE_BATCH] count=5 totalSettled=286453652844 cash=176612888429
  2026-04-17 06:25:01,910 INFO [PRICE_UPDATE] old=1052490903092740251 new=1071856735709646671
  2026-04-17 06:25:01,911 INFO [R25] assets=5986267324369 supply=5757852262486 rate=980546596557831581 cash=176612888429 investIF=0 redeemIF=0 locked=0 gas=5362116
  2026-04-17 06:25:01,911 INFO [CASE_F] rebalanceWithPendingRequests start

Suite result: FAILED. 0 passed; 1 failed; 0 skipped; finished in 587.38ms (561.88ms CPU time)

Ran 1 test suite in 589.28ms (587.38ms CPU time): 0 tests passed, 1 failed, 0 skipped (1 total tests)

Failing tests:
Encountered 1 failing test in test/stress/S10_InterleavedOperations.t.sol:S10_InterleavedOperations
[FAIL: Vault__BelowMinRedeem(999999 [9.999e5], 1000000 [1e6])] test_interleavedOperations() (gas: 151892297)

Encountered a total of 1 failing tests, 0 tests succeeded

