ts	contract	seed	result	actualRounds	totalTx	deposits	syncRedeems	asyncRedeems	processBatch	finalizeBatch	rebalances	settlements	rateUpdates	priceUpdates	invariantChecks	invariantFails	totalGasUsed	wallMs
1776309507807	S1_DepositRedeemMix	12345	PASSED	50	1307	837	464	0	0	0	0	0	4	2	51	0	246374379	960
1776309586075	S2_AsyncRedeemFullCycle	12345	PASSED	50	503	58	0	332	49	49	0	0	9	6	151	0	274587720	914
1776309666788	S3_RebalanceSettlement	12345	PASSED	50	1770	819	0	715	50	50	50	68	9	9	201	0	627672699	1712
1776309743626	S4_ExchangeRateFeeAccrual	12345	PASSED	50	172	95	18	0	0	0	0	0	50	9	50	0	54904344	254
1776309826094	S5_SanctionedUserInterlace	12345	PASSED	50	2302	1855	386	17	17	17	0	0	6	4	51	0	426951628	1384
1776309911708	S6_InFlightEdgeCases	12345	PASSED	50	423	153	21	75	26	26	58	36	16	12	51	0	134040820	489
1776309995032	S7_FullProtocolEndurance	12345	PASSED	15	959	498	105	283	15	15	15	9	15	4	17	0	221374172	614
1776310073838	S8_InvestSettlementEdge	12345	PASSED	50	242	100	0	0	0	0	50	64	16	12	51	0	94402757	359
1776310158523	S9_MultiAdapterMix	12345	PASSED	50	1610	898	0	497	49	49	50	45	9	13	102	0	459918397	1323
1776310163356	S1_DepositRedeemMix	22345	PASSED	50	1277	822	449	0	0	0	0	0	4	2	51	0	241258238	954
1776310168107	S2_AsyncRedeemFullCycle	22345	PASSED	50	494	54	0	325	50	50	0	0	9	6	151	0	270023550	894
1776310173738	S3_RebalanceSettlement	22345	PASSED	50	1766	940	0	593	50	50	50	65	9	9	201	0	583939432	1750
1776310177868	S4_ExchangeRateFeeAccrual	22345	PASSED	50	199	123	17	0	0	0	0	0	50	9	50	0	58559719	265
1776310183056	S5_SanctionedUserInterlace	22345	PASSED	50	2180	1696	423	17	17	17	0	0	6	4	51	0	410823349	1328
1776310187384	S6_InFlightEdgeCases	22345	PASSED	50	412	135	21	75	30	30	58	35	16	12	51	0	131538091	469
1776310191832	S7_FullProtocolEndurance	22345	PASSED	15	959	616	94	168	15	15	15	17	15	4	17	0	188547431	582
1776310196058	S8_InvestSettlementEdge	22345	PASSED	50	246	100	0	0	0	0	50	68	16	12	51	0	95962616	379
1776310201202	S9_MultiAdapterMix	22345	PASSED	50	1547	881	0	448	50	50	50	46	9	13	102	0	434130196	1295
1776310205927	S1_DepositRedeemMix	32345	PASSED	50	1079	754	319	0	0	0	0	0	4	2	51	0	207120708	841
1776310210673	S2_AsyncRedeemFullCycle	32345	PASSED	50	466	54	0	297	50	50	0	0	9	6	151	0	257566021	866
1776310216259	S3_RebalanceSettlement	32345	PASSED	50	1624	734	0	653	50	50	50	69	9	9	201	0	581844352	1730
1776310220390	S4_ExchangeRateFeeAccrual	32345	PASSED	50	185	105	21	0	0	0	0	0	50	9	50	0	57042325	274
1776310225573	S5_SanctionedUserInterlace	32345	PASSED	50	2180	1740	379	17	17	17	0	0	6	4	51	0	406907248	1339
1776310229972	S6_InFlightEdgeCases	32345	PASSED	50	418	153	10	83	27	27	58	32	16	12	51	0	135382476	506
1776310234422	S7_FullProtocolEndurance	32345	PASSED	15	970	489	140	263	15	15	15	14	15	4	17	0	219644182	619
1776310238609	S8_InvestSettlementEdge	32345	PASSED	50	242	100	0	0	0	0	50	64	16	12	51	0	94443460	360
1776310243682	S9_MultiAdapterMix	32345	PASSED	50	1499	862	0	406	49	49	50	61	9	13	102	0	418761464	1208
1776310248468	S1_DepositRedeemMix	42345	PASSED	50	1180	787	387	0	0	0	0	0	4	2	51	0	224264714	882
1776310253218	S2_AsyncRedeemFullCycle	42345	PASSED	50	484	54	0	319	48	48	0	0	9	6	151	0	267906946	879
1776310258781	S3_RebalanceSettlement	42345	PASSED	50	1656	783	0	651	49	49	50	56	9	9	201	0	583245874	1714
1776310262896	S4_ExchangeRateFeeAccrual	42345	PASSED	50	206	127	20	0	0	0	0	0	50	9	50	0	59188685	268
1776310268159	S5_SanctionedUserInterlace	42345	PASSED	50	2212	1730	421	17	17	17	0	0	6	4	51	0	414720986	1410
1776310272498	S6_InFlightEdgeCases	42345	PASSED	50	411	150	10	77	26	26	58	36	16	12	51	0	133107404	464
1776310276907	S7_FullProtocolEndurance	42345	PASSED	15	897	515	129	176	15	15	15	13	15	4	17	0	182931545	558
1776310281116	S8_InvestSettlementEdge	42345	PASSED	50	242	100	0	0	0	0	50	64	16	12	51	0	94389314	375
1776310286199	S9_MultiAdapterMix	42345	PASSED	50	1524	879	0	433	50	50	50	40	9	13	102	0	423559025	1210
1776310291006	S1_DepositRedeemMix	52345	PASSED	50	1248	796	446	0	0	0	0	0	4	2	51	0	236587757	958
1776310295748	S2_AsyncRedeemFullCycle	52345	PASSED	50	495	54	0	326	50	50	0	0	9	6	151	0	271906721	894
1776310301342	S3_RebalanceSettlement	52345	PASSED	50	1615	823	0	568	47	47	50	62	9	9	201	0	550190074	1670
1776310305446	S4_ExchangeRateFeeAccrual	52345	PASSED	50	206	124	23	0	0	0	0	0	50	9	50	0	59411073	284
1776310310655	S5_SanctionedUserInterlace	52345	PASSED	50	2235	1759	415	17	17	17	0	0	6	4	51	0	416706761	1362
1776310314996	S6_InFlightEdgeCases	52345	PASSED	50	411	144	19	78	27	27	58	30	16	12	51	0	130068293	456
1776310319369	S7_FullProtocolEndurance	52345	PASSED	15	794	446	123	150	15	15	15	11	15	4	17	0	160858041	506
1776310323613	S8_InvestSettlementEdge	52345	PASSED	50	243	100	0	0	0	0	50	65	16	12	51	0	94868659	363
1776310328687	S9_MultiAdapterMix	52345	PASSED	50	1540	834	0	490	49	49	50	46	9	13	102	0	446693122	1222
1776310333523	S1_DepositRedeemMix	62345	PASSED	50	1145	799	340	0	0	0	0	0	4	2	51	0	217657745	922
1776310338244	S2_AsyncRedeemFullCycle	62345	PASSED	50	472	56	0	301	50	50	0	0	9	6	151	0	259444249	865
1776310343847	S3_RebalanceSettlement	62345	PASSED	50	1728	883	0	609	49	49	50	70	9	9	201	0	584717357	1740
1776310347968	S4_ExchangeRateFeeAccrual	62345	PASSED	50	209	125	25	0	0	0	0	0	50	9	50	0	59958311	271
1776310353113	S5_SanctionedUserInterlace	62345	PASSED	50	2147	1765	321	17	17	17	0	0	6	4	51	0	397347324	1283
1776310357412	S6_InFlightEdgeCases	62345	PASSED	50	382	139	11	63	24	24	58	35	16	12	51	0	124880552	448
1776310361868	S7_FullProtocolEndurance	62345	PASSED	15	917	496	134	209	15	15	15	14	15	4	17	0	195689961	598
1776310366109	S8_InvestSettlementEdge	62345	PASSED	50	237	100	0	0	0	0	50	59	16	12	51	0	92689828	358
1776310371148	S9_MultiAdapterMix	62345	PASSED	50	1465	901	0	342	49	49	50	52	9	13	102	0	390836757	1154
1776310375984	S1_DepositRedeemMix	72345	PASSED	50	1290	858	426	0	0	0	0	0	4	2	51	0	242710216	935
1776310380717	S2_AsyncRedeemFullCycle	72345	PASSED	50	464	53	0	298	49	49	0	0	9	6	151	0	256822879	864
1776310386229	S3_RebalanceSettlement	72345	PASSED	50	1718	851	0	631	50	50	50	68	9	9	201	0	591226906	1667
1776310390402	S4_ExchangeRateFeeAccrual	72345	PASSED	50	219	135	25	0	0	0	0	0	50	9	50	0	60780191	277
1776310395561	S5_SanctionedUserInterlace	72345	PASSED	50	2057	1639	357	17	17	17	0	0	6	4	51	0	388696484	1294
1776310399923	S6_InFlightEdgeCases	72345	PASSED	50	397	144	20	72	22	22	58	31	16	12	51	0	129365455	495
1776310404298	S7_FullProtocolEndurance	72345	PASSED	15	777	409	136	155	15	15	15	13	15	4	17	0	161758555	500
1776310408491	S8_InvestSettlementEdge	72345	PASSED	50	241	100	0	0	0	0	50	63	16	12	51	0	94089402	365
1776310413658	S9_MultiAdapterMix	72345	PASSED	50	1613	936	0	451	48	48	50	58	9	13	102	0	451229858	1264
1776310418370	S1_DepositRedeemMix	82345	PASSED	50	1130	759	365	0	0	0	0	0	4	2	51	0	215836128	851
1776310423119	S2_AsyncRedeemFullCycle	82345	PASSED	50	516	55	0	346	50	50	0	0	9	6	151	0	279984096	901
1776310428633	S3_RebalanceSettlement	82345	PASSED	50	1668	840	0	605	50	50	50	55	9	9	201	0	568358910	1640
1776310432773	S4_ExchangeRateFeeAccrual	82345	PASSED	50	185	112	14	0	0	0	0	0	50	9	50	0	56951946	256
1776310437847	S5_SanctionedUserInterlace	82345	PASSED	50	1978	1623	294	17	17	17	0	0	6	4	51	0	373068244	1230
1776310442159	S6_InFlightEdgeCases	82345	PASSED	50	354	118	14	61	23	23	58	29	16	12	51	0	121634436	437
1776310446601	S7_FullProtocolEndurance	82345	PASSED	15	803	421	113	198	15	15	15	7	15	4	17	0	175086061	575
1776310450829	S8_InvestSettlementEdge	82345	PASSED	50	244	100	0	0	0	0	50	66	16	12	51	0	95233696	364
1776310455918	S9_MultiAdapterMix	82345	PASSED	50	1511	850	0	437	49	49	50	54	9	13	102	0	427220243	1226
1776310460670	S1_DepositRedeemMix	92345	PASSED	50	1164	784	374	0	0	0	0	0	4	2	51	0	221396617	909
1776310465399	S2_AsyncRedeemFullCycle	92345	PASSED	50	470	52	0	303	50	50	0	0	9	6	151	0	258898049	871
1776310470897	S3_RebalanceSettlement	92345	PASSED	50	1691	844	0	614	50	50	50	65	9	9	201	0	578258046	1638
1776310475023	S4_ExchangeRateFeeAccrual	92345	PASSED	50	200	120	21	0	0	0	0	0	50	9	50	0	58673761	268
1776310480176	S5_SanctionedUserInterlace	92345	PASSED	50	2061	1687	313	17	17	17	0	0	6	4	51	0	390633221	1272
1776310484453	S6_InFlightEdgeCases	92345	PASSED	50	379	129	13	66	27	27	58	31	16	12	51	0	124294860	439
1776310488856	S7_FullProtocolEndurance	92345	PASSED	15	830	446	129	183	14	14	15	10	15	4	17	0	175568471	537
1776310493103	S8_InvestSettlementEdge	92345	PASSED	50	244	100	0	0	0	0	50	66	16	12	51	0	95257672	377
1776310498214	S9_MultiAdapterMix	92345	PASSED	50	1558	929	0	417	47	47	50	46	9	13	102	0	427258149	1255
1776310502908	S1_DepositRedeemMix	102345	PASSED	50	1116	739	371	0	0	0	0	0	4	2	51	0	214225985	845
1776310507768	S2_AsyncRedeemFullCycle	102345	PASSED	50	573	62	0	396	50	50	0	0	9	6	151	0	305680995	990
1776310513259	S3_RebalanceSettlement	102345	PASSED	50	1683	872	0	578	49	49	50	67	9	9	201	0	566048663	1627
1776310517455	S4_ExchangeRateFeeAccrual	102345	PASSED	50	201	119	23	0	0	0	0	0	50	9	50	0	58580514	276
1776310522651	S5_SanctionedUserInterlace	102345	PASSED	50	2159	1710	388	17	17	17	0	0	6	4	51	0	401484454	1319
1776310526976	S6_InFlightEdgeCases	102345	PASSED	50	382	124	9	72	28	28	58	35	16	12	51	0	127861722	447
1776310531424	S7_FullProtocolEndurance	102345	PASSED	15	944	562	127	174	15	15	15	17	15	4	17	0	189197411	587
1776310535626	S8_InvestSettlementEdge	102345	PASSED	50	240	100	0	0	0	0	50	62	16	12	51	0	93692684	372
1776310540700	S9_MultiAdapterMix	102345	PASSED	50	1547	897	0	429	49	49	50	51	9	13	102	0	429866992	1205
1776310545536	S1_DepositRedeemMix	112345	PASSED	50	1335	887	442	0	0	0	0	0	4	2	51	0	249999944	966
1776310550283	S2_AsyncRedeemFullCycle	112345	PASSED	50	502	55	0	334	49	49	0	0	9	6	151	0	273375639	887
1776310555709	S3_RebalanceSettlement	112345	PASSED	50	1548	744	0	583	49	49	50	55	9	9	201	0	541078344	1571
1776310559855	S4_ExchangeRateFeeAccrual	112345	PASSED	50	205	125	21	0	0	0	0	0	50	9	50	0	59026136	267
1776310564951	S5_SanctionedUserInterlace	112345	PASSED	50	2032	1635	336	17	17	17	0	0	6	4	51	0	378887051	1238
1776310569247	S6_InFlightEdgeCases	112345	PASSED	50	392	129	15	74	27	27	58	34	16	12	51	0	131170297	451
1776310573689	S7_FullProtocolEndurance	112345	PASSED	15	938	496	138	228	15	15	15	12	15	4	17	0	204974209	604
1776310577904	S8_InvestSettlementEdge	112345	PASSED	50	242	100	0	0	0	0	50	64	16	12	51	0	94371577	358
1776310582914	S9_MultiAdapterMix	112345	PASSED	50	1423	812	0	396	49	49	50	45	9	13	102	0	397779090	1150
1776310587751	S1_DepositRedeemMix	122345	PASSED	50	1305	857	442	0	0	0	0	0	4	2	51	0	245558837	1000
1776310592484	S2_AsyncRedeemFullCycle	122345	PASSED	50	501	60	0	330	48	48	0	0	9	6	151	0	269857784	879
1776310598081	S3_RebalanceSettlement	122345	PASSED	50	1815	847	0	737	49	49	50	65	9	9	201	0	640280527	1725
1776310602230	S4_ExchangeRateFeeAccrual	122345	PASSED	50	211	127	25	0	0	0	0	0	50	9	50	0	60023191	273
1776310607435	S5_SanctionedUserInterlace	122345	PASSED	50	2144	1650	433	17	17	17	0	0	6	4	51	0	406995143	1335
1776310611780	S6_InFlightEdgeCases	122345	PASSED	50	416	144	15	80	29	29	58	33	16	12	51	0	135367463	478
1776310616185	S7_FullProtocolEndurance	122345	PASSED	15	823	425	150	175	15	15	15	9	15	4	17	0	172401952	530
1776310620437	S8_InvestSettlementEdge	122345	PASSED	50	244	100	0	0	0	0	50	66	16	12	51	0	95139447	361
1776310625441	S9_MultiAdapterMix	122345	PASSED	50	1444	850	0	377	49	49	50	47	9	13	102	0	396159879	1164
1776310630254	S1_DepositRedeemMix	132345	PASSED	50	1266	847	413	0	0	0	0	0	4	2	51	0	238617670	940
1776310634986	S2_AsyncRedeemFullCycle	132345	PASSED	50	506	59	0	332	50	50	0	0	9	6	151	0	274951174	892
1776310640418	S3_RebalanceSettlement	132345	PASSED	50	1616	835	0	549	50	50	50	64	9	9	201	0	544028974	1592
1776310644561	S4_ExchangeRateFeeAccrual	132345	PASSED	50	190	115	16	0	0	0	0	0	50	9	50	0	57236308	258
1776310649712	S5_SanctionedUserInterlace	132345	PASSED	50	2049	1642	346	17	17	17	0	0	6	4	51	0	387204402	1268
1776310654013	S6_InFlightEdgeCases	132345	PASSED	50	401	145	5	83	25	25	58	32	16	12	51	0	132621681	453
1776310658380	S7_FullProtocolEndurance	132345	PASSED	15	796	392	118	211	15	15	15	11	15	4	17	0	179334275	527
1776310662611	S8_InvestSettlementEdge	132345	PASSED	50	242	100	0	0	0	0	50	64	16	12	51	0	94573833	377
1776310667736	S9_MultiAdapterMix	132345	PASSED	50	1548	904	0	429	48	48	50	47	9	13	102	0	429326124	1259
1776310672495	S1_DepositRedeemMix	142345	PASSED	50	1218	793	419	0	0	0	0	0	4	2	51	0	231453874	899
1776310677300	S2_AsyncRedeemFullCycle	142345	PASSED	50	521	53	0	353	50	50	0	0	9	6	151	0	284386460	923
1776310682702	S3_RebalanceSettlement	142345	PASSED	50	1558	771	0	562	50	50	50	57	9	9	201	0	537683075	1561
1776310686854	S4_ExchangeRateFeeAccrual	142345	PASSED	50	247	143	45	0	0	0	0	0	50	9	50	0	64713604	291
1776310692031	S5_SanctionedUserInterlace	142345	PASSED	50	2180	1783	336	17	17	17	0	0	6	4	51	0	409664155	1331
1776310696369	S6_InFlightEdgeCases	142345	PASSED	50	426	153	18	79	28	28	58	34	16	12	51	0	133938040	475
1776310700750	S7_FullProtocolEndurance	142345	PASSED	15	902	525	108	193	15	15	15	12	15	4	17	0	187712331	568
1776310704984	S8_InvestSettlementEdge	142345	PASSED	50	244	100	0	0	0	0	50	66	16	12	51	0	95219360	375
1776310709954	S9_MultiAdapterMix	142345	PASSED	50	1432	838	0	384	49	49	50	40	9	13	102	0	394094805	1152
1776310714732	S1_DepositRedeemMix	152345	PASSED	50	1360	869	485	0	0	0	0	0	4	2	51	0	255290221	980
1776310719471	S2_AsyncRedeemFullCycle	152345	PASSED	50	526	57	0	354	50	50	0	0	9	6	151	0	282999128	910
1776310725025	S3_RebalanceSettlement	152345	PASSED	50	1621	782	0	604	49	49	50	69	9	9	201	0	563849137	1706
1776310729122	S4_ExchangeRateFeeAccrual	152345	PASSED	50	213	129	25	0	0	0	0	0	50	9	50	0	60180715	273
1776310734214	S5_SanctionedUserInterlace	152345	PASSED	50	2070	1631	378	17	17	17	0	0	6	4	51	0	392645280	1284
1776310738498	S6_InFlightEdgeCases	152345	PASSED	50	379	124	23	71	23	23	58	29	16	12	51	0	127869440	449
1776310742909	S7_FullProtocolEndurance	152345	PASSED	15	903	480	119	228	15	15	15	12	15	4	17	0	199166428	575
1776310747091	S8_InvestSettlementEdge	152345	PASSED	50	242	100	0	0	0	0	50	64	16	12	51	0	94495909	360
1776310752121	S9_MultiAdapterMix	152345	PASSED	50	1521	840	0	464	48	48	50	49	9	13	102	0	436091259	1218
1776310756787	S1_DepositRedeemMix	162345	PASSED	50	1139	756	377	0	0	0	0	0	4	2	51	0	217717033	859
1776310761538	S2_AsyncRedeemFullCycle	162345	PASSED	50	499	59	0	325	50	50	0	0	9	6	151	0	273742688	923
1776310766932	S3_RebalanceSettlement	162345	PASSED	50	1564	772	0	569	49	49	50	57	9	9	201	0	541162821	1566
1776310771071	S4_ExchangeRateFeeAccrual	162345	PASSED	50	187	107	21	0	0	0	0	0	50	9	50	0	57011752	261
1776310776264	S5_SanctionedUserInterlace	162345	PASSED	50	2212	1755	396	17	17	17	0	0	6	4	51	0	418226919	1357
1776310780551	S6_InFlightEdgeCases	162345	PASSED	50	441	166	18	76	29	29	58	37	16	12	51	0	135312644	470
1776310784978	S7_FullProtocolEndurance	162345	PASSED	15	928	513	94	245	15	15	15	12	15	4	17	0	206592663	615
1776310789180	S8_InvestSettlementEdge	162345	PASSED	50	237	100	0	0	0	0	50	59	16	12	51	0	92497613	360
1776310794227	S9_MultiAdapterMix	162345	PASSED	50	1588	944	0	419	50	50	50	53	9	13	102	0	434042993	1234
1776310799004	S1_DepositRedeemMix	172345	PASSED	50	1309	853	450	0	0	0	0	0	4	2	51	0	246391352	954
1776310803726	S2_AsyncRedeemFullCycle	172345	PASSED	50	461	56	0	296	47	47	0	0	9	6	151	0	254635954	886
1776310809260	S3_RebalanceSettlement	172345	PASSED	50	1730	893	0	608	50	50	50	61	9	9	201	0	582301702	1653
1776310813371	S4_ExchangeRateFeeAccrual	172345	PASSED	50	211	123	29	0	0	0	0	0	50	9	50	0	59902833	292
1776310818534	S5_SanctionedUserInterlace	172345	PASSED	50	1976	1576	339	17	17	17	0	0	6	4	51	0	378391250	1309
1776310822790	S6_InFlightEdgeCases	172345	PASSED	50	393	136	13	67	27	27	58	37	16	12	51	0	128555819	451
1776310827173	S7_FullProtocolEndurance	172345	PASSED	15	931	569	123	158	15	15	15	17	15	4	17	0	182548573	572
1776310831379	S8_InvestSettlementEdge	172345	PASSED	50	238	100	0	0	0	0	50	60	16	12	51	0	92938558	370
1776310836525	S9_MultiAdapterMix	172345	PASSED	50	1704	958	0	517	50	50	50	57	9	13	102	0	486374673	1317
1776310841312	S1_DepositRedeemMix	182345	PASSED	50	1317	879	432	0	0	0	0	0	4	2	51	0	247059200	953
1776310846078	S2_AsyncRedeemFullCycle	182345	PASSED	50	544	64	0	365	50	50	0	0	9	6	151	0	291431553	945
1776310851637	S3_RebalanceSettlement	182345	PASSED	50	1830	888	0	718	49	49	50	58	9	9	201	0	636138037	1746
1776310855740	S4_ExchangeRateFeeAccrual	182345	PASSED	50	193	118	16	0	0	0	0	0	50	9	50	0	57564349	261
1776310860972	S5_SanctionedUserInterlace	182345	PASSED	50	2313	1865	387	17	17	17	0	0	6	4	51	0	431101610	1441
1776310865204	S6_InFlightEdgeCases	182345	PASSED	50	359	111	17	64	26	26	58	29	16	12	51	0	121384415	441
1776310869620	S7_FullProtocolEndurance	182345	PASSED	15	885	514	110	179	15	15	15	18	15	4	17	0	183841761	567
1776310873786	S8_InvestSettlementEdge	182345	PASSED	50	245	100	0	0	0	0	50	67	16	12	51	0	95612559	375
1776310878791	S9_MultiAdapterMix	182345	PASSED	50	1544	892	0	429	49	49	50	53	9	13	102	0	430068070	1208
1776310883488	S1_DepositRedeemMix	192345	PASSED	50	1058	707	345	0	0	0	0	0	4	2	51	0	204665925	822
1776310888270	S2_AsyncRedeemFullCycle	192345	PASSED	50	493	52	0	328	49	49	0	0	9	6	151	0	272053893	931
1776310893709	S3_RebalanceSettlement	192345	PASSED	50	1646	821	0	601	49	49	50	58	9	9	201	0	564563126	1636
1776310897784	S4_ExchangeRateFeeAccrual	192345	PASSED	50	177	106	12	0	0	0	0	0	50	9	50	0	55827992	268
1776310902883	S5_SanctionedUserInterlace	192345	PASSED	50	2102	1665	376	17	17	17	0	0	6	4	51	0	390937658	1283
1776310907186	S6_InFlightEdgeCases	192345	PASSED	50	395	129	16	77	26	26	58	35	16	12	51	0	133865850	465
1776310911588	S7_FullProtocolEndurance	192345	PASSED	15	908	490	155	186	15	15	15	13	15	4	17	0	187785534	582
1776310915778	S8_InvestSettlementEdge	192345	PASSED	50	239	100	0	0	0	0	50	61	16	12	51	0	93265309	358
1776310920824	S9_MultiAdapterMix	192345	PASSED	50	1585	900	0	461	50	50	50	52	9	13	102	0	446920097	1246
1776310925502	S1_DepositRedeemMix	202345	PASSED	50	1122	737	379	0	0	0	0	0	4	2	51	0	215497963	849
1776310930292	S2_AsyncRedeemFullCycle	202345	PASSED	50	484	54	0	315	50	50	0	0	9	6	151	0	266741997	945
1776310935745	S3_RebalanceSettlement	202345	PASSED	50	1657	797	0	626	49	49	50	68	9	9	201	0	577031994	1617
1776310939843	S4_ExchangeRateFeeAccrual	202345	PASSED	50	211	128	24	0	0	0	0	0	50	9	50	0	59929478	272
1776310945035	S5_SanctionedUserInterlace	202345	PASSED	50	2335	1879	395	17	17	17	0	0	6	4	51	0	431062955	1380
1776310949351	S6_InFlightEdgeCases	202345	PASSED	50	446	159	21	91	31	31	58	27	16	12	51	0	137981325	485
1776310953726	S7_FullProtocolEndurance	202345	PASSED	15	912	525	118	195	15	15	15	10	15	4	17	0	188876467	576
1776310957907	S8_InvestSettlementEdge	202345	PASSED	50	240	100	0	0	0	0	50	62	16	12	51	0	93581384	371
1776310962892	S9_MultiAdapterMix	202345	PASSED	50	1515	868	0	435	49	49	50	42	9	13	102	0	423426865	1195
1776310967712	S1_DepositRedeemMix	212345	PASSED	50	1413	922	485	0	0	0	0	0	4	2	51	0	263911801	1003
1776310972444	S2_AsyncRedeemFullCycle	212345	PASSED	50	453	55	0	283	50	50	0	0	9	6	151	0	251347781	897
1776310977969	S3_RebalanceSettlement	212345	PASSED	50	1788	900	0	651	50	50	50	69	9	9	201	0	608177326	1698
1776310982042	S4_ExchangeRateFeeAccrual	212345	PASSED	50	185	109	17	0	0	0	0	0	50	9	50	0	56886884	259
1776310987220	S5_SanctionedUserInterlace	212345	PASSED	50	2283	1839	383	17	17	17	0	0	6	4	51	0	428153795	1369
1776310991491	S6_InFlightEdgeCases	212345	PASSED	50	391	134	9	76	27	27	58	32	16	12	51	0	129254257	455
1776310995838	S7_FullProtocolEndurance	212345	PASSED	15	885	510	127	170	15	15	15	14	15	4	17	0	179630973	558
1776311000038	S8_InvestSettlementEdge	212345	PASSED	50	244	100	0	0	0	0	50	66	16	12	51	0	95104852	360
1776311005052	S9_MultiAdapterMix	212345	PASSED	50	1509	851	0	447	47	47	50	45	9	13	102	0	428307964	1208
1776311009792	S1_DepositRedeemMix	222345	PASSED	50	1233	814	413	0	0	0	0	0	4	2	51	0	233310327	925
1776311014547	S2_AsyncRedeemFullCycle	222345	PASSED	50	531	62	0	356	49	49	0	0	9	6	151	0	288870251	926
1776311019967	S3_RebalanceSettlement	222345	PASSED	50	1629	782	0	622	50	50	50	57	9	9	201	0	568588912	1628
1776311024049	S4_ExchangeRateFeeAccrual	222345	PASSED	50	204	118	27	0	0	0	0	0	50	9	50	0	58997167	267
1776311029058	S5_SanctionedUserInterlace	222345	PASSED	50	1941	1581	299	17	17	17	0	0	6	4	51	0	362590171	1214
1776311033320	S6_InFlightEdgeCases	222345	PASSED	50	360	114	15	67	25	25	58	28	16	12	51	0	123216335	448
1776311037696	S7_FullProtocolEndurance	222345	PASSED	15	867	449	155	186	15	15	15	13	15	4	17	0	183426355	561
1776311041875	S8_InvestSettlementEdge	222345	PASSED	50	242	100	0	0	0	0	50	64	16	12	51	0	94472612	359
1776311046857	S9_MultiAdapterMix	222345	PASSED	50	1482	830	0	434	50	50	50	46	9	13	102	0	419720499	1190
1776311051643	S1_DepositRedeemMix	232345	PASSED	50	1305	861	438	0	0	0	0	0	4	2	51	0	245243499	962
1776311056304	S2_AsyncRedeemFullCycle	232345	PASSED	50	469	55	0	299	50	50	0	0	9	6	151	0	258227473	863
1776311061787	S3_RebalanceSettlement	232345	PASSED	50	1687	792	0	666	49	49	50	63	9	9	201	0	594443791	1648
1776311065890	S4_ExchangeRateFeeAccrual	232345	PASSED	50	194	115	20	0	0	0	0	0	50	9	50	0	57549536	263
1776311071061	S5_SanctionedUserInterlace	232345	PASSED	50	2242	1775	406	17	17	17	0	0	6	4	51	0	423089819	1357
1776311075310	S6_InFlightEdgeCases	232345	PASSED	50	381	124	18	72	26	26	58	29	16	12	51	0	127686032	454
1776311079689	S7_FullProtocolEndurance	232345	PASSED	15	862	448	124	213	15	15	15	13	15	4	17	0	189283309	564
1776311083876	S8_InvestSettlementEdge	232345	PASSED	50	242	100	0	0	0	0	50	64	16	12	51	0	94437015	361
1776311088880	S9_MultiAdapterMix	232345	PASSED	50	1465	816	0	426	50	50	50	51	9	13	102	0	415313508	1170
1776311093594	S1_DepositRedeemMix	242345	PASSED	50	1178	797	375	0	0	0	0	0	4	2	51	0	223619382	889
1776311098291	S2_AsyncRedeemFullCycle	242345	PASSED	50	516	62	0	341	49	49	0	0	9	6	151	0	278374578	899
1776311103743	S3_RebalanceSettlement	242345	PASSED	50	1686	881	0	578	47	47	50	65	9	9	201	0	567261461	1629
1776311107870	S4_ExchangeRateFeeAccrual	242345	PASSED	50	190	117	14	0	0	0	0	0	50	9	50	0	57088181	266
1776311113078	S5_SanctionedUserInterlace	242345	PASSED	50	2259	1850	348	17	17	17	0	0	6	4	51	0	422229395	1344
1776311117356	S6_InFlightEdgeCases	242345	PASSED	50	433	153	30	83	25	25	58	31	16	12	51	0	135512525	480
1776311121741	S7_FullProtocolEndurance	242345	PASSED	15	935	497	121	238	15	15	15	15	15	4	17	0	206863476	597
1776311125937	S8_InvestSettlementEdge	242345	PASSED	50	243	100	0	0	0	0	50	65	16	12	51	0	94973913	363
1776311130935	S9_MultiAdapterMix	242345	PASSED	50	1477	812	0	442	50	50	50	51	9	13	102	0	422549341	1185
1776311135750	S1_DepositRedeemMix	252345	PASSED	50	1331	854	471	0	0	0	0	0	4	2	51	0	250452799	993
1776311140476	S2_AsyncRedeemFullCycle	252345	PASSED	50	506	54	0	339	49	49	0	0	9	6	151	0	276977814	904
1776311146081	S3_RebalanceSettlement	252345	PASSED	50	1953	1019	0	698	50	50	50	68	9	9	201	0	653363623	1784
1776311150191	S4_ExchangeRateFeeAccrual	252345	PASSED	50	221	137	25	0	0	0	0	0	50	9	50	0	61186248	276
1776311155371	S5_SanctionedUserInterlace	252345	PASSED	50	2022	1622	339	17	17	17	0	0	6	4	51	0	381519465	1313
1776311159620	S6_InFlightEdgeCases	252345	PASSED	50	323	95	16	52	23	23	58	28	16	12	51	0	112776131	428
1776311164021	S7_FullProtocolEndurance	252345	PASSED	15	939	570	129	163	15	15	15	13	15	4	17	0	184224217	575
1776311168172	S8_InvestSettlementEdge	252345	PASSED	50	246	100	0	0	0	0	50	68	16	12	51	0	96115740	362
1776311173253	S9_MultiAdapterMix	252345	PASSED	50	1553	944	0	376	50	50	50	61	9	13	102	0	418172412	1227
1776311178016	S1_DepositRedeemMix	262345	PASSED	50	1279	843	430	0	0	0	0	0	4	2	51	0	240786958	946
1776311182801	S2_AsyncRedeemFullCycle	262345	PASSED	50	564	60	0	389	50	50	0	0	9	6	151	0	304699705	968
1776311188430	S3_RebalanceSettlement	262345	PASSED	50	1774	816	0	735	50	50	50	55	9	9	201	0	630366283	1816
1776311192477	S4_ExchangeRateFeeAccrual	262345	PASSED	50	178	100	19	0	0	0	0	0	50	9	50	0	55893661	254
1776311197573	S5_SanctionedUserInterlace	262345	PASSED	50	2108	1681	366	17	17	17	0	0	6	4	51	0	390941001	1289
1776311201907	S6_InFlightEdgeCases	262345	PASSED	50	380	122	13	78	26	26	58	29	16	12	51	0	127802576	484
1776311206323	S7_FullProtocolEndurance	262345	PASSED	15	887	526	113	168	15	15	15	16	15	4	17	0	179658850	575
1776311210516	S8_InvestSettlementEdge	262345	PASSED	50	242	100	0	0	0	0	50	64	16	12	51	0	94491817	376
1776311215574	S9_MultiAdapterMix	262345	PASSED	50	1510	843	0	442	50	50	50	53	9	13	102	0	428589882	1212
1776311220401	S1_DepositRedeemMix	272345	PASSED	50	1380	926	448	0	0	0	0	0	4	2	51	0	257448805	984
1776311225104	S2_AsyncRedeemFullCycle	272345	PASSED	50	489	52	0	324	49	49	0	0	9	6	151	0	269252751	884
1776311230546	S3_RebalanceSettlement	272345	PASSED	50	1697	881	0	583	50	50	50	65	9	9	201	0	570037138	1622
1776311234671	S4_ExchangeRateFeeAccrual	272345	PASSED	50	185	110	16	0	0	0	0	0	50	9	50	0	56450725	263
1776311239836	S5_SanctionedUserInterlace	272345	PASSED	50	2215	1774	380	17	17	17	0	0	6	4	51	0	411579370	1330
1776311244111	S6_InFlightEdgeCases	272345	PASSED	50	390	127	18	70	27	27	58	35	16	12	51	0	128838536	473
1776311248470	S7_FullProtocolEndurance	272345	PASSED	15	893	539	118	156	15	15	15	16	15	4	17	0	176918160	555
1776311252660	S8_InvestSettlementEdge	272345	PASSED	50	240	100	0	0	0	0	50	62	16	12	51	0	93736132	358
1776311257633	S9_MultiAdapterMix	272345	PASSED	50	1414	822	0	373	50	50	50	47	9	13	102	0	389360496	1143
1776311262386	S1_DepositRedeemMix	282345	PASSED	50	1291	858	427	0	0	0	0	0	4	2	51	0	242519973	932
1776311267164	S2_AsyncRedeemFullCycle	282345	PASSED	50	521	55	0	353	49	49	0	0	9	6	151	0	284432599	917
1776311272721	S3_RebalanceSettlement	282345	PASSED	50	1879	941	0	703	49	49	50	69	9	9	201	0	642476591	1747
1776311276855	S4_ExchangeRateFeeAccrual	282345	PASSED	50	196	109	28	0	0	0	0	0	50	9	50	0	58416409	266
1776311281995	S5_SanctionedUserInterlace	282345	PASSED	50	2203	1802	340	17	17	17	0	0	6	4	51	0	410977293	1331
1776311286264	S6_InFlightEdgeCases	282345	PASSED	50	414	144	19	69	29	29	58	38	16	12	51	0	132194451	458
1776311290618	S7_FullProtocolEndurance	282345	PASSED	15	828	439	115	200	15	15	15	10	15	4	17	0	179873268	532
1776311294790	S8_InvestSettlementEdge	282345	PASSED	50	240	100	0	0	0	0	50	62	16	12	51	0	93745255	360
1776311299819	S9_MultiAdapterMix	282345	PASSED	50	1463	825	0	421	50	50	50	45	9	13	102	0	412166753	1200
1776311304521	S1_DepositRedeemMix	292345	PASSED	50	1166	754	406	0	0	0	0	0	4	2	51	0	222688583	875
1776311309217	S2_AsyncRedeemFullCycle	292345	PASSED	50	514	57	0	342	50	50	0	0	9	6	151	0	277966114	893
1776311314745	S3_RebalanceSettlement	292345	PASSED	50	1744	918	0	598	50	50	50	60	9	9	201	0	581590320	1704
1776311318834	S4_ExchangeRateFeeAccrual	292345	PASSED	50	182	111	12	0	0	0	0	0	50	9	50	0	56397245	259
1776311323997	S5_SanctionedUserInterlace	292345	PASSED	50	2153	1716	376	17	17	17	0	0	6	4	51	0	400490022	1332
1776311328262	S6_InFlightEdgeCases	292345	PASSED	50	337	107	14	55	23	23	58	29	16	12	51	0	115862476	422
1776311332650	S7_FullProtocolEndurance	292345	PASSED	15	856	471	123	185	15	15	15	13	15	4	17	0	180696846	541
1776311336816	S8_InvestSettlementEdge	292345	PASSED	50	242	100	0	0	0	0	50	64	16	12	51	0	94456972	358
1776311341851	S9_MultiAdapterMix	292345	PASSED	50	1474	848	0	405	49	49	50	51	9	13	102	0	411164253	1189
1776311346540	S1_DepositRedeemMix	302345	PASSED	50	1180	774	400	0	0	0	0	0	4	2	51	0	224752401	877
1776311351242	S2_AsyncRedeemFullCycle	302345	PASSED	50	502	56	0	331	50	50	0	0	9	6	151	0	271608739	879
1776311356724	S3_RebalanceSettlement	302345	PASSED	50	1731	854	0	649	50	50	50	60	9	9	201	0	595913802	1670
1776311360834	S4_ExchangeRateFeeAccrual	302345	PASSED	50	230	141	30	0	0	0	0	0	50	9	50	0	62138737	281
1776311365936	S5_SanctionedUserInterlace	302345	PASSED	50	2041	1636	344	17	17	17	0	0	6	4	51	0	384342992	1269
1776311370236	S6_InFlightEdgeCases	302345	PASSED	50	387	130	15	71	27	27	58	31	16	12	51	0	126857443	465
1776311374573	S7_FullProtocolEndurance	302345	PASSED	15	871	530	83	173	15	15	15	21	15	4	17	0	179450758	540
1776311378766	S8_InvestSettlementEdge	302345	PASSED	50	239	100	0	0	0	0	50	61	16	12	51	0	93326150	360
1776311383840	S9_MultiAdapterMix	302345	PASSED	50	1490	876	0	392	50	50	50	50	9	13	102	0	408861893	1244
1776311388692	S1_DepositRedeemMix	312345	PASSED	50	1427	944	477	0	0	0	0	0	4	2	51	0	266057148	1010
1776311393384	S2_AsyncRedeemFullCycle	312345	PASSED	50	470	53	0	302	50	50	0	0	9	6	151	0	259419810	869
1776311398910	S3_RebalanceSettlement	312345	PASSED	50	1801	911	0	661	50	50	50	61	9	9	201	0	611726316	1710
1776311402981	S4_ExchangeRateFeeAccrual	312345	PASSED	50	204	122	23	0	0	0	0	0	50	9	50	0	59101321	267
1776311408041	S5_SanctionedUserInterlace	312345	PASSED	50	2032	1631	340	17	17	17	0	0	6	4	51	0	383081791	1263
1776311412311	S6_InFlightEdgeCases	312345	PASSED	50	406	142	17	80	24	24	58	33	16	12	51	0	132502418	465
1776311416723	S7_FullProtocolEndurance	312345	PASSED	15	895	530	114	173	15	15	15	14	15	4	17	0	181375810	552
1776311420962	S8_InvestSettlementEdge	312345	PASSED	50	241	100	0	0	0	0	50	63	16	12	51	0	94180159	359
1776311425982	S9_MultiAdapterMix	312345	PASSED	50	1432	794	0	426	50	50	50	40	9	13	102	0	407112814	1166
1776311430738	S1_DepositRedeemMix	322345	PASSED	50	1267	831	430	0	0	0	0	0	4	2	51	0	239240905	935
1776311435465	S2_AsyncRedeemFullCycle	322345	PASSED	50	498	56	0	327	50	50	0	0	9	6	151	0	272104101	899
1776311440918	S3_RebalanceSettlement	322345	PASSED	50	1707	845	0	634	50	50	50	60	9	9	201	0	586267108	1640
1776311445007	S4_ExchangeRateFeeAccrual	322345	PASSED	50	192	111	22	0	0	0	0	0	50	9	50	0	57670401	262
1776311450204	S5_SanctionedUserInterlace	322345	PASSED	50	2293	1800	432	17	17	17	0	0	6	4	51	0	424980091	1378
1776311454513	S6_InFlightEdgeCases	322345	PASSED	50	450	162	15	87	29	29	58	42	16	12	51	0	143706287	482
1776311458854	S7_FullProtocolEndurance	322345	PASSED	15	818	491	106	144	15	15	15	13	15	4	17	0	163058413	510
1776311463012	S8_InvestSettlementEdge	322345	PASSED	50	236	100	0	0	0	0	50	58	16	12	51	0	92231646	360
1776311468089	S9_MultiAdapterMix	322345	PASSED	50	1568	936	0	409	48	48	50	55	9	13	102	0	428810369	1233
1776311472848	S1_DepositRedeemMix	332345	PASSED	50	1245	826	413	0	0	0	0	0	4	2	51	0	234974204	922
1776311477591	S2_AsyncRedeemFullCycle	332345	PASSED	50	535	60	0	360	50	50	0	0	9	6	151	0	287826762	918
1776311483019	S3_RebalanceSettlement	332345	PASSED	50	1643	847	0	574	50	50	50	54	9	9	201	0	553614807	1600
1776311487107	S4_ExchangeRateFeeAccrual	332345	PASSED	50	196	121	16	0	0	0	0	0	50	9	50	0	57922620	265
1776311492251	S5_SanctionedUserInterlace	332345	PASSED	50	2155	1697	400	16	16	16	0	0	6	4	51	0	408874982	1334
1776311496538	S6_InFlightEdgeCases	332345	PASSED	50	427	146	28	77	29	29	58	32	16	12	51	0	132226305	466
1776311500961	S7_FullProtocolEndurance	332345	PASSED	15	916	510	128	203	15	15	15	11	15	4	17	0	192850320	573
1776311505161	S8_InvestSettlementEdge	332345	PASSED	50	239	100	0	0	0	0	50	61	16	12	51	0	93370943	373
1776311510276	S9_MultiAdapterMix	332345	PASSED	50	1619	890	0	496	50	50	50	61	9	13	102	0	465881758	1275
1776311514923	S1_DepositRedeemMix	342345	PASSED	50	1014	697	311	0	0	0	0	0	4	2	51	0	196945924	794
1776311519703	S2_AsyncRedeemFullCycle	342345	PASSED	50	475	56	0	310	47	47	0	0	9	6	151	0	263020158	926
1776311525173	S3_RebalanceSettlement	342345	PASSED	50	1770	928	0	618	50	50	50	56	9	9	201	0	590850021	1665
1776311529277	S4_ExchangeRateFeeAccrual	342345	PASSED	50	210	124	27	0	0	0	0	0	50	9	50	0	60140754	273
1776311534564	S5_SanctionedUserInterlace	342345	PASSED	50	2194	1798	335	17	17	17	0	0	6	4	51	0	408669500	1475
1776311538849	S6_InFlightEdgeCases	342345	PASSED	50	397	140	21	67	25	25	58	33	16	12	51	0	129731163	456
1776311543222	S7_FullProtocolEndurance	342345	PASSED	15	847	453	119	201	15	15	15	10	15	4	17	0	183129356	547
1776311547445	S8_InvestSettlementEdge	342345	PASSED	50	244	100	0	0	0	0	50	66	16	12	51	0	95128773	384
1776311552385	S9_MultiAdapterMix	342345	PASSED	50	1365	776	0	380	49	49	50	39	9	13	102	0	381992780	1121
1776311557176	S1_DepositRedeemMix	352345	PASSED	50	1278	839	433	0	0	0	0	0	4	2	51	0	240827664	935
1776311561921	S2_AsyncRedeemFullCycle	352345	PASSED	50	514	56	0	343	50	50	0	0	9	6	151	0	279536796	928
1776311567430	S3_RebalanceSettlement	352345	PASSED	50	1760	945	0	586	49	49	50	63	9	9	201	0	581163217	1670
1776311571494	S4_ExchangeRateFeeAccrual	352345	PASSED	50	181	104	18	0	0	0	0	0	50	9	50	0	56550791	266
1776311576587	S5_SanctionedUserInterlace	352345	PASSED	50	2075	1692	322	17	17	17	0	0	6	4	51	0	386946892	1268
1776311580865	S6_InFlightEdgeCases	352345	PASSED	50	411	141	16	74	28	28	58	38	16	12	51	0	135143528	460
1776311585341	S7_FullProtocolEndurance	352345	PASSED	15	1051	627	129	219	15	15	15	12	15	4	17	0	216079027	640
1776311589504	S8_InvestSettlementEdge	352345	PASSED	50	246	100	0	0	0	0	50	68	16	12	51	0	96036403	372
1776311594537	S9_MultiAdapterMix	352345	PASSED	50	1480	904	0	350	49	49	50	56	9	13	102	0	396529531	1218
1776311599188	S1_DepositRedeemMix	362345	PASSED	50	1100	721	373	0	0	0	0	0	4	2	51	0	211888821	840
1776311603931	S2_AsyncRedeemFullCycle	362345	PASSED	50	484	55	0	314	50	50	0	0	9	6	151	0	265201134	901
1776311609436	S3_RebalanceSettlement	362345	PASSED	50	1747	827	0	692	50	50	50	60	9	9	201	0	613215695	1691
1776311613566	S4_ExchangeRateFeeAccrual	362345	PASSED	50	238	151	28	0	0	0	0	0	50	9	50	0	63304140	291
1776311618703	S5_SanctionedUserInterlace	362345	PASSED	50	2105	1684	363	16	16	16	0	0	6	4	51	0	394749901	1308
1776311622966	S6_InFlightEdgeCases	362345	PASSED	50	394	140	9	81	24	24	58	30	16	12	51	0	130882624	454
1776311627396	S7_FullProtocolEndurance	362345	PASSED	15	948	518	153	201	15	15	15	12	15	4	17	0	197778257	618
1776311631569	S8_InvestSettlementEdge	362345	PASSED	50	243	100	0	0	0	0	50	65	16	12	51	0	94862883	364
1776311636650	S9_MultiAdapterMix	362345	PASSED	50	1575	891	0	462	50	50	50	50	9	13	102	0	444148498	1245
1776311641401	S1_DepositRedeemMix	372345	PASSED	50	1217	803	408	0	0	0	0	0	4	2	51	0	230602441	907
1776311646182	S2_AsyncRedeemFullCycle	372345	PASSED	50	540	60	0	367	49	49	0	0	9	6	151	0	293212121	937
1776311651713	S3_RebalanceSettlement	372345	PASSED	50	1691	847	0	621	49	49	50	57	9	9	201	0	578816892	1654
1776311655802	S4_ExchangeRateFeeAccrual	372345	PASSED	50	170	97	14	0	0	0	0	0	50	9	50	0	54926839	251
1776311660974	S5_SanctionedUserInterlace	372345	PASSED	50	2290	1853	376	17	17	17	0	0	6	4	51	0	426189609	1364
1776311665323	S6_InFlightEdgeCases	372345	PASSED	50	415	145	22	76	27	27	58	32	16	12	51	0	133688201	479
1776311669668	S7_FullProtocolEndurance	372345	PASSED	15	849	487	104	178	15	15	15	16	15	4	17	0	177810153	542
1776311673852	S8_InvestSettlementEdge	372345	PASSED	50	242	100	0	0	0	0	50	64	16	12	51	0	94433576	360
1776311678809	S9_MultiAdapterMix	372345	PASSED	50	1348	702	0	438	48	48	50	40	9	13	102	0	397432755	1123
1776311683525	S1_DepositRedeemMix	382345	PASSED	50	1192	775	411	0	0	0	0	0	4	2	51	0	227200726	887
1776311688240	S2_AsyncRedeemFullCycle	382345	PASSED	50	487	56	0	318	49	49	0	0	9	6	151	0	265972191	875
1776311693795	S3_RebalanceSettlement	382345	PASSED	50	1775	836	0	717	49	49	50	56	9	9	201	0	625174789	1711
1776311697910	S4_ExchangeRateFeeAccrual	382345	PASSED	50	220	126	35	0	0	0	0	0	50	9	50	0	61214067	277
1776311703026	S5_SanctionedUserInterlace	382345	PASSED	50	2203	1841	301	17	17	17	0	0	6	4	51	0	408948628	1306
1776311707306	S6_InFlightEdgeCases	382345	PASSED	50	383	125	17	67	28	28	58	32	16	12	51	0	125495146	446
1776311711704	S7_FullProtocolEndurance	382345	PASSED	15	877	484	108	204	15	15	15	17	15	4	17	0	189193016	556
1776311715896	S8_InvestSettlementEdge	382345	PASSED	50	242	100	0	0	0	0	50	64	16	12	51	0	94480863	357
1776311720899	S9_MultiAdapterMix	382345	PASSED	50	1455	817	0	414	48	48	50	56	9	13	102	0	412509909	1183
1776311725661	S1_DepositRedeemMix	392345	PASSED	50	1199	831	362	0	0	0	0	0	4	2	51	0	226283883	923
1776311730385	S2_AsyncRedeemFullCycle	392345	PASSED	50	497	55	0	329	49	49	0	0	9	6	151	0	273005964	892
1776311735939	S3_RebalanceSettlement	392345	PASSED	50	1769	906	0	631	49	49	50	66	9	9	201	0	598476664	1690
1776311740059	S4_ExchangeRateFeeAccrual	392345	PASSED	50	208	122	27	0	0	0	0	0	50	9	50	0	59334609	269
1776311745229	S5_SanctionedUserInterlace	392345	PASSED	50	2150	1725	364	17	17	17	0	0	6	4	51	0	399554531	1349
1776311749524	S6_InFlightEdgeCases	392345	PASSED	50	401	147	11	73	25	25	58	34	16	12	51	0	128599759	458
1776311753943	S7_FullProtocolEndurance	392345	PASSED	15	925	509	142	195	15	15	15	15	15	4	17	0	193662458	616
1776311758116	S8_InvestSettlementEdge	392345	PASSED	50	238	100	0	0	0	0	50	60	16	12	51	0	92937876	356
1776311763122	S9_MultiAdapterMix	392345	PASSED	50	1446	820	0	408	49	49	50	48	9	13	102	0	406269814	1164
1776311767832	S1_DepositRedeemMix	402345	PASSED	50	1158	774	378	0	0	0	0	0	4	2	51	0	220745403	879
1776311772540	S2_AsyncRedeemFullCycle	402345	PASSED	50	468	54	0	299	50	50	0	0	9	6	151	0	257971791	862
1776311778068	S3_RebalanceSettlement	402345	PASSED	50	1665	802	0	631	49	49	50	66	9	9	201	0	580286521	1720
1776311782144	S4_ExchangeRateFeeAccrual	402345	PASSED	50	178	100	19	0	0	0	0	0	50	9	50	0	55949289	259
1776311787386	S5_SanctionedUserInterlace	402345	PASSED	50	2324	1800	463	17	17	17	0	0	6	4	51	0	429264776	1399
1776311791670	S6_InFlightEdgeCases	402345	PASSED	50	429	157	11	89	28	28	58	30	16	12	51	0	137045432	476
1776311796119	S7_FullProtocolEndurance	402345	PASSED	15	965	537	135	215	15	15	15	14	15	4	17	0	204647588	603
1776311800323	S8_InvestSettlementEdge	402345	PASSED	50	244	100	0	0	0	0	50	66	16	12	51	0	95187546	360
1776311805374	S9_MultiAdapterMix	402345	PASSED	50	1610	920	0	471	50	50	50	47	9	13	102	0	452252022	1254
1776311810061	S1_DepositRedeemMix	412345	PASSED	50	1141	767	368	0	0	0	0	0	4	2	51	0	217659230	868
1776311814768	S2_AsyncRedeemFullCycle	412345	PASSED	50	504	58	0	331	50	50	0	0	9	6	151	0	272205227	887
1776311820173	S3_RebalanceSettlement	412345	PASSED	50	1548	775	0	548	50	50	50	57	9	9	201	0	530568582	1562
1776311824293	S4_ExchangeRateFeeAccrual	412345	PASSED	50	195	116	20	0	0	0	0	0	50	9	50	0	58012682	264
1776311829438	S5_SanctionedUserInterlace	412345	PASSED	50	2148	1725	362	17	17	17	0	0	6	4	51	0	398926754	1302
1776311833691	S6_InFlightEdgeCases	412345	PASSED	50	373	117	17	68	26	26	58	33	16	12	51	0	125128978	452
1776311838045	S7_FullProtocolEndurance	412345	PASSED	15	804	450	108	172	15	15	15	10	15	4	17	0	168952882	512
1776311842225	S8_InvestSettlementEdge	412345	PASSED	50	244	100	0	0	0	0	50	66	16	12	51	0	95226604	360
1776311847281	S9_MultiAdapterMix	412345	PASSED	50	1516	875	0	421	50	50	50	48	9	13	102	0	421164509	1196
1776311852075	S1_DepositRedeemMix	422345	PASSED	50	1330	881	443	0	0	0	0	0	4	2	51	0	249187359	956
1776311856820	S2_AsyncRedeemFullCycle	422345	PASSED	50	461	53	0	299	47	47	0	0	9	6	151	0	255239630	946
1776311862331	S3_RebalanceSettlement	422345	PASSED	50	1736	880	0	630	50	50	50	58	9	9	201	0	590217293	1693
1776311866413	S4_ExchangeRateFeeAccrual	422345	PASSED	50	183	109	15	0	0	0	0	0	50	9	50	0	56177838	256
1776311871560	S5_SanctionedUserInterlace	422345	PASSED	50	2171	1764	346	17	17	17	0	0	6	4	51	0	407635387	1314
1776311875830	S6_InFlightEdgeCases	422345	PASSED	50	363	118	10	68	24	24	58	33	16	12	51	0	125483220	450
1776311880213	S7_FullProtocolEndurance	422345	PASSED	15	862	451	148	187	15	15	15	12	15	4	17	0	182082641	552
1776311884420	S8_InvestSettlementEdge	422345	PASSED	50	240	100	0	0	0	0	50	62	16	12	51	0	93805428	359
1776311889473	S9_MultiAdapterMix	422345	PASSED	50	1534	894	0	417	49	49	50	53	9	13	102	0	424891384	1226
1776311894203	S1_DepositRedeemMix	432345	PASSED	50	1146	773	367	0	0	0	0	0	4	2	51	0	218491274	905
1776311898910	S2_AsyncRedeemFullCycle	432345	PASSED	50	478	51	0	314	49	49	0	0	9	6	151	0	265137708	871
1776311904384	S3_RebalanceSettlement	432345	PASSED	50	1770	945	0	594	49	49	50	65	9	9	201	0	585637243	1678
1776311908483	S4_ExchangeRateFeeAccrual	432345	PASSED	50	244	146	39	0	0	0	0	0	50	9	50	0	64419353	288
1776311913596	S5_SanctionedUserInterlace	432345	PASSED	50	2103	1729	313	17	17	17	0	0	6	4	51	0	389990155	1284
1776311917869	S6_InFlightEdgeCases	432345	PASSED	50	391	118	21	79	27	27	58	33	16	12	51	0	131592618	456
1776311922267	S7_FullProtocolEndurance	432345	PASSED	15	839	448	102	212	15	15	15	13	15	4	17	0	185976202	561
1776311926546	S8_InvestSettlementEdge	432345	PASSED	50	243	100	0	0	0	0	50	65	16	12	51	0	94754943	358
1776311931529	S9_MultiAdapterMix	432345	PASSED	50	1349	709	0	412	48	48	50	60	9	13	102	0	395941959	1130
1776311936260	S1_DepositRedeemMix	442345	PASSED	50	1236	827	403	0	0	0	0	0	4	2	51	0	233500807	907
1776311940925	S2_AsyncRedeemFullCycle	442345	PASSED	50	427	51	0	263	49	49	0	0	9	6	151	0	239669655	822
1776311946388	S3_RebalanceSettlement	442345	PASSED	50	1662	802	0	636	50	50	50	56	9	9	201	0	579238649	1646
1776311950500	S4_ExchangeRateFeeAccrual	442345	PASSED	50	183	108	16	0	0	0	0	0	50	9	50	0	56495586	257
1776311955625	S5_SanctionedUserInterlace	442345	PASSED	50	2106	1622	423	17	17	17	0	0	6	4	51	0	393172224	1302
1776311959984	S6_InFlightEdgeCases	442345	PASSED	50	374	120	16	66	27	27	58	32	16	12	51	0	123632438	457
1776311964408	S7_FullProtocolEndurance	442345	PASSED	15	1016	612	134	188	15	15	15	18	15	4	17	0	204172366	620
1776311968595	S8_InvestSettlementEdge	442345	PASSED	50	237	100	0	0	0	0	50	59	16	12	51	0	92545738	358
1776311973710	S9_MultiAdapterMix	442345	PASSED	50	1612	898	0	483	50	50	50	59	9	13	102	0	459912562	1263
1776311978445	S1_DepositRedeemMix	452345	PASSED	50	1235	802	427	0	0	0	0	0	4	2	51	0	233959674	909
1776311983149	S2_AsyncRedeemFullCycle	452345	PASSED	50	442	51	0	280	48	48	0	0	9	6	151	0	247847204	877
1776311988701	S3_RebalanceSettlement	452345	PASSED	50	1768	843	0	695	49	49	50	64	9	9	201	0	619352765	1721
1776311992793	S4_ExchangeRateFeeAccrual	452345	PASSED	50	205	124	22	0	0	0	0	0	50	9	50	0	59225931	268
1776311998014	S5_SanctionedUserInterlace	452345	PASSED	50	2230	1792	377	17	17	17	0	0	6	4	51	0	418949654	1358
1776312002319	S6_InFlightEdgeCases	452345	PASSED	50	442	152	33	76	29	29	58	37	16	12	51	0	139754977	484
1776312006670	S7_FullProtocolEndurance	452345	PASSED	15	827	458	116	174	15	15	15	15	15	4	17	0	173561366	524
1776312010872	S8_InvestSettlementEdge	452345	PASSED	50	236	100	0	0	0	0	50	58	16	12	51	0	92053105	356
1776312015946	S9_MultiAdapterMix	452345	PASSED	50	1562	872	0	480	49	49	50	40	9	13	102	0	445233528	1258
1776312020725	S1_DepositRedeemMix	462345	PASSED	50	1248	854	388	0	0	0	0	0	4	2	51	0	234879454	948
1776312025466	S2_AsyncRedeemFullCycle	462345	PASSED	50	523	56	0	354	49	49	0	0	9	6	151	0	285780123	931
1776312031016	S3_RebalanceSettlement	462345	PASSED	50	1716	852	0	630	50	50	50	66	9	9	201	0	589242902	1734
1776312035134	S4_ExchangeRateFeeAccrual	462345	PASSED	50	221	129	33	0	0	0	0	0	50	9	50	0	61272605	279
1776312040304	S5_SanctionedUserInterlace	462345	PASSED	50	2237	1758	418	17	17	17	0	0	6	4	51	0	414389364	1355
1776312044553	S6_InFlightEdgeCases	462345	PASSED	50	359	113	15	66	25	25	58	29	16	12	51	0	122563082	439
1776312048934	S7_FullProtocolEndurance	462345	PASSED	15	880	488	126	186	15	15	15	16	15	4	17	0	185058094	557
1776312053127	S8_InvestSettlementEdge	462345	PASSED	50	246	100	0	0	0	0	50	68	16	12	51	0	95904130	365
1776312058209	S9_MultiAdapterMix	462345	PASSED	50	1438	737	0	486	50	50	50	43	9	13	102	0	426911560	1260
1776312062996	S1_DepositRedeemMix	472345	PASSED	50	1334	884	444	0	0	0	0	0	4	2	51	0	250428277	957
1776312067711	S2_AsyncRedeemFullCycle	472345	PASSED	50	472	57	0	300	50	50	0	0	9	6	151	0	257611338	885
1776312073213	S3_RebalanceSettlement	472345	PASSED	50	1721	856	0	631	49	49	50	68	9	9	201	0	590067843	1654
1776312077301	S4_ExchangeRateFeeAccrual	472345	PASSED	50	197	115	23	0	0	0	0	0	50	9	50	0	58431670	266
1776312082478	S5_SanctionedUserInterlace	472345	PASSED	50	2161	1745	355	17	17	17	0	0	6	4	51	0	407425194	1316
1776312086717	S6_InFlightEdgeCases	472345	PASSED	50	400	149	12	69	27	27	58	30	16	12	51	0	127118482	449
1776312091100	S7_FullProtocolEndurance	472345	PASSED	15	869	512	92	186	15	15	15	15	15	4	17	0	182042691	547
1776312095268	S8_InvestSettlementEdge	472345	PASSED	50	242	100	0	0	0	0	50	64	16	12	51	0	94500162	361
1776312100253	S9_MultiAdapterMix	472345	PASSED	50	1385	755	0	409	50	50	50	49	9	13	102	0	397212400	1157
1776312105011	S1_DepositRedeemMix	482345	PASSED	50	1269	812	451	0	0	0	0	0	4	2	51	0	240178896	924
1776312109790	S2_AsyncRedeemFullCycle	482345	PASSED	50	543	55	0	373	50	50	0	0	9	6	151	0	294605665	941
1776312115260	S3_RebalanceSettlement	482345	PASSED	50	1684	835	0	616	50	50	50	65	9	9	201	0	578079359	1631
1776312119420	S4_ExchangeRateFeeAccrual	482345	PASSED	50	208	124	25	0	0	0	0	0	50	9	50	0	59469447	303
1776312124539	S5_SanctionedUserInterlace	482345	PASSED	50	2043	1655	327	17	17	17	0	0	6	4	51	0	384583987	1271
1776312128869	S6_InFlightEdgeCases	482345	PASSED	50	482	185	17	102	28	28	58	36	16	12	51	0	151404596	500
1776312133258	S7_FullProtocolEndurance	482345	PASSED	15	821	453	103	193	15	15	15	8	15	4	17	0	175914864	530
1776312137535	S8_InvestSettlementEdge	482345	PASSED	50	238	100	0	0	0	0	50	60	16	12	51	0	93061706	410
1776312142527	S9_MultiAdapterMix	482345	PASSED	50	1363	704	0	447	50	50	50	40	9	13	102	0	402132952	1133
1776312147324	S1_DepositRedeemMix	492345	PASSED	50	1288	851	431	0	0	0	0	0	4	2	51	0	242440357	936
1776312152057	S2_AsyncRedeemFullCycle	492345	PASSED	50	477	57	0	307	49	49	0	0	9	6	151	0	259391199	863
1776312157563	S3_RebalanceSettlement	492345	PASSED	50	1710	841	0	637	50	50	50	64	9	9	201	0	589335672	1646
1776312161653	S4_ExchangeRateFeeAccrual	492345	PASSED	50	228	141	28	0	0	0	0	0	50	9	50	0	61876288	283
1776312166788	S5_SanctionedUserInterlace	492345	PASSED	50	2145	1740	347	16	16	16	0	0	6	4	51	0	400022501	1308
1776312171068	S6_InFlightEdgeCases	492345	PASSED	50	386	130	16	77	24	24	58	29	16	12	51	0	129112034	453
1776312175431	S7_FullProtocolEndurance	492345	PASSED	15	829	482	124	150	15	15	15	9	15	4	17	0	165305553	523
1776312179664	S8_InvestSettlementEdge	492345	PASSED	50	237	100	0	0	0	0	50	59	16	12	51	0	92610948	385
1776312184653	S9_MultiAdapterMix	492345	PASSED	50	1455	802	0	438	47	47	50	49	9	13	102	0	418405598	1168
1776312189496	S1_DepositRedeemMix	502345	PASSED	50	1407	884	517	0	0	0	0	0	4	2	51	0	264510264	1017
1776312194218	S2_AsyncRedeemFullCycle	502345	PASSED	50	482	59	0	308	50	50	0	0	9	6	151	0	264877121	874
1776312199720	S3_RebalanceSettlement	502345	PASSED	50	1695	775	0	679	50	50	50	73	9	9	201	0	603235422	1674
1776312203803	S4_ExchangeRateFeeAccrual	502345	PASSED	50	180	103	18	0	0	0	0	0	50	9	50	0	56450067	266
1776312208872	S5_SanctionedUserInterlace	502345	PASSED	50	1999	1617	321	17	17	17	0	0	6	4	51	0	377003262	1237
1776312213194	S6_InFlightEdgeCases	502345	PASSED	50	420	133	27	77	31	31	58	35	16	12	51	0	134347303	467
1776312217527	S7_FullProtocolEndurance	502345	PASSED	15	773	434	106	154	15	15	15	15	15	4	17	0	160376017	507
1776312221739	S8_InvestSettlementEdge	502345	PASSED	50	241	100	0	0	0	0	50	63	16	12	51	0	94246801	362
1776312226685	S9_MultiAdapterMix	502345	PASSED	50	1368	768	0	384	49	49	50	46	9	13	102	0	386830595	1123
1776312231460	S1_DepositRedeemMix	512345	PASSED	50	1267	818	443	0	0	0	0	0	4	2	51	0	239914770	936
1776312236177	S2_AsyncRedeemFullCycle	512345	PASSED	50	459	53	0	291	50	50	0	0	9	6	151	0	255316468	869
1776312241900	S3_RebalanceSettlement	512345	PASSED	50	1817	913	0	674	49	49	50	64	9	9	201	0	621049395	1914
1776312246000	S4_ExchangeRateFeeAccrual	512345	PASSED	50	171	103	9	0	0	0	0	0	50	9	50	0	54967150	251
1776312251149	S5_SanctionedUserInterlace	512345	PASSED	50	2194	1764	369	17	17	17	0	0	6	4	51	0	408390523	1318
1776312255425	S6_InFlightEdgeCases	512345	PASSED	50	397	140	13	71	27	27	58	33	16	12	51	0	127927690	459
1776312259794	S7_FullProtocolEndurance	512345	PASSED	15	840	506	112	141	15	15	15	17	15	4	17	0	165670740	549
1776312263984	S8_InvestSettlementEdge	512345	PASSED	50	246	100	0	0	0	0	50	68	16	12	51	0	96045592	364
1776312269060	S9_MultiAdapterMix	512345	PASSED	50	1547	855	0	465	50	50	50	55	9	13	102	0	442658283	1229
1776312273879	S1_DepositRedeemMix	522345	PASSED	50	1301	823	472	0	0	0	0	0	4	2	51	0	245844583	981
1776312278593	S2_AsyncRedeemFullCycle	522345	PASSED	50	476	52	0	309	50	50	0	0	9	6	151	0	261257386	863
1776312284041	S3_RebalanceSettlement	522345	PASSED	50	1656	852	0	574	49	49	50	64	9	9	201	0	559199216	1610
1776312288144	S4_ExchangeRateFeeAccrual	522345	PASSED	50	197	113	25	0	0	0	0	0	50	9	50	0	58126585	264
1776312293249	S5_SanctionedUserInterlace	522345	PASSED	50	2035	1627	347	17	17	17	0	0	6	4	51	0	384303585	1264
1776312297578	S6_InFlightEdgeCases	522345	PASSED	50	413	148	13	80	27	27	58	32	16	12	51	0	133387484	472
1776312301963	S7_FullProtocolEndurance	522345	PASSED	15	900	519	104	197	15	15	15	16	15	4	17	0	189857757	567
1776312306146	S8_InvestSettlementEdge	522345	PASSED	50	242	100	0	0	0	0	50	64	16	12	51	0	94453406	360
1776312311225	S9_MultiAdapterMix	522345	PASSED	50	1605	916	0	479	50	50	50	38	9	13	102	0	450730438	1249
1776312315975	S1_DepositRedeemMix	532345	PASSED	50	1176	772	398	0	0	0	0	0	4	2	51	0	224319562	928
1776312320659	S2_AsyncRedeemFullCycle	532345	PASSED	50	477	58	0	304	50	50	0	0	9	6	151	0	260822387	868
1776312326182	S3_RebalanceSettlement	532345	PASSED	50	1782	878	0	668	50	50	50	68	9	9	201	0	613389601	1694
1776312330260	S4_ExchangeRateFeeAccrual	532345	PASSED	50	195	112	24	0	0	0	0	0	50	9	50	0	58021131	264
1776312335305	S5_SanctionedUserInterlace	532345	PASSED	50	1979	1638	280	17	17	17	0	0	6	4	51	0	369170169	1215
1776312339590	S6_InFlightEdgeCases	532345	PASSED	50	402	141	21	72	26	26	58	30	16	12	51	0	128761649	470
1776312343944	S7_FullProtocolEndurance	532345	PASSED	15	875	562	88	141	15	15	15	20	15	4	17	0	170262681	533
1776312348185	S8_InvestSettlementEdge	532345	PASSED	50	248	100	0	0	0	0	50	70	16	12	51	0	96721307	380
1776312353290	S9_MultiAdapterMix	532345	PASSED	50	1566	909	0	434	49	49	50	53	9	13	102	0	435641170	1233
1776312358117	S1_DepositRedeemMix	542345	PASSED	50	1332	885	441	0	0	0	0	0	4	2	51	0	249914211	965
1776312362905	S2_AsyncRedeemFullCycle	542345	PASSED	50	463	54	0	296	49	49	0	0	9	6	151	0	258002376	910
1776312368459	S3_RebalanceSettlement	542345	PASSED	50	1883	1009	0	647	49	49	50	61	9	9	201	0	622786634	1739
1776312372519	S4_ExchangeRateFeeAccrual	542345	PASSED	50	175	101	15	0	0	0	0	0	50	9	50	0	55347543	252
1776312377613	S5_SanctionedUserInterlace	542345	PASSED	50	2062	1662	339	17	17	17	0	0	6	4	51	0	393536683	1281
1776312381882	S6_InFlightEdgeCases	542345	PASSED	50	415	151	16	76	28	28	58	30	16	12	51	0	130934565	458
1776312386331	S7_FullProtocolEndurance	542345	PASSED	15	1002	584	135	204	15	15	15	15	15	4	17	0	205725251	613
1776312390537	S8_InvestSettlementEdge	542345	PASSED	50	242	100	0	0	0	0	50	64	16	12	51	0	94401506	358
1776312395615	S9_MultiAdapterMix	542345	PASSED	50	1559	858	0	484	49	49	50	47	9	13	102	0	447994196	1248
1776312400408	S1_DepositRedeemMix	552345	PASSED	50	1289	866	417	0	0	0	0	0	4	2	51	0	242303501	981
1776312405133	S2_AsyncRedeemFullCycle	552345	PASSED	50	534	59	0	360	50	50	0	0	9	6	151	0	287426135	920
1776312410524	S3_RebalanceSettlement	552345	PASSED	50	1538	696	0	617	49	49	50	59	9	9	201	0	553389187	1576
1776312414646	S4_ExchangeRateFeeAccrual	552345	PASSED	50	224	132	33	0	0	0	0	0	50	9	50	0	61552623	279
1776312419815	S5_SanctionedUserInterlace	552345	PASSED	50	2206	1762	383	17	17	17	0	0	6	4	51	0	409680175	1337
1776312424100	S6_InFlightEdgeCases	552345	PASSED	50	376	117	17	67	27	27	58	35	16	12	51	0	127893141	444
1776312428453	S7_FullProtocolEndurance	552345	PASSED	15	874	475	152	172	15	15	15	11	15	4	17	0	179013384	554
1776312432680	S8_InvestSettlementEdge	552345	PASSED	50	248	100	0	0	0	0	50	70	16	12	51	0	96827356	371
1776312437701	S9_MultiAdapterMix	552345	PASSED	50	1517	881	0	416	50	50	50	48	9	13	102	0	420349866	1194
1776312442496	S1_DepositRedeemMix	562345	PASSED	50	1369	884	479	0	0	0	0	0	4	2	51	0	257005079	991
1776312447199	S2_AsyncRedeemFullCycle	562345	PASSED	50	451	54	0	282	50	50	0	0	9	6	151	0	249726248	845
1776312452644	S3_RebalanceSettlement	562345	PASSED	50	1649	797	0	625	50	50	50	59	9	9	201	0	573493890	1621
1776312456770	S4_ExchangeRateFeeAccrual	562345	PASSED	50	210	125	26	0	0	0	0	0	50	9	50	0	60102422	273
1776312461887	S5_SanctionedUserInterlace	562345	PASSED	50	2077	1702	314	17	17	17	0	0	6	4	51	0	391319309	1268
1776312466164	S6_InFlightEdgeCases	562345	PASSED	50	409	143	18	76	26	26	58	34	16	12	51	0	132221586	457
1776312470555	S7_FullProtocolEndurance	562345	PASSED	15	857	458	130	193	15	15	15	12	15	4	17	0	183123407	546
1776312474749	S8_InvestSettlementEdge	562345	PASSED	50	242	100	0	0	0	0	50	64	16	12	51	0	94512442	374
1776312479756	S9_MultiAdapterMix	562345	PASSED	50	1411	766	0	425	49	49	50	50	9	13	102	0	406559238	1159
1776312484523	S1_DepositRedeemMix	572345	PASSED	50	1264	858	400	0	0	0	0	0	4	2	51	0	238094144	928
1776312489310	S2_AsyncRedeemFullCycle	572345	PASSED	50	534	56	0	365	49	49	0	0	9	6	151	0	290332966	932
1776312494887	S3_RebalanceSettlement	572345	PASSED	50	1842	864	0	740	50	50	50	70	9	9	201	0	649966425	1748
1776312499010	S4_ExchangeRateFeeAccrual	572345	PASSED	50	185	110	16	0	0	0	0	0	50	9	50	0	56845489	263
1776312504185	S5_SanctionedUserInterlace	572345	PASSED	50	2097	1711	325	17	17	17	0	0	6	4	51	0	398181545	1329
1776312508491	S6_InFlightEdgeCases	572345	PASSED	50	391	138	18	65	25	25	58	34	16	12	51	0	128867598	459
1776312512890	S7_FullProtocolEndurance	572345	PASSED	15	801	420	117	189	15	15	15	11	15	4	17	0	173856600	520
1776312517059	S8_InvestSettlementEdge	572345	PASSED	50	241	100	0	0	0	0	50	63	16	12	51	0	94125944	360
1776312522222	S9_MultiAdapterMix	572345	PASSED	50	1695	972	0	494	49	49	50	59	9	13	102	0	477869255	1317
1776312527007	S1_DepositRedeemMix	582345	PASSED	50	1262	848	408	0	0	0	0	0	4	2	51	0	237827198	963
1776312531799	S2_AsyncRedeemFullCycle	582345	PASSED	50	547	61	0	373	49	49	0	0	9	6	151	0	294761874	963
1776312537384	S3_RebalanceSettlement	582345	PASSED	50	1828	951	0	647	49	49	50	64	9	9	201	0	614639803	1747
1776312541523	S4_ExchangeRateFeeAccrual	582345	PASSED	50	238	145	34	0	0	0	0	0	50	9	50	0	63531859	289
1776312546660	S5_SanctionedUserInterlace	582345	PASSED	50	2143	1676	406	17	17	17	0	0	6	4	51	0	406333527	1319
1776312550976	S6_InFlightEdgeCases	582345	PASSED	50	385	137	23	59	25	25	58	30	16	12	51	0	124600207	445
1776312555410	S7_FullProtocolEndurance	582345	PASSED	15	965	576	127	181	15	15	15	17	15	4	17	0	194640045	619
1776312559590	S8_InvestSettlementEdge	582345	PASSED	50	242	100	0	0	0	0	50	64	16	12	51	0	94526887	369
1776312564703	S9_MultiAdapterMix	582345	PASSED	50	1532	882	0	430	50	50	50	48	9	13	102	0	426474276	1264
1776312569511	S1_DepositRedeemMix	592345	PASSED	50	1309	879	424	0	0	0	0	0	4	2	51	0	245535890	960
1776312574305	S2_AsyncRedeemFullCycle	592345	PASSED	50	535	58	0	362	50	50	0	0	9	6	151	0	288355848	916
1776312579883	S3_RebalanceSettlement	592345	PASSED	50	1838	868	0	724	50	50	50	78	9	9	201	0	644571110	1757
1776312583952	S4_ExchangeRateFeeAccrual	592345	PASSED	50	170	97	14	0	0	0	0	0	50	9	50	0	55008888	252
1776312589075	S5_SanctionedUserInterlace	592345	PASSED	50	2112	1712	339	17	17	17	0	0	6	4	51	0	397079992	1286
1776312593387	S6_InFlightEdgeCases	592345	PASSED	50	416	144	23	75	27	27	58	34	16	12	51	0	130753965	464
1776312597821	S7_FullProtocolEndurance	592345	PASSED	15	965	542	133	211	15	15	15	15	15	4	17	0	203197018	602
1776312601993	S8_InvestSettlementEdge	592345	PASSED	50	246	100	0	0	0	0	50	68	16	12	51	0	96038415	360
1776312606994	S9_MultiAdapterMix	592345	PASSED	50	1510	907	0	377	49	49	50	56	9	13	102	0	410181148	1183
1776312611813	S1_DepositRedeemMix	602345	PASSED	50	1250	821	423	0	0	0	0	0	4	2	51	0	236158348	954
1776312616570	S2_AsyncRedeemFullCycle	602345	PASSED	50	530	54	0	361	50	50	0	0	9	6	151	0	288974329	922
1776312622113	S3_RebalanceSettlement	602345	PASSED	50	1766	837	0	692	49	49	50	71	9	9	201	0	619231970	1695
1776312626221	S4_ExchangeRateFeeAccrual	602345	PASSED	50	223	136	28	0	0	0	0	0	50	9	50	0	61748397	279
1776312631368	S5_SanctionedUserInterlace	602345	PASSED	50	2191	1706	424	17	17	17	0	0	6	4	51	0	413316045	1352
1776312635664	S6_InFlightEdgeCases	602345	PASSED	50	427	148	23	81	28	28	58	33	16	12	51	0	134401892	474
1776312640123	S7_FullProtocolEndurance	602345	PASSED	15	971	545	153	191	15	15	15	18	15	4	17	0	199669113	630
1776312644338	S8_InvestSettlementEdge	602345	PASSED	50	242	100	0	0	0	0	50	64	16	12	51	0	94450328	373
1776312649500	S9_MultiAdapterMix	602345	PASSED	50	1683	966	0	492	50	50	50	53	9	13	102	0	473879157	1337
1776312654170	S1_DepositRedeemMix	612345	PASSED	50	1127	741	380	0	0	0	0	0	4	2	51	0	216119569	856
1776312658945	S2_AsyncRedeemFullCycle	612345	PASSED	50	495	54	0	328	49	49	0	0	9	6	151	0	269260617	930
1776312664484	S3_RebalanceSettlement	612345	PASSED	50	1749	915	0	608	49	49	50	60	9	9	201	0	586176137	1688
1776312668581	S4_ExchangeRateFeeAccrual	612345	PASSED	50	202	118	25	0	0	0	0	0	50	9	50	0	58906741	266
1776312673769	S5_SanctionedUserInterlace	612345	PASSED	50	2187	1785	341	17	17	17	0	0	6	4	51	0	406548174	1332
1776312678047	S6_InFlightEdgeCases	612345	PASSED	50	412	147	18	73	26	26	58	36	16	12	51	0	132422570	461
1776312682519	S7_FullProtocolEndurance	612345	PASSED	15	928	528	119	206	15	15	15	11	15	4	17	0	194993135	590
1776312686694	S8_InvestSettlementEdge	612345	PASSED	50	242	100	0	0	0	0	50	64	16	12	51	0	94409050	359
1776312691712	S9_MultiAdapterMix	612345	PASSED	50	1489	838	0	433	50	50	50	46	9	13	102	0	420105468	1187
1776312696430	S1_DepositRedeemMix	622345	PASSED	50	1187	795	386	0	0	0	0	0	4	2	51	0	225317091	875
1776312701192	S2_AsyncRedeemFullCycle	622345	PASSED	50	475	57	0	307	48	48	0	0	9	6	151	0	261236587	888
1776312706748	S3_RebalanceSettlement	622345	PASSED	50	1802	851	0	724	49	49	50	61	9	9	201	0	633057853	1730
1776312710856	S4_ExchangeRateFeeAccrual	622345	PASSED	50	182	101	22	0	0	0	0	0	50	9	50	0	56541024	258
1776312715973	S5_SanctionedUserInterlace	622345	PASSED	50	2129	1731	337	17	17	17	0	0	6	4	51	0	398465468	1303
1776312720253	S6_InFlightEdgeCases	622345	PASSED	50	398	136	12	73	28	28	58	35	16	12	51	0	130575481	454
1776312724613	S7_FullProtocolEndurance	622345	PASSED	15	824	464	114	170	15	15	15	12	15	4	17	0	170953663	519
1776312728774	S8_InvestSettlementEdge	622345	PASSED	50	238	100	0	0	0	0	50	60	16	12	51	0	93088617	358
1776312733721	S9_MultiAdapterMix	622345	PASSED	50	1337	743	0	389	49	49	50	35	9	13	102	0	378630126	1123
1776312738478	S1_DepositRedeemMix	632345	PASSED	50	1170	765	399	0	0	0	0	0	4	2	51	0	223033444	924
1776312743223	S2_AsyncRedeemFullCycle	632345	PASSED	50	499	56	0	330	49	49	0	0	9	6	151	0	272009152	897
1776312748766	S3_RebalanceSettlement	632345	PASSED	50	1828	929	0	671	49	49	50	62	9	9	201	0	620598547	1711
1776312752890	S4_ExchangeRateFeeAccrual	632345	PASSED	50	192	114	19	0	0	0	0	0	50	9	50	0	58133236	260
1776312758154	S5_SanctionedUserInterlace	632345	PASSED	50	2246	1811	374	17	17	17	0	0	6	4	51	0	417771932	1412
1776312762451	S6_InFlightEdgeCases	632345	PASSED	50	412	149	16	76	26	26	58	33	16	12	51	0	132921479	464
1776312766847	S7_FullProtocolEndurance	632345	PASSED	15	941	559	108	196	15	15	15	14	15	4	17	0	194609032	581
1776312771060	S8_InvestSettlementEdge	632345	PASSED	50	238	100	0	0	0	0	50	60	16	12	51	0	92888838	363
1776312776059	S9_MultiAdapterMix	632345	PASSED	50	1399	776	0	417	48	48	50	38	9	13	102	0	398490111	1166
1776312780862	S1_DepositRedeemMix	642345	PASSED	50	1339	875	458	0	0	0	0	0	4	2	51	0	251506577	961
1776312785625	S2_AsyncRedeemFullCycle	642345	PASSED	50	505	57	0	333	50	50	0	0	9	6	151	0	276532098	928
1776312791101	S3_RebalanceSettlement	642345	PASSED	50	1702	827	0	642	50	50	50	65	9	9	201	0	590313457	1659
1776312795211	S4_ExchangeRateFeeAccrual	642345	PASSED	50	219	137	23	0	0	0	0	0	50	9	50	0	60865115	278
1776312800334	S5_SanctionedUserInterlace	642345	PASSED	50	1935	1526	348	17	17	17	0	0	6	4	51	0	365900234	1279
1776312804596	S6_InFlightEdgeCases	642345	PASSED	50	321	96	13	51	25	25	58	25	16	12	51	0	113108956	416
1776312808990	S7_FullProtocolEndurance	642345	PASSED	15	920	498	117	226	15	15	15	15	15	4	17	0	200578213	580
1776312813199	S8_InvestSettlementEdge	642345	PASSED	50	249	100	0	0	0	0	50	71	16	12	51	0	97277093	379
1776312818172	S9_MultiAdapterMix	642345	PASSED	50	1421	811	0	402	49	49	50	38	9	13	102	0	396886408	1152
1776312822878	S1_DepositRedeemMix	652345	PASSED	50	1164	780	378	0	0	0	0	0	4	2	51	0	221384513	880
1776312827534	S2_AsyncRedeemFullCycle	652345	PASSED	50	454	52	0	287	50	50	0	0	9	6	151	0	250915362	851
1776312833144	S3_RebalanceSettlement	652345	PASSED	50	1702	781	0	690	50	50	50	63	9	9	201	0	604852983	1764
1776312837243	S4_ExchangeRateFeeAccrual	652345	PASSED	50	205	121	25	0	0	0	0	0	50	9	50	0	59399857	271
1776312842326	S5_SanctionedUserInterlace	652345	PASSED	50	1998	1610	327	17	17	17	0	0	6	4	51	0	375823411	1236
1776312846642	S6_InFlightEdgeCases	652345	PASSED	50	410	141	13	81	29	29	58	31	16	12	51	0	134802671	466
1776312851109	S7_FullProtocolEndurance	652345	PASSED	15	987	536	133	236	15	15	15	18	15	4	17	0	214537275	634
1776312855341	S8_InvestSettlementEdge	652345	PASSED	50	238	100	0	0	0	0	50	60	16	12	51	0	92940936	370
1776312860382	S9_MultiAdapterMix	652345	PASSED	50	1516	877	0	405	49	49	50	64	9	13	102	0	421897919	1207
1776312865159	S1_DepositRedeemMix	662345	PASSED	50	1249	826	417	0	0	0	0	0	4	2	51	0	235970224	925
1776312869856	S2_AsyncRedeemFullCycle	662345	PASSED	50	438	53	0	272	49	49	0	0	9	6	151	0	244373348	867
1776312875309	S3_RebalanceSettlement	662345	PASSED	50	1650	797	0	631	47	47	50	60	9	9	201	0	575811158	1625
1776312879402	S4_ExchangeRateFeeAccrual	662345	PASSED	50	166	94	13	0	0	0	0	0	50	9	50	0	54189244	253
1776312884535	S5_SanctionedUserInterlace	662345	PASSED	50	2120	1671	388	17	17	17	0	0	6	4	51	0	390442284	1298
1776312888794	S6_InFlightEdgeCases	662345	PASSED	50	390	130	12	80	28	28	58	26	16	12	51	0	129410564	450
1776312893168	S7_FullProtocolEndurance	662345	PASSED	15	938	585	161	115	15	15	15	13	15	4	17	0	171264520	564
1776312897383	S8_InvestSettlementEdge	662345	PASSED	50	238	100	0	0	0	0	50	60	16	12	51	0	92916540	365
1776312902331	S9_MultiAdapterMix	662345	PASSED	50	1427	807	0	396	50	50	50	52	9	13	102	0	401451377	1155
1776312907133	S1_DepositRedeemMix	672345	PASSED	50	1331	836	489	0	0	0	0	0	4	2	51	0	251190303	963
1776312911837	S2_AsyncRedeemFullCycle	672345	PASSED	50	478	56	0	309	49	49	0	0	9	6	151	0	263216959	879
1776312917376	S3_RebalanceSettlement	672345	PASSED	50	1759	806	0	711	50	50	50	74	9	9	201	0	625927852	1706
1776312921491	S4_ExchangeRateFeeAccrual	672345	PASSED	50	218	128	31	0	0	0	0	0	50	9	50	0	61045258	286
1776312926680	S5_SanctionedUserInterlace	672345	PASSED	50	2252	1812	379	17	17	17	0	0	6	4	51	0	421887009	1378
1776312931046	S6_InFlightEdgeCases	672345	PASSED	50	456	170	15	96	28	28	58	33	16	12	51	0	142870931	527
1776312935477	S7_FullProtocolEndurance	672345	PASSED	15	899	509	108	199	15	15	15	19	15	4	17	0	191076899	598
1776312939654	S8_InvestSettlementEdge	672345	PASSED	50	243	100	0	0	0	0	50	65	16	12	51	0	94698750	364
1776312944623	S9_MultiAdapterMix	672345	PASSED	50	1408	784	0	406	49	49	50	48	9	13	102	0	399495994	1140
1776312949511	S1_DepositRedeemMix	682345	PASSED	50	1531	996	529	0	0	0	0	0	4	2	51	0	284785019	1058
1776312954235	S2_AsyncRedeemFullCycle	682345	PASSED	50	478	59	0	304	50	50	0	0	9	6	151	0	262549866	876
1776312959709	S3_RebalanceSettlement	682345	PASSED	50	1676	815	0	633	50	50	50	60	9	9	201	0	581416636	1630
1776312963843	S4_ExchangeRateFeeAccrual	682345	PASSED	50	225	134	32	0	0	0	0	0	50	9	50	0	61704248	284
1776312968913	S5_SanctionedUserInterlace	682345	PASSED	50	2036	1636	339	17	17	17	0	0	6	4	51	0	382153173	1247
1776312973221	S6_InFlightEdgeCases	682345	PASSED	50	413	143	21	82	25	25	58	31	16	12	51	0	134486166	471
1776312977726	S7_FullProtocolEndurance	682345	PASSED	15	963	511	149	226	15	15	15	13	15	4	17	0	207412394	673
1776312981927	S8_InvestSettlementEdge	682345	PASSED	50	243	100	0	0	0	0	50	65	16	12	51	0	94852704	362
1776312986894	S9_MultiAdapterMix	682345	PASSED	50	1397	784	0	394	47	47	50	53	9	13	102	0	396307573	1142
1776312991626	S1_DepositRedeemMix	692345	PASSED	50	1209	798	405	0	0	0	0	0	4	2	51	0	229327035	903
1776312996413	S2_AsyncRedeemFullCycle	692345	PASSED	50	543	60	0	368	50	50	0	0	9	6	151	0	292675863	936
1776351636917	S1_DepositRedeemMix	12345	PASSED	50	1307	837	464	0	0	0	0	0	4	2	51	0	306329694	1167
1776351722122	S2_AsyncRedeemFullCycle	12345	PASSED	50	503	58	0	332	49	49	0	0	9	6	151	0	290709982	989
1776351812794	S3_RebalanceSettlement	12345	PASSED	50	1770	819	0	715	50	50	50	68	9	9	201	0	738059664	2226
1776351896407	S4_ExchangeRateFeeAccrual	12345	PASSED	50	172	95	18	0	0	0	0	0	50	9	50	0	57763160	274
1776351984286	S5_SanctionedUserInterlace	12345	PASSED	50	2302	1855	386	17	17	17	0	0	6	4	51	0	572454828	1794
1776352075672	S6_InFlightEdgeCases	12345	PASSED	50	423	153	21	75	26	26	58	36	16	12	51	0	147007537	551
1776352173070	S7_FullProtocolEndurance	12345	PASSED	15	959	498	105	283	15	15	15	9	15	4	17	0	265746159	795
1776352259411	S8_InvestSettlementEdge	12345	PASSED	50	242	100	0	0	0	0	50	64	16	12	51	0	100165709	400
1776352356110	S9_MultiAdapterMix	12345	PASSED	50	1610	898	0	497	49	49	50	45	9	13	102	0	551290673	1559
1776352451930	S10_InterleavedOperations	12345	PASSED	50	686	207	49	192	56	56	50	36	19	21	145	0	285682875	1091
1776352456990	S1_DepositRedeemMix	22345	PASSED	50	1277	822	449	0	0	0	0	0	4	2	51	0	297816496	1165
1776352461885	S2_AsyncRedeemFullCycle	22345	PASSED	50	494	54	0	325	50	50	0	0	9	6	151	0	284614115	963
1776352467769	S3_RebalanceSettlement	22345	PASSED	50	1766	940	0	593	50	50	50	65	9	9	201	0	686567930	2003
1776352471948	S4_ExchangeRateFeeAccrual	22345	PASSED	50	199	123	17	0	0	0	0	0	50	9	50	0	62156897	298
1776352477592	S5_SanctionedUserInterlace	22345	PASSED	50	2180	1696	423	17	17	17	0	0	6	4	51	0	538606586	1742
1776352482015	S6_InFlightEdgeCases	22345	PASSED	50	412	135	21	75	30	30	58	35	16	12	51	0	143755880	529
1776352486681	S7_FullProtocolEndurance	22345	PASSED	15	959	616	94	168	15	15	15	17	15	4	17	0	229677377	757
1776352490955	S8_InvestSettlementEdge	22345	PASSED	50	246	100	0	0	0	0	50	68	16	12	51	0	101853251	415
1776352496381	S9_MultiAdapterMix	22345	PASSED	50	1547	881	0	448	50	50	50	46	9	13	102	0	518833088	1521
1776352501342	S10_InterleavedOperations	22345	PASSED	50	714	209	39	216	59	59	50	38	21	23	148	0	301089275	1067
1776352506279	S1_DepositRedeemMix	32345	PASSED	50	1079	754	319	0	0	0	0	0	4	2	51	0	252182647	1026
1776352511097	S2_AsyncRedeemFullCycle	32345	PASSED	50	466	54	0	297	50	50	0	0	9	6	151	0	270548732	924
1776352517012	S3_RebalanceSettlement	32345	PASSED	50	1624	734	0	653	50	50	50	69	9	9	201	0	674123316	2021
1776352521207	S4_ExchangeRateFeeAccrual	32345	PASSED	50	185	105	21	0	0	0	0	0	50	9	50	0	60222224	283
1776352526884	S5_SanctionedUserInterlace	32345	PASSED	50	2180	1740	379	17	17	17	0	0	6	4	51	0	534472104	1779
1776352531317	S6_InFlightEdgeCases	32345	PASSED	50	418	153	10	83	27	27	58	32	16	12	51	0	148009648	542
1776352536055	S7_FullProtocolEndurance	32345	PASSED	15	970	489	140	263	15	15	15	14	15	4	17	0	263142833	812
1776352540368	S8_InvestSettlementEdge	32345	PASSED	50	242	100	0	0	0	0	50	64	16	12	51	0	100192252	401
1776352545706	S9_MultiAdapterMix	32345	PASSED	50	1499	862	0	406	49	49	50	61	9	13	102	0	498939785	1472
1776352550539	S10_InterleavedOperations	32345	PASSED	50	615	185	38	163	55	55	50	27	20	22	143	0	259331732	965
1776352555549	S1_DepositRedeemMix	42345	PASSED	50	1180	787	387	0	0	0	0	0	4	2	51	0	274363517	1091
1776352560395	S2_AsyncRedeemFullCycle	42345	PASSED	50	484	54	0	319	48	48	0	0	9	6	151	0	282049838	950
1776352566251	S3_RebalanceSettlement	42345	PASSED	50	1656	783	0	651	49	49	50	56	9	9	201	0	681716775	1936
1776352570433	S4_ExchangeRateFeeAccrual	42345	PASSED	50	206	127	20	0	0	0	0	0	50	9	50	0	62917063	294
1776352576070	S5_SanctionedUserInterlace	42345	PASSED	50	2212	1730	421	17	17	17	0	0	6	4	51	0	545028657	1739
1776352580461	S6_InFlightEdgeCases	42345	PASSED	50	411	150	10	77	26	26	58	36	16	12	51	0	145384670	534
1776352585080	S7_FullProtocolEndurance	42345	PASSED	15	897	515	129	176	15	15	15	13	15	4	17	0	220572806	737
1776352589386	S8_InvestSettlementEdge	42345	PASSED	50	242	100	0	0	0	0	50	64	16	12	51	0	100125854	410
1776352594795	S9_MultiAdapterMix	42345	PASSED	50	1524	879	0	433	50	50	50	40	9	13	102	0	505878761	1543
1776352599668	S10_InterleavedOperations	42345	PASSED	50	591	157	43	164	52	52	50	29	21	23	142	0	256483056	985
1776352604706	S1_DepositRedeemMix	52345	PASSED	50	1248	796	446	0	0	0	0	0	4	2	51	0	291194255	1155
1776352609620	S2_AsyncRedeemFullCycle	52345	PASSED	50	495	54	0	326	50	50	0	0	9	6	151	0	286540927	982
1776352615411	S3_RebalanceSettlement	52345	PASSED	50	1615	823	0	568	47	47	50	62	9	9	201	0	639229495	1897
1776352619613	S4_ExchangeRateFeeAccrual	52345	PASSED	50	206	124	23	0	0	0	0	0	50	9	50	0	63198111	315
1776352625241	S5_SanctionedUserInterlace	52345	PASSED	50	2235	1759	415	17	17	17	0	0	6	4	51	0	555432482	1744
1776352629699	S6_InFlightEdgeCases	52345	PASSED	50	411	144	19	78	27	27	58	30	16	12	51	0	142481571	554
1776352634232	S7_FullProtocolEndurance	52345	PASSED	15	794	446	123	150	15	15	15	11	15	4	17	0	192501209	657
1776352638533	S8_InvestSettlementEdge	52345	PASSED	50	243	100	0	0	0	0	50	65	16	12	51	0	100590851	397
1776352643921	S9_MultiAdapterMix	52345	PASSED	50	1540	834	0	490	49	49	50	46	9	13	102	0	531614553	1516
1776352648797	S10_InterleavedOperations	52345	PASSED	50	640	216	32	164	53	53	50	28	21	23	143	0	263683741	978
1776352653760	S1_DepositRedeemMix	62345	PASSED	50	1145	799	340	0	0	0	0	0	4	2	51	0	265518066	1062
1776352658557	S2_AsyncRedeemFullCycle	62345	PASSED	50	472	56	0	301	50	50	0	0	9	6	151	0	272761956	932
1776352664436	S3_RebalanceSettlement	62345	PASSED	50	1728	883	0	609	49	49	50	70	9	9	201	0	684708314	2000
1776352668644	S4_ExchangeRateFeeAccrual	62345	PASSED	50	209	125	25	0	0	0	0	0	50	9	50	0	63844064	297
1776352674215	S5_SanctionedUserInterlace	62345	PASSED	50	2147	1765	321	17	17	17	0	0	6	4	51	0	521878796	1686
1776352678638	S6_InFlightEdgeCases	62345	PASSED	50	382	139	11	63	24	24	58	35	16	12	51	0	135934283	511
1776352683243	S7_FullProtocolEndurance	62345	PASSED	15	917	496	134	209	15	15	15	14	15	4	17	0	236187146	757
1776352687529	S8_InvestSettlementEdge	62345	PASSED	50	237	100	0	0	0	0	50	59	16	12	51	0	98339718	402
1776352692845	S9_MultiAdapterMix	62345	PASSED	50	1465	901	0	342	49	49	50	52	9	13	102	0	466552667	1425
1776352697806	S10_InterleavedOperations	62345	PASSED	50	677	195	37	203	59	59	50	30	21	23	149	0	287251495	1060
1776352702865	S1_DepositRedeemMix	72345	PASSED	50	1290	858	426	0	0	0	0	0	4	2	51	0	300185419	1165
1776352707749	S2_AsyncRedeemFullCycle	72345	PASSED	50	464	53	0	298	49	49	0	0	9	6	151	0	269726486	928
1776352713587	S3_RebalanceSettlement	72345	PASSED	50	1718	851	0	631	50	50	50	68	9	9	201	0	690343121	1960
1776352717770	S4_ExchangeRateFeeAccrual	72345	PASSED	50	219	135	25	0	0	0	0	0	50	9	50	0	64948937	306
1776352723261	S5_SanctionedUserInterlace	72345	PASSED	50	2057	1639	357	17	17	17	0	0	6	4	51	0	505016191	1628
1776352727703	S6_InFlightEdgeCases	72345	PASSED	50	397	144	20	72	22	22	58	31	16	12	51	0	140989684	527
1776352732254	S7_FullProtocolEndurance	72345	PASSED	15	777	409	136	155	15	15	15	13	15	4	17	0	192640219	645
1776352736558	S8_InvestSettlementEdge	72345	PASSED	50	241	100	0	0	0	0	50	63	16	12	51	0	99780774	401
1776352741999	S9_MultiAdapterMix	72345	PASSED	50	1613	936	0	451	48	48	50	58	9	13	102	0	544745727	1582
1776352746946	S10_InterleavedOperations	72345	PASSED	50	648	208	35	171	58	58	50	26	20	22	148	0	270640521	1052
1776352751961	S1_DepositRedeemMix	82345	PASSED	50	1130	759	365	0	0	0	0	0	4	2	51	0	262687067	1097
1776352756868	S2_AsyncRedeemFullCycle	82345	PASSED	50	516	55	0	346	50	50	0	0	9	6	151	0	295785661	990
1776352762895	S3_RebalanceSettlement	82345	PASSED	50	1668	840	0	605	50	50	50	55	9	9	201	0	662589000	2114
1776352767079	S4_ExchangeRateFeeAccrual	82345	PASSED	50	185	112	14	0	0	0	0	0	50	9	50	0	60164437	289
1776352772560	S5_SanctionedUserInterlace	82345	PASSED	50	1978	1623	294	17	17	17	0	0	6	4	51	0	482275571	1590
1776352776951	S6_InFlightEdgeCases	82345	PASSED	50	354	118	14	61	23	23	58	29	16	12	51	0	131396495	494
1776352781552	S7_FullProtocolEndurance	82345	PASSED	15	803	421	113	198	15	15	15	7	15	4	17	0	207897134	694
1776352785842	S8_InvestSettlementEdge	82345	PASSED	50	244	100	0	0	0	0	50	66	16	12	51	0	101067502	401
1776352791225	S9_MultiAdapterMix	82345	PASSED	50	1511	850	0	437	49	49	50	54	9	13	102	0	509157230	1475
1776352796142	S10_InterleavedOperations	82345	PASSED	50	669	200	40	191	55	55	50	36	20	22	148	0	284488832	1032
1776352801123	S1_DepositRedeemMix	92345	PASSED	50	1164	784	374	0	0	0	0	0	4	2	51	0	271606540	1078
1776352805939	S2_AsyncRedeemFullCycle	92345	PASSED	50	470	52	0	303	50	50	0	0	9	6	151	0	272550442	931
1776352811777	S3_RebalanceSettlement	92345	PASSED	50	1691	844	0	614	50	50	50	65	9	9	201	0	675365428	1943
1776352815947	S4_ExchangeRateFeeAccrual	92345	PASSED	50	200	120	21	0	0	0	0	0	50	9	50	0	62272913	291
1776352821517	S5_SanctionedUserInterlace	92345	PASSED	50	2061	1687	313	17	17	17	0	0	6	4	51	0	507495115	1639
1776352825967	S6_InFlightEdgeCases	92345	PASSED	50	379	129	13	66	27	27	58	31	16	12	51	0	135142855	512
1776352830568	S7_FullProtocolEndurance	92345	PASSED	15	830	446	129	183	14	14	15	10	15	4	17	0	209701390	686
1776352834855	S8_InvestSettlementEdge	92345	PASSED	50	244	100	0	0	0	0	50	66	16	12	51	0	101072719	397
1776352840259	S9_MultiAdapterMix	92345	PASSED	50	1558	929	0	417	47	47	50	46	9	13	102	0	512312593	1519
1776352845163	S10_InterleavedOperations	92345	PASSED	50	689	206	42	198	56	56	50	37	21	23	146	0	288176133	1035
1776352850114	S1_DepositRedeemMix	102345	PASSED	50	1116	739	371	0	0	0	0	0	4	2	51	0	260164617	1065
1776352855048	S2_AsyncRedeemFullCycle	102345	PASSED	50	573	62	0	396	50	50	0	0	9	6	151	0	324670044	1047
1776352860894	S3_RebalanceSettlement	102345	PASSED	50	1683	872	0	578	49	49	50	67	9	9	201	0	662326797	1936
1776352865087	S4_ExchangeRateFeeAccrual	102345	PASSED	50	201	119	23	0	0	0	0	0	50	9	50	0	62288780	299
1776352870719	S5_SanctionedUserInterlace	102345	PASSED	50	2159	1710	388	17	17	17	0	0	6	4	51	0	530265042	1746
1776352875131	S6_InFlightEdgeCases	102345	PASSED	50	382	124	9	72	28	28	58	35	16	12	51	0	138959347	512
1776352879786	S7_FullProtocolEndurance	102345	PASSED	15	944	562	127	174	15	15	15	17	15	4	17	0	229614207	780
1776352884067	S8_InvestSettlementEdge	102345	PASSED	50	240	100	0	0	0	0	50	62	16	12	51	0	99355758	396
1776352889449	S9_MultiAdapterMix	102345	PASSED	50	1547	897	0	429	49	49	50	51	9	13	102	0	514387269	1499
1776352894396	S10_InterleavedOperations	102345	PASSED	50	670	187	48	201	58	58	50	28	19	21	146	0	285280662	1030
1776352899494	S1_DepositRedeemMix	112345	PASSED	50	1335	887	442	0	0	0	0	0	4	2	51	0	310507885	1209
1776352904333	S2_AsyncRedeemFullCycle	112345	PASSED	50	502	55	0	334	49	49	0	0	9	6	151	0	288425283	966
1776352910073	S3_RebalanceSettlement	112345	PASSED	50	1548	744	0	583	49	49	50	55	9	9	201	0	624782389	1842
1776352914283	S4_ExchangeRateFeeAccrual	112345	PASSED	50	205	125	21	0	0	0	0	0	50	9	50	0	62823747	294
1776352919793	S5_SanctionedUserInterlace	112345	PASSED	50	2032	1635	336	17	17	17	0	0	6	4	51	0	492254559	1607
1776352924201	S6_InFlightEdgeCases	112345	PASSED	50	392	129	15	74	27	27	58	34	16	12	51	0	142892877	523
1776352928865	S7_FullProtocolEndurance	112345	PASSED	15	938	496	138	228	15	15	15	12	15	4	17	0	247066718	781
1776352933190	S8_InvestSettlementEdge	112345	PASSED	50	242	100	0	0	0	0	50	64	16	12	51	0	100141493	401
1776352938601	S9_MultiAdapterMix	112345	PASSED	50	1423	812	0	396	49	49	50	45	9	13	102	0	471550832	1524
1776352943489	S10_InterleavedOperations	112345	PASSED	50	624	181	31	176	56	56	50	34	19	21	144	0	267956938	980
1776352948567	S1_DepositRedeemMix	122345	PASSED	50	1305	857	442	0	0	0	0	0	4	2	51	0	304038770	1171
1776352953416	S2_AsyncRedeemFullCycle	122345	PASSED	50	501	60	0	330	48	48	0	0	9	6	151	0	284674693	965
1776352959411	S3_RebalanceSettlement	122345	PASSED	50	1815	847	0	737	49	49	50	65	9	9	201	0	751704396	2094
1776352963605	S4_ExchangeRateFeeAccrual	122345	PASSED	50	211	127	25	0	0	0	0	0	50	9	50	0	63913388	304
1776352969183	S5_SanctionedUserInterlace	122345	PASSED	50	2144	1650	433	17	17	17	0	0	6	4	51	0	531340220	1694
1776352973671	S6_InFlightEdgeCases	122345	PASSED	50	416	144	15	80	29	29	58	33	16	12	51	0	147710232	556
1776352978256	S7_FullProtocolEndurance	122345	PASSED	15	823	425	150	175	15	15	15	9	15	4	17	0	205978355	680
1776352982584	S8_InvestSettlementEdge	122345	PASSED	50	244	100	0	0	0	0	50	66	16	12	51	0	101102169	416
1776352987920	S9_MultiAdapterMix	122345	PASSED	50	1444	850	0	377	49	49	50	47	9	13	102	0	473466995	1430
1776352992886	S10_InterleavedOperations	122345	PASSED	50	715	199	54	223	59	59	50	29	20	22	149	0	303046109	1071
1776352997961	S1_DepositRedeemMix	132345	PASSED	50	1266	847	413	0	0	0	0	0	4	2	51	0	294311015	1149
1776353002872	S2_AsyncRedeemFullCycle	132345	PASSED	50	506	59	0	332	50	50	0	0	9	6	151	0	290221506	979
1776353008634	S3_RebalanceSettlement	132345	PASSED	50	1616	835	0	549	50	50	50	64	9	9	201	0	632581601	1866
1776353012803	S4_ExchangeRateFeeAccrual	132345	PASSED	50	190	115	16	0	0	0	0	0	50	9	50	0	60590727	285
1776353018329	S5_SanctionedUserInterlace	132345	PASSED	50	2049	1642	346	17	17	17	0	0	6	4	51	0	502838152	1640
1776353022738	S6_InFlightEdgeCases	132345	PASSED	50	401	145	5	83	25	25	58	32	16	12	51	0	144307461	526
1776353027292	S7_FullProtocolEndurance	132345	PASSED	15	796	392	118	211	15	15	15	11	15	4	17	0	212055385	676
1776353031593	S8_InvestSettlementEdge	132345	PASSED	50	242	100	0	0	0	0	50	64	16	12	51	0	100319973	401
1776353037015	S9_MultiAdapterMix	132345	PASSED	50	1548	904	0	429	48	48	50	47	9	13	102	0	513701408	1498
1776353042009	S10_InterleavedOperations	132345	PASSED	50	768	243	53	232	58	58	50	32	20	22	146	0	314484791	1110
1776353047036	S1_DepositRedeemMix	142345	PASSED	50	1218	793	419	0	0	0	0	0	4	2	51	0	285979209	1116
1776353051923	S2_AsyncRedeemFullCycle	142345	PASSED	50	521	53	0	353	50	50	0	0	9	6	151	0	300569401	994
1776353057684	S3_RebalanceSettlement	142345	PASSED	50	1558	771	0	562	50	50	50	57	9	9	201	0	621268259	1848
1776353061927	S4_ExchangeRateFeeAccrual	142345	PASSED	50	247	143	45	0	0	0	0	0	50	9	50	0	69692417	345
1776353067546	S5_SanctionedUserInterlace	142345	PASSED	50	2180	1783	336	17	17	17	0	0	6	4	51	0	537636115	1727
1776353071976	S6_InFlightEdgeCases	142345	PASSED	50	426	153	18	79	28	28	58	34	16	12	51	0	146618097	542
1776353076598	S7_FullProtocolEndurance	142345	PASSED	15	902	525	108	193	15	15	15	12	15	4	17	0	226009013	734
1776353080872	S8_InvestSettlementEdge	142345	PASSED	50	244	100	0	0	0	0	50	66	16	12	51	0	101031189	397
1776353086206	S9_MultiAdapterMix	142345	PASSED	50	1432	838	0	384	49	49	50	40	9	13	102	0	468281100	1465
1776353091100	S10_InterleavedOperations	142345	PASSED	50	659	192	41	187	58	58	50	33	19	21	146	0	278512820	1022
1776353096259	S1_DepositRedeemMix	152345	PASSED	50	1360	869	485	0	0	0	0	0	4	2	51	0	317775393	1238
1776353101123	S2_AsyncRedeemFullCycle	152345	PASSED	50	526	57	0	354	50	50	0	0	9	6	151	0	299568237	987
1776353106942	S3_RebalanceSettlement	152345	PASSED	50	1621	782	0	604	49	49	50	69	9	9	201	0	657926025	1932
1776353111131	S4_ExchangeRateFeeAccrual	152345	PASSED	50	213	129	25	0	0	0	0	0	50	9	50	0	64190490	305
1776353116676	S5_SanctionedUserInterlace	152345	PASSED	50	2070	1631	378	17	17	17	0	0	6	4	51	0	510139199	1658
1776353121138	S6_InFlightEdgeCases	152345	PASSED	50	379	124	23	71	23	23	58	29	16	12	51	0	138682389	524
1776353125814	S7_FullProtocolEndurance	152345	PASSED	15	903	480	119	228	15	15	15	12	15	4	17	0	238110790	766
1776353130103	S8_InvestSettlementEdge	152345	PASSED	50	242	100	0	0	0	0	50	64	16	12	51	0	100197241	400
1776353135521	S9_MultiAdapterMix	152345	PASSED	50	1521	840	0	464	48	48	50	49	9	13	102	0	519404043	1511
1776353140581	S10_InterleavedOperations	152345	PASSED	50	778	239	48	245	59	59	50	34	21	23	149	0	320917198	1129
1776353145555	S1_DepositRedeemMix	162345	PASSED	50	1139	756	377	0	0	0	0	0	4	2	51	0	265157808	1093
1776353150410	S2_AsyncRedeemFullCycle	162345	PASSED	50	499	59	0	325	50	50	0	0	9	6	151	0	288641351	970
1776353156180	S3_RebalanceSettlement	162345	PASSED	50	1564	772	0	569	49	49	50	57	9	9	201	0	625936591	1859
1776353160410	S4_ExchangeRateFeeAccrual	162345	PASSED	50	187	107	21	0	0	0	0	0	50	9	50	0	60154241	296
1776353166069	S5_SanctionedUserInterlace	162345	PASSED	50	2212	1755	396	17	17	17	0	0	6	4	51	0	554494585	1749
1776353170521	S6_InFlightEdgeCases	162345	PASSED	50	441	166	18	76	29	29	58	37	16	12	51	0	148696388	552
1776353175171	S7_FullProtocolEndurance	162345	PASSED	15	928	513	94	245	15	15	15	12	15	4	17	0	247352396	771
1776353179481	S8_InvestSettlementEdge	162345	PASSED	50	237	100	0	0	0	0	50	59	16	12	51	0	98059637	405
1776353184913	S9_MultiAdapterMix	162345	PASSED	50	1588	944	0	419	50	50	50	53	9	13	102	0	521419576	1517
1776353189797	S10_InterleavedOperations	162345	PASSED	50	599	171	25	169	55	55	50	30	21	23	144	0	261681974	976
1776353194871	S1_DepositRedeemMix	172345	PASSED	50	1309	853	450	0	0	0	0	0	4	2	51	0	305176063	1178
1776353199678	S2_AsyncRedeemFullCycle	172345	PASSED	50	461	56	0	296	47	47	0	0	9	6	151	0	267181505	923
1776353205515	S3_RebalanceSettlement	172345	PASSED	50	1730	893	0	608	50	50	50	61	9	9	201	0	681617811	1964
1776353209721	S4_ExchangeRateFeeAccrual	172345	PASSED	50	211	123	29	0	0	0	0	0	50	9	50	0	63804591	317
1776353215257	S5_SanctionedUserInterlace	172345	PASSED	50	1976	1576	339	17	17	17	0	0	6	4	51	0	487637178	1660
1776353219677	S6_InFlightEdgeCases	172345	PASSED	50	393	136	13	67	27	27	58	37	16	12	51	0	140023344	527
1776353224305	S7_FullProtocolEndurance	172345	PASSED	15	931	569	123	158	15	15	15	17	15	4	17	0	222886410	749
1776353228600	S8_InvestSettlementEdge	172345	PASSED	50	238	100	0	0	0	0	50	60	16	12	51	0	98637064	405
1776353234177	S9_MultiAdapterMix	172345	PASSED	50	1704	958	0	517	50	50	50	57	9	13	102	0	586601120	1643
1776353239197	S10_InterleavedOperations	172345	PASSED	50	714	203	42	221	61	61	50	32	21	23	150	0	300882979	1073
1776353244286	S1_DepositRedeemMix	182345	PASSED	50	1317	879	432	0	0	0	0	0	4	2	51	0	306398071	1178
1776353249176	S2_AsyncRedeemFullCycle	182345	PASSED	50	544	64	0	365	50	50	0	0	9	6	151	0	308835533	1015
1776353255142	S3_RebalanceSettlement	182345	PASSED	50	1830	888	0	718	49	49	50	58	9	9	201	0	748410415	2083
1776353259343	S4_ExchangeRateFeeAccrual	182345	PASSED	50	193	118	16	0	0	0	0	0	50	9	50	0	61006764	293
1776353265030	S5_SanctionedUserInterlace	182345	PASSED	50	2313	1865	387	17	17	17	0	0	6	4	51	0	571643434	1796
1776353269437	S6_InFlightEdgeCases	182345	PASSED	50	359	111	17	64	26	26	58	29	16	12	51	0	131478788	508
1776353274047	S7_FullProtocolEndurance	182345	PASSED	15	885	514	110	179	15	15	15	18	15	4	17	0	220888661	721
1776353278346	S8_InvestSettlementEdge	182345	PASSED	50	245	100	0	0	0	0	50	67	16	12	51	0	101492948	403
1776353283747	S9_MultiAdapterMix	182345	PASSED	50	1544	892	0	429	49	49	50	53	9	13	102	0	517291625	1514
1776353288695	S10_InterleavedOperations	182345	PASSED	50	681	202	39	197	58	58	50	33	21	23	148	0	287632267	1036
1776353293587	S1_DepositRedeemMix	192345	PASSED	50	1058	707	345	0	0	0	0	0	4	2	51	0	247076701	1002
1776353298464	S2_AsyncRedeemFullCycle	192345	PASSED	50	493	52	0	328	49	49	0	0	9	6	151	0	286645888	969
1776353304324	S3_RebalanceSettlement	192345	PASSED	50	1646	821	0	601	49	49	50	58	9	9	201	0	656901595	1991
1776353308538	S4_ExchangeRateFeeAccrual	192345	PASSED	50	177	106	12	0	0	0	0	0	50	9	50	0	58805814	278
1776353314110	S5_SanctionedUserInterlace	192345	PASSED	50	2102	1665	376	17	17	17	0	0	6	4	51	0	511307526	1694
1776353318544	S6_InFlightEdgeCases	192345	PASSED	50	395	129	16	77	26	26	58	35	16	12	51	0	145554261	528
1776353323231	S7_FullProtocolEndurance	192345	PASSED	15	908	490	155	186	15	15	15	13	15	4	17	0	226276190	785
1776353327510	S8_InvestSettlementEdge	192345	PASSED	50	239	100	0	0	0	0	50	61	16	12	51	0	98888069	400
1776353332928	S9_MultiAdapterMix	192345	PASSED	50	1585	900	0	461	50	50	50	52	9	13	102	0	535124827	1529
1776353338015	S10_InterleavedOperations	192345	PASSED	50	752	219	47	235	62	62	50	33	21	23	151	0	314627815	1177
1776353342996	S1_DepositRedeemMix	202345	PASSED	50	1122	737	379	0	0	0	0	0	4	2	51	0	263307151	1039
1776353347826	S2_AsyncRedeemFullCycle	202345	PASSED	50	484	54	0	315	50	50	0	0	9	6	151	0	281134249	952
1776353353679	S3_RebalanceSettlement	202345	PASSED	50	1657	797	0	626	49	49	50	68	9	9	201	0	671209843	1939
1776353357873	S4_ExchangeRateFeeAccrual	202345	PASSED	50	211	128	24	0	0	0	0	0	50	9	50	0	63829574	301
1776353363584	S5_SanctionedUserInterlace	202345	PASSED	50	2335	1879	395	17	17	17	0	0	6	4	51	0	574012821	1793
1776353368082	S6_InFlightEdgeCases	202345	PASSED	50	446	159	21	91	31	31	58	27	16	12	51	0	151498881	552
1776353372770	S7_FullProtocolEndurance	202345	PASSED	15	912	525	118	195	15	15	15	10	15	4	17	0	227781296	767
1776353377055	S8_InvestSettlementEdge	202345	PASSED	50	240	100	0	0	0	0	50	62	16	12	51	0	99253456	395
1776353382430	S9_MultiAdapterMix	202345	PASSED	50	1515	868	0	435	49	49	50	42	9	13	102	0	505350589	1484
1776353387408	S10_InterleavedOperations	202345	PASSED	50	728	223	40	221	58	58	50	36	20	22	147	0	303986291	1085
1776353392571	S1_DepositRedeemMix	212345	PASSED	50	1413	922	485	0	0	0	0	0	4	2	51	0	330089254	1247
1776353397385	S2_AsyncRedeemFullCycle	212345	PASSED	50	453	55	0	283	50	50	0	0	9	6	151	0	263720362	917
1776353403276	S3_RebalanceSettlement	212345	PASSED	50	1788	900	0	651	50	50	50	69	9	9	201	0	718880921	2010
1776353407469	S4_ExchangeRateFeeAccrual	212345	PASSED	50	185	109	17	0	0	0	0	0	50	9	50	0	60081480	290
1776353413135	S5_SanctionedUserInterlace	212345	PASSED	50	2283	1839	383	17	17	17	0	0	6	4	51	0	565710271	1776
1776353417583	S6_InFlightEdgeCases	212345	PASSED	50	391	134	9	76	27	27	58	32	16	12	51	0	140794989	524
1776353422239	S7_FullProtocolEndurance	212345	PASSED	15	885	510	127	170	15	15	15	14	15	4	17	0	216571381	746
1776353426559	S8_InvestSettlementEdge	212345	PASSED	50	244	100	0	0	0	0	50	66	16	12	51	0	100903885	399
1776353431936	S9_MultiAdapterMix	212345	PASSED	50	1509	851	0	447	47	47	50	45	9	13	102	0	510086585	1483
1776353436877	S10_InterleavedOperations	212345	PASSED	50	681	199	42	199	59	59	50	29	21	23	148	0	285540200	1035
1776353441902	S1_DepositRedeemMix	222345	PASSED	50	1233	814	413	0	0	0	0	0	4	2	51	0	286924668	1131
1776353446859	S2_AsyncRedeemFullCycle	222345	PASSED	50	531	62	0	356	49	49	0	0	9	6	151	0	305616117	1066
1776353452680	S3_RebalanceSettlement	222345	PASSED	50	1629	782	0	622	50	50	50	57	9	9	201	0	660164372	1917
1776353456862	S4_ExchangeRateFeeAccrual	222345	PASSED	50	204	118	27	0	0	0	0	0	50	9	50	0	62691942	293
1776353462391	S5_SanctionedUserInterlace	222345	PASSED	50	1941	1581	299	17	17	17	0	0	6	4	51	0	472462329	1567
1776353466843	S6_InFlightEdgeCases	222345	PASSED	50	360	114	15	67	25	25	58	28	16	12	51	0	133581191	502
1776353471470	S7_FullProtocolEndurance	222345	PASSED	15	867	449	155	186	15	15	15	13	15	4	17	0	219658859	734
1776353475765	S8_InvestSettlementEdge	222345	PASSED	50	242	100	0	0	0	0	50	64	16	12	51	0	100177649	407
1776353481164	S9_MultiAdapterMix	222345	PASSED	50	1482	830	0	434	50	50	50	46	9	13	102	0	498797114	1482
1776353486159	S10_InterleavedOperations	222345	PASSED	50	694	201	55	198	57	57	50	32	21	23	148	0	290477966	1058
1776353491214	S1_DepositRedeemMix	232345	PASSED	50	1305	861	438	0	0	0	0	0	4	2	51	0	303847299	1164
1776353496078	S2_AsyncRedeemFullCycle	232345	PASSED	50	469	55	0	299	50	50	0	0	9	6	151	0	271404809	938
1776353501949	S3_RebalanceSettlement	232345	PASSED	50	1687	792	0	666	49	49	50	63	9	9	201	0	692256786	1963
1776353506134	S4_ExchangeRateFeeAccrual	232345	PASSED	50	194	115	20	0	0	0	0	0	50	9	50	0	60979500	304
1776353511830	S5_SanctionedUserInterlace	232345	PASSED	50	2242	1775	406	17	17	17	0	0	6	4	51	0	556970102	1792
1776353516283	S6_InFlightEdgeCases	232345	PASSED	50	381	124	18	72	26	26	58	29	16	12	51	0	138646863	556
1776353520910	S7_FullProtocolEndurance	232345	PASSED	15	862	448	124	213	15	15	15	13	15	4	17	0	225940056	724
1776353525218	S8_InvestSettlementEdge	232345	PASSED	50	242	100	0	0	0	0	50	64	16	12	51	0	100305683	398
1776353530569	S9_MultiAdapterMix	232345	PASSED	50	1465	816	0	426	50	50	50	51	9	13	102	0	494778812	1464
1776353535534	S10_InterleavedOperations	232345	PASSED	50	656	197	38	188	56	56	50	29	20	22	147	0	278461583	1020
1776353540541	S1_DepositRedeemMix	242345	PASSED	50	1178	797	375	0	0	0	0	0	4	2	51	0	273597527	1082
1776353545434	S2_AsyncRedeemFullCycle	242345	PASSED	50	516	62	0	341	49	49	0	0	9	6	151	0	294109810	991
1776353551311	S3_RebalanceSettlement	242345	PASSED	50	1686	881	0	578	47	47	50	65	9	9	201	0	662135447	1931
1776353555510	S4_ExchangeRateFeeAccrual	242345	PASSED	50	190	117	14	0	0	0	0	0	50	9	50	0	60379225	289
1776353561150	S5_SanctionedUserInterlace	242345	PASSED	50	2259	1850	348	17	17	17	0	0	6	4	51	0	557772046	1769
1776353565635	S6_InFlightEdgeCases	242345	PASSED	50	433	153	30	83	25	25	58	31	16	12	51	0	148593075	566
1776353570318	S7_FullProtocolEndurance	242345	PASSED	15	935	497	121	238	15	15	15	15	15	4	17	0	247920781	770
1776353574643	S8_InvestSettlementEdge	242345	PASSED	50	243	100	0	0	0	0	50	65	16	12	51	0	100737965	398
1776353580016	S9_MultiAdapterMix	242345	PASSED	50	1477	812	0	442	50	50	50	51	9	13	102	0	501656500	1477
1776353584988	S10_InterleavedOperations	242345	PASSED	50	728	225	44	208	61	61	50	35	21	23	149	0	300240220	1066
1776353590090	S1_DepositRedeemMix	252345	PASSED	50	1331	854	471	0	0	0	0	0	4	2	51	0	312993750	1213
1776353594983	S2_AsyncRedeemFullCycle	252345	PASSED	50	506	54	0	339	49	49	0	0	9	6	151	0	292277995	969
1776353600998	S3_RebalanceSettlement	252345	PASSED	50	1953	1019	0	698	50	50	50	68	9	9	201	0	776621706	2144
1776353605248	S4_ExchangeRateFeeAccrual	252345	PASSED	50	221	137	25	0	0	0	0	0	50	9	50	0	65394529	313
1776353610759	S5_SanctionedUserInterlace	252345	PASSED	50	2022	1622	339	17	17	17	0	0	6	4	51	0	494422779	1633
1776353615124	S6_InFlightEdgeCases	252345	PASSED	50	323	95	16	52	23	23	58	28	16	12	51	0	121546157	474
1776353619809	S7_FullProtocolEndurance	252345	PASSED	15	939	570	129	163	15	15	15	13	15	4	17	0	224004972	769
1776353624101	S8_InvestSettlementEdge	252345	PASSED	50	246	100	0	0	0	0	50	68	16	12	51	0	101967707	403
1776353629476	S9_MultiAdapterMix	252345	PASSED	50	1553	944	0	376	50	50	50	61	9	13	102	0	501975321	1497
1776353634361	S10_InterleavedOperations	252345	PASSED	50	642	190	34	177	59	59	50	29	21	23	148	0	271515435	1002
1776353639543	S1_DepositRedeemMix	262345	PASSED	50	1279	843	430	0	0	0	0	0	4	2	51	0	297467097	1211
1776353644540	S2_AsyncRedeemFullCycle	262345	PASSED	50	564	60	0	389	50	50	0	0	9	6	151	0	324107827	1048
1776353650481	S3_RebalanceSettlement	262345	PASSED	50	1774	816	0	735	50	50	50	55	9	9	201	0	741117282	2049
1776353654702	S4_ExchangeRateFeeAccrual	262345	PASSED	50	178	100	19	0	0	0	0	0	50	9	50	0	58895132	278
1776353660306	S5_SanctionedUserInterlace	262345	PASSED	50	2108	1681	366	17	17	17	0	0	6	4	51	0	511881969	1661
1776353664725	S6_InFlightEdgeCases	262345	PASSED	50	380	122	13	78	26	26	58	29	16	12	51	0	138790528	520
1776353669349	S7_FullProtocolEndurance	262345	PASSED	15	887	526	113	168	15	15	15	16	15	4	17	0	216692417	718
1776353673701	S8_InvestSettlementEdge	262345	PASSED	50	242	100	0	0	0	0	50	64	16	12	51	0	100223279	423
1776353679044	S9_MultiAdapterMix	262345	PASSED	50	1510	843	0	442	50	50	50	53	9	13	102	0	510357998	1480
1776353684024	S10_InterleavedOperations	262345	PASSED	50	680	200	32	209	58	58	50	29	21	23	148	0	289636033	1092
1776353689120	S1_DepositRedeemMix	272345	PASSED	50	1380	926	448	0	0	0	0	0	4	2	51	0	321374355	1212
1776353693975	S2_AsyncRedeemFullCycle	272345	PASSED	50	489	52	0	324	49	49	0	0	9	6	151	0	283360068	957
1776353699831	S3_RebalanceSettlement	272345	PASSED	50	1697	881	0	583	50	50	50	65	9	9	201	0	666036144	1937
1776353704020	S4_ExchangeRateFeeAccrual	272345	PASSED	50	185	110	16	0	0	0	0	0	50	9	50	0	59665050	295
1776353709655	S5_SanctionedUserInterlace	272345	PASSED	50	2215	1774	380	17	17	17	0	0	6	4	51	0	548147035	1734
1776353714092	S6_InFlightEdgeCases	272345	PASSED	50	390	127	18	70	27	27	58	35	16	12	51	0	140130943	532
1776353718733	S7_FullProtocolEndurance	272345	PASSED	15	893	539	118	156	15	15	15	16	15	4	17	0	214085428	720
1776353723034	S8_InvestSettlementEdge	272345	PASSED	50	240	100	0	0	0	0	50	62	16	12	51	0	99404223	398
1776353728331	S9_MultiAdapterMix	272345	PASSED	50	1414	822	0	373	50	50	50	47	9	13	102	0	461973022	1411
1776353733283	S10_InterleavedOperations	272345	PASSED	50	703	206	38	210	60	60	50	35	21	23	148	0	295448497	1051
1776353738404	S1_DepositRedeemMix	282345	PASSED	50	1291	858	427	0	0	0	0	0	4	2	51	0	299990342	1190
1776353743305	S2_AsyncRedeemFullCycle	282345	PASSED	50	521	55	0	353	49	49	0	0	9	6	151	0	300580618	1005
1776353749263	S3_RebalanceSettlement	282345	PASSED	50	1879	941	0	703	49	49	50	69	9	9	201	0	758828054	2080
1776353753446	S4_ExchangeRateFeeAccrual	282345	PASSED	50	196	109	28	0	0	0	0	0	50	9	50	0	61901538	299
1776353759065	S5_SanctionedUserInterlace	282345	PASSED	50	2203	1802	340	17	17	17	0	0	6	4	51	0	540633864	1731
1776353763528	S6_InFlightEdgeCases	282345	PASSED	50	414	144	19	69	29	29	58	38	16	12	51	0	144801404	563
1776353768128	S7_FullProtocolEndurance	282345	PASSED	15	828	439	115	200	15	15	15	10	15	4	17	0	215022646	689
1776353772447	S8_InvestSettlementEdge	282345	PASSED	50	240	100	0	0	0	0	50	62	16	12	51	0	99421079	399
1776353777784	S9_MultiAdapterMix	282345	PASSED	50	1463	825	0	421	50	50	50	45	9	13	102	0	489496895	1457
1776353782694	S10_InterleavedOperations	282345	PASSED	50	636	193	35	185	53	53	50	25	20	22	142	0	269507898	985
1776353787726	S1_DepositRedeemMix	292345	PASSED	50	1166	754	406	0	0	0	0	0	4	2	51	0	271865527	1086
1776353792643	S2_AsyncRedeemFullCycle	292345	PASSED	50	514	57	0	342	50	50	0	0	9	6	151	0	293624911	977
1776353798532	S3_RebalanceSettlement	292345	PASSED	50	1744	918	0	598	50	50	50	60	9	9	201	0	682403885	1969
1776353802714	S4_ExchangeRateFeeAccrual	292345	PASSED	50	182	111	12	0	0	0	0	0	50	9	50	0	59521733	282
1776353808331	S5_SanctionedUserInterlace	292345	PASSED	50	2153	1716	376	17	17	17	0	0	6	4	51	0	525699592	1700
1776353812712	S6_InFlightEdgeCases	292345	PASSED	50	337	107	14	55	23	23	58	29	16	12	51	0	125141358	479
1776353817339	S7_FullProtocolEndurance	292345	PASSED	15	856	471	123	185	15	15	15	13	15	4	17	0	216328553	708
1776353821670	S8_InvestSettlementEdge	292345	PASSED	50	242	100	0	0	0	0	50	64	16	12	51	0	100311943	403
1776353826992	S9_MultiAdapterMix	292345	PASSED	50	1474	848	0	405	49	49	50	51	9	13	102	0	491723486	1446
1776353831935	S10_InterleavedOperations	292345	PASSED	50	672	205	40	192	56	56	50	29	21	23	146	0	280849534	1034
1776353836947	S1_DepositRedeemMix	302345	PASSED	50	1180	774	400	0	0	0	0	0	4	2	51	0	274642299	1080
1776353841827	S2_AsyncRedeemFullCycle	302345	PASSED	50	502	56	0	331	50	50	0	0	9	6	151	0	286510576	975
1776353847709	S3_RebalanceSettlement	302345	PASSED	50	1731	854	0	649	50	50	50	60	9	9	201	0	697103958	2010
1776353851921	S4_ExchangeRateFeeAccrual	302345	PASSED	50	230	141	30	0	0	0	0	0	50	9	50	0	66645428	313
1776353857502	S5_SanctionedUserInterlace	302345	PASSED	50	2041	1636	344	17	17	17	0	0	6	4	51	0	499110028	1683
1776353861898	S6_InFlightEdgeCases	302345	PASSED	50	387	130	15	71	27	27	58	31	16	12	51	0	138050561	512
1776353866506	S7_FullProtocolEndurance	302345	PASSED	15	871	530	83	173	15	15	15	21	15	4	17	0	215708976	712
1776353870802	S8_InvestSettlementEdge	302345	PASSED	50	239	100	0	0	0	0	50	61	16	12	51	0	98954833	400
1776353876202	S9_MultiAdapterMix	302345	PASSED	50	1490	876	0	392	50	50	50	50	9	13	102	0	487828430	1513
1776353881119	S10_InterleavedOperations	302345	PASSED	50	631	169	38	185	60	60	50	27	20	22	148	0	272350329	1001
1776353886289	S1_DepositRedeemMix	312345	PASSED	50	1427	944	477	0	0	0	0	0	4	2	51	0	335990452	1286
1776353891105	S2_AsyncRedeemFullCycle	312345	PASSED	50	470	53	0	302	50	50	0	0	9	6	151	0	272644030	934
1776353897071	S3_RebalanceSettlement	312345	PASSED	50	1801	911	0	661	50	50	50	61	9	9	201	0	719672502	2032
1776353901289	S4_ExchangeRateFeeAccrual	312345	PASSED	50	204	122	23	0	0	0	0	0	50	9	50	0	62781923	299
1776353906843	S5_SanctionedUserInterlace	312345	PASSED	50	2032	1631	340	17	17	17	0	0	6	4	51	0	496604832	1640
1776353911279	S6_InFlightEdgeCases	312345	PASSED	50	406	142	17	80	24	24	58	33	16	12	51	0	144532313	534
1776353915900	S7_FullProtocolEndurance	312345	PASSED	15	895	530	114	173	15	15	15	14	15	4	17	0	218788208	739
1776353920180	S8_InvestSettlementEdge	312345	PASSED	50	241	100	0	0	0	0	50	63	16	12	51	0	99901969	396
1776353925619	S9_MultiAdapterMix	312345	PASSED	50	1432	794	0	426	50	50	50	40	9	13	102	0	482173353	1451
1776353930565	S10_InterleavedOperations	312345	PASSED	50	718	219	54	215	56	56	50	28	19	21	147	0	298690225	1071
1776353935632	S1_DepositRedeemMix	322345	PASSED	50	1267	831	430	0	0	0	0	0	4	2	51	0	295162708	1152
1776353940504	S2_AsyncRedeemFullCycle	322345	PASSED	50	498	56	0	327	50	50	0	0	9	6	151	0	286987385	960
1776353946449	S3_RebalanceSettlement	322345	PASSED	50	1707	845	0	634	50	50	50	60	9	9	201	0	688826836	2060
1776353950625	S4_ExchangeRateFeeAccrual	322345	PASSED	50	192	111	22	0	0	0	0	0	50	9	50	0	61077645	287
1776353956374	S5_SanctionedUserInterlace	322345	PASSED	50	2293	1800	432	17	17	17	0	0	6	4	51	0	563553189	1809
1776353960835	S6_InFlightEdgeCases	322345	PASSED	50	450	162	15	87	29	29	58	42	16	12	51	0	157630687	563
1776353965437	S7_FullProtocolEndurance	322345	PASSED	15	818	491	106	144	15	15	15	13	15	4	17	0	195895150	732
1776353969720	S8_InvestSettlementEdge	322345	PASSED	50	236	100	0	0	0	0	50	58	16	12	51	0	97697255	402
1776353975170	S9_MultiAdapterMix	322345	PASSED	50	1568	936	0	409	48	48	50	55	9	13	102	0	514272287	1567
1776353980083	S10_InterleavedOperations	322345	PASSED	50	669	194	50	188	60	60	50	25	20	22	149	0	280033124	1042
1776353985106	S1_DepositRedeemMix	332345	PASSED	50	1245	826	413	0	0	0	0	0	4	2	51	0	289520626	1136
1776353989994	S2_AsyncRedeemFullCycle	332345	PASSED	50	535	60	0	360	50	50	0	0	9	6	151	0	304706664	1005
1776353995758	S3_RebalanceSettlement	332345	PASSED	50	1643	847	0	574	50	50	50	54	9	9	201	0	644906835	1895
1776353999925	S4_ExchangeRateFeeAccrual	332345	PASSED	50	196	121	16	0	0	0	0	0	50	9	50	0	61413840	292
1776354005530	S5_SanctionedUserInterlace	332345	PASSED	50	2155	1697	400	16	16	16	0	0	6	4	51	0	539697836	1714
1776354009969	S6_InFlightEdgeCases	332345	PASSED	50	427	146	28	77	29	29	58	32	16	12	51	0	145249012	542
1776354014625	S7_FullProtocolEndurance	332345	PASSED	15	916	510	128	203	15	15	15	11	15	4	17	0	232118425	751
1776354018902	S8_InvestSettlementEdge	332345	PASSED	50	239	100	0	0	0	0	50	61	16	12	51	0	99003073	396
1776354024378	S9_MultiAdapterMix	332345	PASSED	50	1619	890	0	496	50	50	50	61	9	13	102	0	558171299	1592
1776354029299	S10_InterleavedOperations	332345	PASSED	50	656	193	43	183	57	57	50	29	21	23	146	0	274670569	1004
1776354034166	S1_DepositRedeemMix	342345	PASSED	50	1014	697	311	0	0	0	0	0	4	2	51	0	236734580	982
1776354039022	S2_AsyncRedeemFullCycle	342345	PASSED	50	475	56	0	310	47	47	0	0	9	6	151	0	276581621	937
1776354044909	S3_RebalanceSettlement	342345	PASSED	50	1770	928	0	618	50	50	50	56	9	9	201	0	693856413	2004
1776354049094	S4_ExchangeRateFeeAccrual	342345	PASSED	50	210	124	27	0	0	0	0	0	50	9	50	0	63980784	301
1776354054714	S5_SanctionedUserInterlace	342345	PASSED	50	2194	1798	335	17	17	17	0	0	6	4	51	0	537951098	1730
1776354059147	S6_InFlightEdgeCases	342345	PASSED	50	397	140	21	67	25	25	58	33	16	12	51	0	141404149	532
1776354063778	S7_FullProtocolEndurance	342345	PASSED	15	847	453	119	201	15	15	15	10	15	4	17	0	219337146	720
1776354068067	S8_InvestSettlementEdge	342345	PASSED	50	244	100	0	0	0	0	50	66	16	12	51	0	101065232	399
1776354073354	S9_MultiAdapterMix	342345	PASSED	50	1365	776	0	380	49	49	50	39	9	13	102	0	451089923	1371
1776354078418	S10_InterleavedOperations	342345	PASSED	50	709	207	48	218	58	58	50	26	21	23	149	0	297442872	1128
1776354083486	S1_DepositRedeemMix	352345	PASSED	50	1278	839	433	0	0	0	0	0	4	2	51	0	297477830	1182
1776354088383	S2_AsyncRedeemFullCycle	352345	PASSED	50	514	56	0	343	50	50	0	0	9	6	151	0	295231427	985
1776354094363	S3_RebalanceSettlement	352345	PASSED	50	1760	945	0	586	49	49	50	63	9	9	201	0	683114912	2068
1776354098524	S4_ExchangeRateFeeAccrual	352345	PASSED	50	181	104	18	0	0	0	0	0	50	9	50	0	59606661	281
1776354104023	S5_SanctionedUserInterlace	352345	PASSED	50	2075	1692	322	17	17	17	0	0	6	4	51	0	504732327	1644
1776354108414	S6_InFlightEdgeCases	352345	PASSED	50	411	141	16	74	28	28	58	38	16	12	51	0	147540868	536
1776354113147	S7_FullProtocolEndurance	352345	PASSED	15	1051	627	129	219	15	15	15	12	15	4	17	0	263658620	837
1776354117468	S8_InvestSettlementEdge	352345	PASSED	50	246	100	0	0	0	0	50	68	16	12	51	0	101913070	421
1776354122772	S9_MultiAdapterMix	352345	PASSED	50	1480	904	0	350	49	49	50	56	9	13	102	0	476560862	1436
1776354127790	S10_InterleavedOperations	352345	PASSED	50	730	236	38	217	59	59	50	29	20	22	147	0	301474739	1077
1776354132701	S1_DepositRedeemMix	362345	PASSED	50	1100	721	373	0	0	0	0	0	4	2	51	0	256914512	1028
1776354137555	S2_AsyncRedeemFullCycle	362345	PASSED	50	484	55	0	314	50	50	0	0	9	6	151	0	279208572	959
1776354143494	S3_RebalanceSettlement	362345	PASSED	50	1747	827	0	692	50	50	50	60	9	9	201	0	717104668	2028
1776354147720	S4_ExchangeRateFeeAccrual	362345	PASSED	50	238	151	28	0	0	0	0	0	50	9	50	0	68018246	328
1776354153260	S5_SanctionedUserInterlace	362345	PASSED	50	2105	1684	363	16	16	16	0	0	6	4	51	0	515498789	1665
1776354157684	S6_InFlightEdgeCases	362345	PASSED	50	394	140	9	81	24	24	58	30	16	12	51	0	142344669	528
1776354162332	S7_FullProtocolEndurance	362345	PASSED	15	948	518	153	201	15	15	15	12	15	4	17	0	238843547	782
1776354166611	S8_InvestSettlementEdge	362345	PASSED	50	243	100	0	0	0	0	50	65	16	12	51	0	100631472	398
1776354172078	S9_MultiAdapterMix	362345	PASSED	50	1575	891	0	462	50	50	50	50	9	13	102	0	531716778	1583
1776354177106	S10_InterleavedOperations	362345	PASSED	50	701	217	46	202	55	55	50	32	21	23	145	0	290228191	1097
1776354182137	S1_DepositRedeemMix	372345	PASSED	50	1217	803	408	0	0	0	0	0	4	2	51	0	285027282	1128
1776354187140	S2_AsyncRedeemFullCycle	372345	PASSED	50	540	60	0	367	49	49	0	0	9	6	151	0	310935642	1073
1776354192967	S3_RebalanceSettlement	372345	PASSED	50	1691	847	0	621	49	49	50	57	9	9	201	0	675631476	1936
1776354197159	S4_ExchangeRateFeeAccrual	372345	PASSED	50	170	97	14	0	0	0	0	0	50	9	50	0	57737749	273
1776354202817	S5_SanctionedUserInterlace	372345	PASSED	50	2290	1853	376	17	17	17	0	0	6	4	51	0	564728698	1786
1776354207280	S6_InFlightEdgeCases	372345	PASSED	50	415	145	22	76	27	27	58	32	16	12	51	0	145988094	536
1776354211877	S7_FullProtocolEndurance	372345	PASSED	15	849	487	104	178	15	15	15	16	15	4	17	0	212841062	713
1776354216152	S8_InvestSettlementEdge	372345	PASSED	50	242	100	0	0	0	0	50	64	16	12	51	0	100186783	404
1776354221404	S9_MultiAdapterMix	372345	PASSED	50	1348	702	0	438	48	48	50	40	9	13	102	0	466675045	1388
1776354226375	S10_InterleavedOperations	372345	PASSED	50	702	205	24	223	61	61	50	34	21	23	150	0	299637122	1072
1776354231398	S1_DepositRedeemMix	382345	PASSED	50	1192	775	411	0	0	0	0	0	4	2	51	0	278073336	1099
1776354236286	S2_AsyncRedeemFullCycle	382345	PASSED	50	487	56	0	318	49	49	0	0	9	6	151	0	280136983	953
1776354242202	S3_RebalanceSettlement	382345	PASSED	50	1775	836	0	717	49	49	50	56	9	9	201	0	736032585	2042
1776354246420	S4_ExchangeRateFeeAccrual	382345	PASSED	50	220	126	35	0	0	0	0	0	50	9	50	0	65466360	309
1776354252047	S5_SanctionedUserInterlace	382345	PASSED	50	2203	1841	301	17	17	17	0	0	6	4	51	0	538550779	1712
1776354256473	S6_InFlightEdgeCases	382345	PASSED	50	383	125	17	67	28	28	58	32	16	12	51	0	136524294	511
1776354261106	S7_FullProtocolEndurance	382345	PASSED	15	877	484	108	204	15	15	15	17	15	4	17	0	226292418	721
1776354265415	S8_InvestSettlementEdge	382345	PASSED	50	242	100	0	0	0	0	50	64	16	12	51	0	100233382	414
1776354270756	S9_MultiAdapterMix	382345	PASSED	50	1455	817	0	414	48	48	50	56	9	13	102	0	489402733	1444
1776354275724	S10_InterleavedOperations	382345	PASSED	50	722	224	35	224	57	57	50	33	20	22	146	0	302207256	1088
1776354280728	S1_DepositRedeemMix	392345	PASSED	50	1199	831	362	0	0	0	0	0	4	2	51	0	277602236	1087
1776354285573	S2_AsyncRedeemFullCycle	392345	PASSED	50	497	55	0	329	49	49	0	0	9	6	151	0	287811745	973
1776354291484	S3_RebalanceSettlement	392345	PASSED	50	1769	906	0	631	49	49	50	66	9	9	201	0	702668921	1995
1776354295710	S4_ExchangeRateFeeAccrual	392345	PASSED	50	208	122	27	0	0	0	0	0	50	9	50	0	63168340	325
1776354301315	S5_SanctionedUserInterlace	392345	PASSED	50	2150	1725	364	17	17	17	0	0	6	4	51	0	527511380	1704
1776354305723	S6_InFlightEdgeCases	392345	PASSED	50	401	147	11	73	25	25	58	34	16	12	51	0	140609618	528
1776354310389	S7_FullProtocolEndurance	392345	PASSED	15	925	509	142	195	15	15	15	15	15	4	17	0	233896989	785
1776354314682	S8_InvestSettlementEdge	392345	PASSED	50	238	100	0	0	0	0	50	60	16	12	51	0	98527493	396
1776354320055	S9_MultiAdapterMix	392345	PASSED	50	1446	820	0	408	49	49	50	48	9	13	102	0	481823918	1451
1776354324980	S10_InterleavedOperations	392345	PASSED	50	673	221	39	187	53	53	50	26	21	23	144	0	278632803	1021
1776354329962	S1_DepositRedeemMix	402345	PASSED	50	1158	774	378	0	0	0	0	0	4	2	51	0	269218999	1068
1776354334804	S2_AsyncRedeemFullCycle	402345	PASSED	50	468	54	0	299	50	50	0	0	9	6	151	0	271121257	931
1776354340752	S3_RebalanceSettlement	402345	PASSED	50	1665	802	0	631	49	49	50	66	9	9	201	0	675275126	2043
1776354344935	S4_ExchangeRateFeeAccrual	402345	PASSED	50	178	100	19	0	0	0	0	0	50	9	50	0	58925837	277
1776354350717	S5_SanctionedUserInterlace	402345	PASSED	50	2324	1800	463	17	17	17	0	0	6	4	51	0	570963430	1870
1776354355207	S6_InFlightEdgeCases	402345	PASSED	50	429	157	11	89	28	28	58	30	16	12	51	0	149946792	546
1776354359937	S7_FullProtocolEndurance	402345	PASSED	15	965	537	135	215	15	15	15	14	15	4	17	0	246888618	802
1776354364231	S8_InvestSettlementEdge	402345	PASSED	50	244	100	0	0	0	0	50	66	16	12	51	0	101123177	399
1776354369735	S9_MultiAdapterMix	402345	PASSED	50	1610	920	0	471	50	50	50	47	9	13	102	0	546152753	1622
1776354374652	S10_InterleavedOperations	402345	PASSED	50	664	195	35	195	55	55	50	35	21	23	147	0	282087414	1016
1776354379618	S1_DepositRedeemMix	412345	PASSED	50	1141	767	368	0	0	0	0	0	4	2	51	0	265245747	1076
1776354384576	S2_AsyncRedeemFullCycle	412345	PASSED	50	504	58	0	331	50	50	0	0	9	6	151	0	287252979	1022
1776354390326	S3_RebalanceSettlement	412345	PASSED	50	1548	775	0	548	50	50	50	57	9	9	201	0	613365981	1819
1776354394511	S4_ExchangeRateFeeAccrual	412345	PASSED	50	195	116	20	0	0	0	0	0	50	9	50	0	61466577	291
1776354400086	S5_SanctionedUserInterlace	412345	PASSED	50	2148	1725	362	17	17	17	0	0	6	4	51	0	523201169	1699
1776354404476	S6_InFlightEdgeCases	412345	PASSED	50	373	117	17	68	26	26	58	33	16	12	51	0	135863801	510
1776354409034	S7_FullProtocolEndurance	412345	PASSED	15	804	450	108	172	15	15	15	10	15	4	17	0	201410841	666
1776354413340	S8_InvestSettlementEdge	412345	PASSED	50	244	100	0	0	0	0	50	66	16	12	51	0	101037541	428
1776354418731	S9_MultiAdapterMix	412345	PASSED	50	1516	875	0	421	50	50	50	48	9	13	102	0	502676748	1486
1776354423676	S10_InterleavedOperations	412345	PASSED	50	656	180	52	185	57	57	50	31	21	23	146	0	277613453	1018
1776354428792	S1_DepositRedeemMix	422345	PASSED	50	1330	881	443	0	0	0	0	0	4	2	51	0	311630715	1200
1776354433592	S2_AsyncRedeemFullCycle	422345	PASSED	50	461	53	0	299	47	47	0	0	9	6	151	0	267975860	926
1776354439485	S3_RebalanceSettlement	422345	PASSED	50	1736	880	0	630	50	50	50	58	9	9	201	0	691271733	1975
1776354443653	S4_ExchangeRateFeeAccrual	422345	PASSED	50	183	109	15	0	0	0	0	0	50	9	50	0	59308020	282
1776354449273	S5_SanctionedUserInterlace	422345	PASSED	50	2171	1764	346	17	17	17	0	0	6	4	51	0	534679680	1708
1776354453661	S6_InFlightEdgeCases	422345	PASSED	50	363	118	10	68	24	24	58	33	16	12	51	0	135781170	505
1776354458275	S7_FullProtocolEndurance	422345	PASSED	15	862	451	148	187	15	15	15	12	15	4	17	0	218032782	712
1776354462549	S8_InvestSettlementEdge	422345	PASSED	50	240	100	0	0	0	0	50	62	16	12	51	0	99399433	395
1776354468041	S9_MultiAdapterMix	422345	PASSED	50	1534	894	0	417	49	49	50	53	9	13	102	0	507613141	1577
1776354473006	S10_InterleavedOperations	422345	PASSED	50	680	201	36	202	57	57	50	35	20	22	146	0	288715170	1038
1776354477944	S1_DepositRedeemMix	432345	PASSED	50	1146	773	367	0	0	0	0	0	4	2	51	0	266387246	1056
1776354482773	S2_AsyncRedeemFullCycle	432345	PASSED	50	478	51	0	314	49	49	0	0	9	6	151	0	279365695	947
1776354488657	S3_RebalanceSettlement	432345	PASSED	50	1770	945	0	594	49	49	50	65	9	9	201	0	692899003	1982
1776354492870	S4_ExchangeRateFeeAccrual	432345	PASSED	50	244	146	39	0	0	0	0	0	50	9	50	0	69317046	324
1776354498450	S5_SanctionedUserInterlace	432345	PASSED	50	2103	1729	313	17	17	17	0	0	6	4	51	0	510484949	1674
1776354502854	S6_InFlightEdgeCases	432345	PASSED	50	391	118	21	79	27	27	58	33	16	12	51	0	143097246	529
1776354507476	S7_FullProtocolEndurance	432345	PASSED	15	839	448	102	212	15	15	15	13	15	4	17	0	221122614	721
1776354511774	S8_InvestSettlementEdge	432345	PASSED	50	243	100	0	0	0	0	50	65	16	12	51	0	100544800	404
1776354517050	S9_MultiAdapterMix	432345	PASSED	50	1349	709	0	412	48	48	50	60	9	13	102	0	464814319	1361
1776354522059	S10_InterleavedOperations	432345	PASSED	50	775	244	45	241	58	58	50	35	21	23	148	0	319113724	1132
1776354527067	S1_DepositRedeemMix	442345	PASSED	50	1236	827	403	0	0	0	0	0	4	2	51	0	287351764	1117
1776354531822	S2_AsyncRedeemFullCycle	442345	PASSED	50	427	51	0	263	49	49	0	0	9	6	151	0	250639349	895
1776354537684	S3_RebalanceSettlement	442345	PASSED	50	1662	802	0	636	50	50	50	56	9	9	201	0	673288723	1946
1776354541873	S4_ExchangeRateFeeAccrual	442345	PASSED	50	183	108	16	0	0	0	0	0	50	9	50	0	59675780	281
1776354547419	S5_SanctionedUserInterlace	442345	PASSED	50	2106	1622	423	17	17	17	0	0	6	4	51	0	518762087	1671
1776354551824	S6_InFlightEdgeCases	442345	PASSED	50	374	120	16	66	27	27	58	32	16	12	51	0	134398454	511
1776354556543	S7_FullProtocolEndurance	442345	PASSED	15	1016	612	134	188	15	15	15	18	15	4	17	0	249113209	807
1776354560871	S8_InvestSettlementEdge	442345	PASSED	50	237	100	0	0	0	0	50	59	16	12	51	0	98081160	396
1776354566321	S9_MultiAdapterMix	442345	PASSED	50	1612	898	0	483	50	50	50	59	9	13	102	0	551389136	1563
1776354571341	S10_InterleavedOperations	442345	PASSED	50	747	231	47	227	59	59	50	30	21	23	150	0	309427008	1107
1776354576369	S1_DepositRedeemMix	452345	PASSED	50	1235	802	427	0	0	0	0	0	4	2	51	0	287684559	1123
1776354581183	S2_AsyncRedeemFullCycle	452345	PASSED	50	442	51	0	280	48	48	0	0	9	6	151	0	259625991	903
1776354587087	S3_RebalanceSettlement	452345	PASSED	50	1768	843	0	695	49	49	50	64	9	9	201	0	725410255	2026
1776354591322	S4_ExchangeRateFeeAccrual	452345	PASSED	50	205	124	22	0	0	0	0	0	50	9	50	0	62977729	320
1776354596980	S5_SanctionedUserInterlace	452345	PASSED	50	2230	1792	377	17	17	17	0	0	6	4	51	0	551442995	1754
1776354601470	S6_InFlightEdgeCases	452345	PASSED	50	442	152	33	76	29	29	58	37	16	12	51	0	153374664	574
1776354606033	S7_FullProtocolEndurance	452345	PASSED	15	827	458	116	174	15	15	15	15	15	4	17	0	208092731	683
1776354610304	S8_InvestSettlementEdge	452345	PASSED	50	236	100	0	0	0	0	50	58	16	12	51	0	97654635	394
1776354615723	S9_MultiAdapterMix	452345	PASSED	50	1562	872	0	480	49	49	50	40	9	13	102	0	531717526	1534
1776354620696	S10_InterleavedOperations	452345	PASSED	50	750	215	65	221	60	60	50	35	21	23	150	0	309684900	1106
1776354625729	S1_DepositRedeemMix	462345	PASSED	50	1248	854	388	0	0	0	0	0	4	2	51	0	289390346	1136
1776354630633	S2_AsyncRedeemFullCycle	462345	PASSED	50	523	56	0	354	49	49	0	0	9	6	151	0	302044052	1007
1776354636518	S3_RebalanceSettlement	462345	PASSED	50	1716	852	0	630	50	50	50	66	9	9	201	0	688366965	1979
1776354640778	S4_ExchangeRateFeeAccrual	462345	PASSED	50	221	129	33	0	0	0	0	0	50	9	50	0	65525159	322
1776354646419	S5_SanctionedUserInterlace	462345	PASSED	50	2237	1758	418	17	17	17	0	0	6	4	51	0	547315319	1758
1776354650849	S6_InFlightEdgeCases	462345	PASSED	50	359	113	15	66	25	25	58	29	16	12	51	0	132679063	498
1776354655485	S7_FullProtocolEndurance	462345	PASSED	15	880	488	126	186	15	15	15	16	15	4	17	0	222036321	734
1776354659747	S8_InvestSettlementEdge	462345	PASSED	50	246	100	0	0	0	0	50	68	16	12	51	0	101837476	408
1776354665108	S9_MultiAdapterMix	462345	PASSED	50	1438	737	0	486	50	50	50	43	9	13	102	0	506657046	1453
1776354670025	S10_InterleavedOperations	462345	PASSED	50	675	218	50	172	57	57	50	29	20	22	148	0	276920394	1029
1776354675107	S1_DepositRedeemMix	472345	PASSED	50	1334	884	444	0	0	0	0	0	4	2	51	0	310634084	1211
1776354679948	S2_AsyncRedeemFullCycle	472345	PASSED	50	472	57	0	300	50	50	0	0	9	6	151	0	270545824	932
1776354685990	S3_RebalanceSettlement	472345	PASSED	50	1721	856	0	631	49	49	50	68	9	9	201	0	689380390	2132
1776354690186	S4_ExchangeRateFeeAccrual	472345	PASSED	50	197	115	23	0	0	0	0	0	50	9	50	0	61904793	291
1776354695799	S5_SanctionedUserInterlace	472345	PASSED	50	2161	1745	355	17	17	17	0	0	6	4	51	0	533002376	1705
1776354700203	S6_InFlightEdgeCases	472345	PASSED	50	400	149	12	69	27	27	58	30	16	12	51	0	138725686	518
1776354704781	S7_FullProtocolEndurance	472345	PASSED	15	869	512	92	186	15	15	15	15	15	4	17	0	218292404	709
1776354709099	S8_InvestSettlementEdge	472345	PASSED	50	242	100	0	0	0	0	50	64	16	12	51	0	100202600	422
1776354714385	S9_MultiAdapterMix	472345	PASSED	50	1385	755	0	409	50	50	50	49	9	13	102	0	468281052	1402
1776354719309	S10_InterleavedOperations	472345	PASSED	50	658	188	47	185	55	55	50	34	21	23	147	0	279350574	1039
1776354724384	S1_DepositRedeemMix	482345	PASSED	50	1269	812	451	0	0	0	0	0	4	2	51	0	298066238	1178
1776354729319	S2_AsyncRedeemFullCycle	482345	PASSED	50	543	55	0	373	50	50	0	0	9	6	151	0	312463566	1033
1776354735094	S3_RebalanceSettlement	482345	PASSED	50	1684	835	0	616	50	50	50	65	9	9	201	0	673669831	1922
1776354739300	S4_ExchangeRateFeeAccrual	482345	PASSED	50	208	124	25	0	0	0	0	0	50	9	50	0	63317300	307
1776354744836	S5_SanctionedUserInterlace	482345	PASSED	50	2043	1655	327	17	17	17	0	0	6	4	51	0	498841021	1633
1776354749306	S6_InFlightEdgeCases	482345	PASSED	50	482	185	17	102	28	28	58	36	16	12	51	0	166540753	588
1776354753941	S7_FullProtocolEndurance	482345	PASSED	15	821	453	103	193	15	15	15	8	15	4	17	0	209570076	716
1776354758240	S8_InvestSettlementEdge	482345	PASSED	50	238	100	0	0	0	0	50	60	16	12	51	0	98632145	410
1776354763582	S9_MultiAdapterMix	482345	PASSED	50	1363	704	0	447	50	50	50	40	9	13	102	0	472140299	1433
1776354768460	S10_InterleavedOperations	482345	PASSED	50	636	207	27	172	54	54	50	28	21	23	144	0	266297853	989
1776354773522	S1_DepositRedeemMix	492345	PASSED	50	1288	851	431	0	0	0	0	0	4	2	51	0	299572381	1170
1776354778399	S2_AsyncRedeemFullCycle	492345	PASSED	50	477	57	0	307	49	49	0	0	9	6	151	0	272735413	967
1776354784261	S3_RebalanceSettlement	492345	PASSED	50	1710	841	0	637	50	50	50	64	9	9	201	0	691741760	1966
1776354788484	S4_ExchangeRateFeeAccrual	492345	PASSED	50	228	141	28	0	0	0	0	0	50	9	50	0	66351504	311
1776354794053	S5_SanctionedUserInterlace	492345	PASSED	50	2145	1740	347	16	16	16	0	0	6	4	51	0	524100163	1693
1776354798470	S6_InFlightEdgeCases	492345	PASSED	50	386	130	16	77	24	24	58	29	16	12	51	0	140264603	522
1776354803068	S7_FullProtocolEndurance	492345	PASSED	15	829	482	124	150	15	15	15	9	15	4	17	0	198714206	693
1776354807379	S8_InvestSettlementEdge	492345	PASSED	50	237	100	0	0	0	0	50	59	16	12	51	0	98116636	403
1776354812697	S9_MultiAdapterMix	492345	PASSED	50	1455	802	0	438	47	47	50	49	9	13	102	0	495131184	1450
1776354817559	S10_InterleavedOperations	492345	PASSED	50	587	176	32	150	54	54	50	29	20	22	143	0	251452114	969
1776354822696	S1_DepositRedeemMix	502345	PASSED	50	1407	884	517	0	0	0	0	0	4	2	51	0	329846454	1247
1776354827550	S2_AsyncRedeemFullCycle	502345	PASSED	50	482	59	0	308	50	50	0	0	9	6	151	0	278583991	961
1776354833455	S3_RebalanceSettlement	502345	PASSED	50	1695	775	0	679	50	50	50	73	9	9	201	0	701637168	1998
1776354837651	S4_ExchangeRateFeeAccrual	502345	PASSED	50	180	103	18	0	0	0	0	0	50	9	50	0	59467629	279
1776354843153	S5_SanctionedUserInterlace	502345	PASSED	50	1999	1617	321	17	17	17	0	0	6	4	51	0	492224581	1601
1776354847655	S6_InFlightEdgeCases	502345	PASSED	50	420	133	27	77	31	31	58	35	16	12	51	0	147172269	579
1776354852200	S7_FullProtocolEndurance	502345	PASSED	15	773	434	106	154	15	15	15	15	15	4	17	0	190986358	644
1776354856516	S8_InvestSettlementEdge	502345	PASSED	50	241	100	0	0	0	0	50	63	16	12	51	0	99912154	416
1776354861780	S9_MultiAdapterMix	502345	PASSED	50	1368	768	0	384	49	49	50	46	9	13	102	0	455846030	1372
1776354866779	S10_InterleavedOperations	502345	PASSED	50	684	197	41	198	59	59	50	36	21	23	148	0	288098370	1097
1776354871826	S1_DepositRedeemMix	512345	PASSED	50	1267	818	443	0	0	0	0	0	4	2	51	0	295591747	1150
1776354876617	S2_AsyncRedeemFullCycle	512345	PASSED	50	459	53	0	291	50	50	0	0	9	6	151	0	267827170	916
1776354882599	S3_RebalanceSettlement	512345	PASSED	50	1817	913	0	674	49	49	50	64	9	9	201	0	729697481	2077
1776354886766	S4_ExchangeRateFeeAccrual	512345	PASSED	50	171	103	9	0	0	0	0	0	50	9	50	0	57684300	272
1776354892379	S5_SanctionedUserInterlace	512345	PASSED	50	2194	1764	369	17	17	17	0	0	6	4	51	0	537037786	1729
1776354896830	S6_InFlightEdgeCases	512345	PASSED	50	397	140	13	71	27	27	58	33	16	12	51	0	139428656	545
1776354901400	S7_FullProtocolEndurance	512345	PASSED	15	840	506	112	141	15	15	15	17	15	4	17	0	200225993	682
1776354905693	S8_InvestSettlementEdge	512345	PASSED	50	246	100	0	0	0	0	50	68	16	12	51	0	102003757	407
1776354911118	S9_MultiAdapterMix	512345	PASSED	50	1547	855	0	465	50	50	50	55	9	13	102	0	528783118	1518
1776354916060	S10_InterleavedOperations	512345	PASSED	50	684	205	59	185	56	56	50	31	20	22	146	0	282777233	1043
1776354921131	S1_DepositRedeemMix	522345	PASSED	50	1301	823	472	0	0	0	0	0	4	2	51	0	303990285	1173
1776354925983	S2_AsyncRedeemFullCycle	522345	PASSED	50	476	52	0	309	50	50	0	0	9	6	151	0	274679984	961
1776354931794	S3_RebalanceSettlement	522345	PASSED	50	1656	852	0	574	49	49	50	64	9	9	201	0	651285200	1928
1776354935960	S4_ExchangeRateFeeAccrual	522345	PASSED	50	197	113	25	0	0	0	0	0	50	9	50	0	61617750	293
1776354941493	S5_SanctionedUserInterlace	522345	PASSED	50	2035	1627	347	17	17	17	0	0	6	4	51	0	498333852	1623
1776354945922	S6_InFlightEdgeCases	522345	PASSED	50	413	148	13	80	27	27	58	32	16	12	51	0	145568087	540
1776354950541	S7_FullProtocolEndurance	522345	PASSED	15	900	519	104	197	15	15	15	16	15	4	17	0	228062816	745
1776354954849	S8_InvestSettlementEdge	522345	PASSED	50	242	100	0	0	0	0	50	64	16	12	51	0	100083053	399
1776354960296	S9_MultiAdapterMix	522345	PASSED	50	1605	916	0	479	50	50	50	38	9	13	102	0	541049742	1560
1776354965199	S10_InterleavedOperations	522345	PASSED	50	654	178	37	198	56	56	50	37	20	22	147	0	284254396	1017
1776354970229	S1_DepositRedeemMix	532345	PASSED	50	1176	772	398	0	0	0	0	0	4	2	51	0	275412000	1125
1776354975058	S2_AsyncRedeemFullCycle	532345	PASSED	50	477	58	0	304	50	50	0	0	9	6	151	0	274164387	930
1776354981021	S3_RebalanceSettlement	532345	PASSED	50	1782	878	0	668	50	50	50	68	9	9	201	0	719130486	2053
1776354985221	S4_ExchangeRateFeeAccrual	532345	PASSED	50	195	112	24	0	0	0	0	0	50	9	50	0	61460815	290
1776354990691	S5_SanctionedUserInterlace	532345	PASSED	50	1979	1638	280	17	17	17	0	0	6	4	51	0	477875703	1563
1776354995141	S6_InFlightEdgeCases	532345	PASSED	50	402	141	21	72	26	26	58	30	16	12	51	0	140497481	529
1776354999743	S7_FullProtocolEndurance	532345	PASSED	15	875	562	88	141	15	15	15	20	15	4	17	0	206161912	716
1776355004036	S8_InvestSettlementEdge	532345	PASSED	50	248	100	0	0	0	0	50	70	16	12	51	0	102642653	399
1776355009457	S9_MultiAdapterMix	532345	PASSED	50	1566	909	0	434	49	49	50	53	9	13	102	0	521559138	1514
1776355014427	S10_InterleavedOperations	532345	PASSED	50	699	197	53	208	58	58	50	31	21	23	148	0	293314491	1066
1776355019544	S1_DepositRedeemMix	542345	PASSED	50	1332	885	441	0	0	0	0	0	4	2	51	0	310105210	1196
1776355024358	S2_AsyncRedeemFullCycle	542345	PASSED	50	463	54	0	296	49	49	0	0	9	6	151	0	270959997	925
1776355030340	S3_RebalanceSettlement	542345	PASSED	50	1883	1009	0	647	49	49	50	61	9	9	201	0	740360547	2090
1776355034534	S4_ExchangeRateFeeAccrual	542345	PASSED	50	175	101	15	0	0	0	0	0	50	9	50	0	58252699	301
1776355040102	S5_SanctionedUserInterlace	542345	PASSED	50	2062	1662	339	17	17	17	0	0	6	4	51	0	510229724	1654
1776355044566	S6_InFlightEdgeCases	542345	PASSED	50	415	151	16	76	28	28	58	30	16	12	51	0	143151952	535
1776355049259	S7_FullProtocolEndurance	542345	PASSED	15	1002	584	135	204	15	15	15	15	15	4	17	0	250019726	808
1776355053579	S8_InvestSettlementEdge	542345	PASSED	50	242	100	0	0	0	0	50	64	16	12	51	0	100081755	401
1776355059043	S9_MultiAdapterMix	542345	PASSED	50	1559	858	0	484	49	49	50	47	9	13	102	0	534404067	1525
1776355064013	S10_InterleavedOperations	542345	PASSED	50	676	202	50	184	59	59	50	28	21	23	148	0	280171689	1039
1776355069047	S1_DepositRedeemMix	552345	PASSED	50	1289	866	417	0	0	0	0	0	4	2	51	0	299551058	1149
1776355073983	S2_AsyncRedeemFullCycle	552345	PASSED	50	534	59	0	360	50	50	0	0	9	6	151	0	303974243	1027
1776355079877	S3_RebalanceSettlement	552345	PASSED	50	1538	696	0	617	49	49	50	59	9	9	201	0	636731771	1952
1776355084094	S4_ExchangeRateFeeAccrual	552345	PASSED	50	224	132	33	0	0	0	0	0	50	9	50	0	65914820	310
1776355089805	S5_SanctionedUserInterlace	552345	PASSED	50	2206	1762	383	17	17	17	0	0	6	4	51	0	545027073	1811
1776355094226	S6_InFlightEdgeCases	552345	PASSED	50	376	117	17	67	27	27	58	35	16	12	51	0	138676880	528
1776355098863	S7_FullProtocolEndurance	552345	PASSED	15	874	475	152	172	15	15	15	11	15	4	17	0	215143072	714
1776355103189	S8_InvestSettlementEdge	552345	PASSED	50	248	100	0	0	0	0	50	70	16	12	51	0	102773080	413
1776355108576	S9_MultiAdapterMix	552345	PASSED	50	1517	881	0	416	50	50	50	48	9	13	102	0	501562207	1476
1776355113446	S10_InterleavedOperations	552345	PASSED	50	631	181	39	190	52	52	50	25	20	22	143	0	271194480	1000
1776355118576	S1_DepositRedeemMix	562345	PASSED	50	1369	884	479	0	0	0	0	0	4	2	51	0	319829971	1226
1776355123397	S2_AsyncRedeemFullCycle	562345	PASSED	50	451	54	0	282	50	50	0	0	9	6	151	0	261758009	917
1776355129225	S3_RebalanceSettlement	562345	PASSED	50	1649	797	0	625	50	50	50	59	9	9	201	0	666203816	1922
1776355133421	S4_ExchangeRateFeeAccrual	562345	PASSED	50	210	125	26	0	0	0	0	0	50	9	50	0	63935132	310
1776355138986	S5_SanctionedUserInterlace	562345	PASSED	50	2077	1702	314	17	17	17	0	0	6	4	51	0	509037985	1662
1776355143452	S6_InFlightEdgeCases	562345	PASSED	50	409	143	18	76	26	26	58	34	16	12	51	0	144596551	565
1776355148083	S7_FullProtocolEndurance	562345	PASSED	15	857	458	130	193	15	15	15	12	15	4	17	0	219744656	709
1776355152364	S8_InvestSettlementEdge	562345	PASSED	50	242	100	0	0	0	0	50	64	16	12	51	0	100230848	401
1776355157764	S9_MultiAdapterMix	562345	PASSED	50	1411	766	0	425	49	49	50	50	9	13	102	0	479832237	1480
1776355162727	S10_InterleavedOperations	562345	PASSED	50	697	201	47	205	59	59	50	32	21	23	149	0	293075482	1053
1776355167781	S1_DepositRedeemMix	572345	PASSED	50	1264	858	400	0	0	0	0	0	4	2	51	0	293397511	1156
1776355172727	S2_AsyncRedeemFullCycle	572345	PASSED	50	534	56	0	365	49	49	0	0	9	6	151	0	306796270	1058
1776355178721	S3_RebalanceSettlement	572345	PASSED	50	1842	864	0	740	50	50	50	70	9	9	201	0	763607016	2090
1776355182881	S4_ExchangeRateFeeAccrual	572345	PASSED	50	185	110	16	0	0	0	0	0	50	9	50	0	60028959	281
1776355188482	S5_SanctionedUserInterlace	572345	PASSED	50	2097	1711	325	17	17	17	0	0	6	4	51	0	518118671	1678
1776355192909	S6_InFlightEdgeCases	572345	PASSED	50	391	138	18	65	25	25	58	34	16	12	51	0	140141601	523
1776355197503	S7_FullProtocolEndurance	572345	PASSED	15	801	420	117	189	15	15	15	11	15	4	17	0	206502589	676
1776355201782	S8_InvestSettlementEdge	572345	PASSED	50	241	100	0	0	0	0	50	63	16	12	51	0	99712645	395
1776355207368	S9_MultiAdapterMix	572345	PASSED	50	1695	972	0	494	49	49	50	59	9	13	102	0	585585777	1669
1776355212298	S10_InterleavedOperations	572345	PASSED	50	712	225	47	208	53	53	50	36	19	21	142	0	296110385	1047
1776355217318	S1_DepositRedeemMix	582345	PASSED	50	1262	848	408	0	0	0	0	0	4	2	51	0	295592540	1142
1776355222217	S2_AsyncRedeemFullCycle	582345	PASSED	50	547	61	0	373	49	49	0	0	9	6	151	0	312632621	1015
1776355228194	S3_RebalanceSettlement	582345	PASSED	50	1828	951	0	647	49	49	50	64	9	9	201	0	730655518	2044
1776355232429	S4_ExchangeRateFeeAccrual	582345	PASSED	50	238	145	34	0	0	0	0	0	50	9	50	0	67980548	325
1776355238073	S5_SanctionedUserInterlace	582345	PASSED	50	2143	1676	406	17	17	17	0	0	6	4	51	0	537577313	1765
1776355242489	S6_InFlightEdgeCases	582345	PASSED	50	385	137	23	59	25	25	58	30	16	12	51	0	135610200	512
1776355247130	S7_FullProtocolEndurance	582345	PASSED	15	965	576	127	181	15	15	15	17	15	4	17	0	237338140	766
1776355251441	S8_InvestSettlementEdge	582345	PASSED	50	242	100	0	0	0	0	50	64	16	12	51	0	100091098	404
1776355256877	S9_MultiAdapterMix	582345	PASSED	50	1532	882	0	430	50	50	50	48	9	13	102	0	513414233	1544
1776355261781	S10_InterleavedOperations	582345	PASSED	50	628	208	34	161	54	54	50	25	20	22	145	0	262678327	988
1776355266846	S1_DepositRedeemMix	592345	PASSED	50	1309	879	424	0	0	0	0	0	4	2	51	0	309773755	1177
1776355271862	S2_AsyncRedeemFullCycle	592345	PASSED	50	535	58	0	362	50	50	0	0	9	6	151	0	305844653	1109
1776355277833	S3_RebalanceSettlement	592345	PASSED	50	1838	868	0	724	50	50	50	78	9	9	201	0	765384382	2054
1776355282014	S4_ExchangeRateFeeAccrual	592345	PASSED	50	170	97	14	0	0	0	0	0	50	9	50	0	57713009	273
1776355287620	S5_SanctionedUserInterlace	592345	PASSED	50	2112	1712	339	17	17	17	0	0	6	4	51	0	526973617	1713
1776355292060	S6_InFlightEdgeCases	592345	PASSED	50	416	144	23	75	27	27	58	34	16	12	51	0	143242223	527
1776355296773	S7_FullProtocolEndurance	592345	PASSED	15	965	542	133	211	15	15	15	15	15	4	17	0	247116962	778
1776355301063	S8_InvestSettlementEdge	592345	PASSED	50	246	100	0	0	0	0	50	68	16	12	51	0	101905447	397
1776355306396	S9_MultiAdapterMix	592345	PASSED	50	1510	907	0	377	49	49	50	56	9	13	102	0	495239569	1454
1776355311403	S10_InterleavedOperations	592345	PASSED	50	670	204	45	187	55	55	50	32	20	22	146	0	281210401	1071
1776355316460	S1_DepositRedeemMix	602345	PASSED	50	1250	821	423	0	0	0	0	0	4	2	51	0	294078152	1128
1776355321471	S2_AsyncRedeemFullCycle	602345	PASSED	50	530	54	0	361	50	50	0	0	9	6	151	0	306750924	1103
1776355327391	S3_RebalanceSettlement	602345	PASSED	50	1766	837	0	692	49	49	50	71	9	9	201	0	736711100	2013
1776355331611	S4_ExchangeRateFeeAccrual	602345	PASSED	50	223	136	28	0	0	0	0	0	50	9	50	0	65964329	332
1776355337217	S5_SanctionedUserInterlace	602345	PASSED	50	2191	1706	424	17	17	17	0	0	6	4	51	0	551528598	1717
1776355341691	S6_InFlightEdgeCases	602345	PASSED	50	427	148	23	81	28	28	58	33	16	12	51	0	147419389	553
1776355346346	S7_FullProtocolEndurance	602345	PASSED	15	971	545	153	191	15	15	15	18	15	4	17	0	243682454	781
1776355350627	S8_InvestSettlementEdge	602345	PASSED	50	242	100	0	0	0	0	50	64	16	12	51	0	100186571	409
1776355356166	S9_MultiAdapterMix	602345	PASSED	50	1683	966	0	492	50	50	50	53	9	13	102	0	577861984	1620
1776355361119	S10_InterleavedOperations	602345	PASSED	50	693	210	31	212	59	59	50	28	21	23	149	0	292717695	1048
1776355366051	S1_DepositRedeemMix	612345	PASSED	50	1127	741	380	0	0	0	0	0	4	2	51	0	265448650	1055
1776355370875	S2_AsyncRedeemFullCycle	612345	PASSED	50	495	54	0	328	49	49	0	0	9	6	151	0	284409856	944
1776355376757	S3_RebalanceSettlement	612345	PASSED	50	1749	915	0	608	49	49	50	60	9	9	201	0	694321161	1980
1776355380956	S4_ExchangeRateFeeAccrual	612345	PASSED	50	202	118	25	0	0	0	0	0	50	9	50	0	62424031	293
1776355386541	S5_SanctionedUserInterlace	612345	PASSED	50	2187	1785	341	17	17	17	0	0	6	4	51	0	549918287	1702
1776355390984	S6_InFlightEdgeCases	612345	PASSED	50	412	147	18	73	26	26	58	36	16	12	51	0	144880296	533
1776355395653	S7_FullProtocolEndurance	612345	PASSED	15	928	528	119	206	15	15	15	11	15	4	17	0	236548429	765
1776355399943	S8_InvestSettlementEdge	612345	PASSED	50	242	100	0	0	0	0	50	64	16	12	51	0	100182484	398
1776355405346	S9_MultiAdapterMix	612345	PASSED	50	1489	838	0	433	50	50	50	46	9	13	102	0	504971675	1464
1776355410278	S10_InterleavedOperations	612345	PASSED	50	686	214	47	190	53	53	50	35	21	23	144	0	285589699	1031
1776355415297	S1_DepositRedeemMix	622345	PASSED	50	1187	795	386	0	0	0	0	0	4	2	51	0	278733992	1091
1776355420160	S2_AsyncRedeemFullCycle	622345	PASSED	50	475	57	0	307	48	48	0	0	9	6	151	0	275300564	939
1776355426134	S3_RebalanceSettlement	622345	PASSED	50	1802	851	0	724	49	49	50	61	9	9	201	0	750697087	2075
1776355430301	S4_ExchangeRateFeeAccrual	622345	PASSED	50	182	101	22	0	0	0	0	0	50	9	50	0	59637379	281
1776355435902	S5_SanctionedUserInterlace	622345	PASSED	50	2129	1731	337	17	17	17	0	0	6	4	51	0	530137860	1689
1776355440318	S6_InFlightEdgeCases	622345	PASSED	50	398	136	12	73	28	28	58	35	16	12	51	0	142569984	520
1776355444921	S7_FullProtocolEndurance	622345	PASSED	15	824	464	114	170	15	15	15	12	15	4	17	0	206372087	680
1776355449238	S8_InvestSettlementEdge	622345	PASSED	50	238	100	0	0	0	0	50	60	16	12	51	0	98774964	396
1776355454488	S9_MultiAdapterMix	622345	PASSED	50	1337	743	0	389	49	49	50	35	9	13	102	0	449503884	1354
1776355459520	S10_InterleavedOperations	622345	PASSED	50	748	229	39	227	60	60	50	39	21	23	150	0	312859764	1124
1776355464517	S1_DepositRedeemMix	632345	PASSED	50	1170	765	399	0	0	0	0	0	4	2	51	0	275254802	1075
1776355469416	S2_AsyncRedeemFullCycle	632345	PASSED	50	499	56	0	330	49	49	0	0	9	6	151	0	287521167	1005
1776355475350	S3_RebalanceSettlement	632345	PASSED	50	1828	929	0	671	49	49	50	62	9	9	201	0	738963210	2033
1776355479558	S4_ExchangeRateFeeAccrual	632345	PASSED	50	192	114	19	0	0	0	0	0	50	9	50	0	61499101	300
1776355485182	S5_SanctionedUserInterlace	632345	PASSED	50	2246	1811	374	17	17	17	0	0	6	4	51	0	561789266	1737
1776355489620	S6_InFlightEdgeCases	632345	PASSED	50	412	149	16	76	26	26	58	33	16	12	51	0	145339732	543
1776355494321	S7_FullProtocolEndurance	632345	PASSED	15	941	559	108	196	15	15	15	14	15	4	17	0	236809300	754
1776355498611	S8_InvestSettlementEdge	632345	PASSED	50	238	100	0	0	0	0	50	60	16	12	51	0	98502695	395
1776355503927	S9_MultiAdapterMix	632345	PASSED	50	1399	776	0	417	48	48	50	38	9	13	102	0	477776616	1413
1776355509001	S10_InterleavedOperations	632345	PASSED	50	752	218	54	235	58	58	50	35	21	23	147	0	315798543	1154
1776355514121	S1_DepositRedeemMix	642345	PASSED	50	1339	875	458	0	0	0	0	0	4	2	51	0	316137143	1210
1776355518988	S2_AsyncRedeemFullCycle	642345	PASSED	50	505	57	0	333	50	50	0	0	9	6	151	0	292263233	969
1776355524843	S3_RebalanceSettlement	642345	PASSED	50	1702	827	0	642	50	50	50	65	9	9	201	0	695405949	1938
1776355529044	S4_ExchangeRateFeeAccrual	642345	PASSED	50	219	137	23	0	0	0	0	0	50	9	50	0	64963786	306
1776355534502	S5_SanctionedUserInterlace	642345	PASSED	50	1935	1526	348	17	17	17	0	0	6	4	51	0	478375569	1576
1776355538883	S6_InFlightEdgeCases	642345	PASSED	50	321	96	13	51	25	25	58	25	16	12	51	0	121866834	467
1776355543527	S7_FullProtocolEndurance	642345	PASSED	15	920	498	117	226	15	15	15	15	15	4	17	0	242055137	764
1776355547837	S8_InvestSettlementEdge	642345	PASSED	50	249	100	0	0	0	0	50	71	16	12	51	0	103285897	409
1776355553142	S9_MultiAdapterMix	642345	PASSED	50	1421	811	0	402	49	49	50	38	9	13	102	0	475081626	1405
1776355558131	S10_InterleavedOperations	642345	PASSED	50	728	211	52	221	59	59	50	34	20	22	147	0	304552834	1091
1776355563072	S1_DepositRedeemMix	652345	PASSED	50	1164	780	378	0	0	0	0	0	4	2	51	0	275057411	1062
1776355567889	S2_AsyncRedeemFullCycle	652345	PASSED	50	454	52	0	287	50	50	0	0	9	6	151	0	264221462	916
1776355573778	S3_RebalanceSettlement	652345	PASSED	50	1702	781	0	690	50	50	50	63	9	9	201	0	711501912	1971
1776355577959	S4_ExchangeRateFeeAccrual	652345	PASSED	50	205	121	25	0	0	0	0	0	50	9	50	0	63131068	296
1776355583614	S5_SanctionedUserInterlace	652345	PASSED	50	1998	1610	327	17	17	17	0	0	6	4	51	0	494174810	1716
1776355588047	S6_InFlightEdgeCases	652345	PASSED	50	410	141	13	81	29	29	58	31	16	12	51	0	147194233	554
1776355592742	S7_FullProtocolEndurance	652345	PASSED	15	987	536	133	236	15	15	15	18	15	4	17	0	260461294	804
1776355597059	S8_InvestSettlementEdge	652345	PASSED	50	238	100	0	0	0	0	50	60	16	12	51	0	98548044	399
1776355602440	S9_MultiAdapterMix	652345	PASSED	50	1516	877	0	405	49	49	50	64	9	13	102	0	508754505	1490
1776355607498	S10_InterleavedOperations	652345	PASSED	50	709	220	38	215	57	57	50	30	20	22	146	0	297126252	1169
1776355612536	S1_DepositRedeemMix	662345	PASSED	50	1249	826	417	0	0	0	0	0	4	2	51	0	293819713	1127
1776355617385	S2_AsyncRedeemFullCycle	662345	PASSED	50	438	53	0	272	49	49	0	0	9	6	151	0	256370655	915
1776355623229	S3_RebalanceSettlement	662345	PASSED	50	1650	797	0	631	47	47	50	60	9	9	201	0	679585313	1904
1776355627379	S4_ExchangeRateFeeAccrual	662345	PASSED	50	166	94	13	0	0	0	0	0	50	9	50	0	56827603	272
1776355632927	S5_SanctionedUserInterlace	662345	PASSED	50	2120	1671	388	17	17	17	0	0	6	4	51	0	520707083	1656
1776355637322	S6_InFlightEdgeCases	662345	PASSED	50	390	130	12	80	28	28	58	26	16	12	51	0	140817323	528
1776355641995	S7_FullProtocolEndurance	662345	PASSED	15	938	585	161	115	15	15	15	13	15	4	17	0	211530331	752
1776355646277	S8_InvestSettlementEdge	662345	PASSED	50	238	100	0	0	0	0	50	60	16	12	51	0	98533456	393
1776355651613	S9_MultiAdapterMix	662345	PASSED	50	1427	807	0	396	50	50	50	52	9	13	102	0	479815101	1429
1776355656618	S10_InterleavedOperations	662345	PASSED	50	740	216	53	225	59	59	50	34	21	23	148	0	308774763	1088
1776355661762	S1_DepositRedeemMix	672345	PASSED	50	1331	836	489	0	0	0	0	0	4	2	51	0	314890550	1205
1776355666580	S2_AsyncRedeemFullCycle	672345	PASSED	50	478	56	0	309	49	49	0	0	9	6	151	0	277465109	932
1776355672634	S3_RebalanceSettlement	672345	PASSED	50	1759	806	0	711	50	50	50	74	9	9	201	0	739086203	2119
1776355676898	S4_ExchangeRateFeeAccrual	672345	PASSED	50	218	128	31	0	0	0	0	0	50	9	50	0	65162222	307
1776355682526	S5_SanctionedUserInterlace	672345	PASSED	50	2252	1812	379	17	17	17	0	0	6	4	51	0	572192874	1757
1776355686990	S6_InFlightEdgeCases	672345	PASSED	50	456	170	15	96	28	28	58	33	16	12	51	0	157589560	559
1776355691647	S7_FullProtocolEndurance	672345	PASSED	15	899	509	108	199	15	15	15	19	15	4	17	0	230779872	744
1776355695953	S8_InvestSettlementEdge	672345	PASSED	50	243	100	0	0	0	0	50	65	16	12	51	0	100508853	399
1776355701283	S9_MultiAdapterMix	672345	PASSED	50	1408	784	0	406	49	49	50	48	9	13	102	0	476945837	1399
1776355706177	S10_InterleavedOperations	672345	PASSED	50	636	195	49	168	52	52	50	28	20	22	144	0	267987559	982
1776355711440	S1_DepositRedeemMix	682345	PASSED	50	1531	996	529	0	0	0	0	0	4	2	51	0	364686815	1342
1776355716309	S2_AsyncRedeemFullCycle	682345	PASSED	50	478	59	0	304	50	50	0	0	9	6	151	0	276777813	943
1776355722124	S3_RebalanceSettlement	682345	PASSED	50	1676	815	0	633	50	50	50	60	9	9	201	0	683911131	1937
1776355726333	S4_ExchangeRateFeeAccrual	682345	PASSED	50	225	134	32	0	0	0	0	0	50	9	50	0	65976343	326
1776355731892	S5_SanctionedUserInterlace	682345	PASSED	50	2036	1636	339	17	17	17	0	0	6	4	51	0	504027645	1653
1776355736341	S6_InFlightEdgeCases	682345	PASSED	50	413	143	21	82	25	25	58	31	16	12	51	0	146913886	537
1776355741017	S7_FullProtocolEndurance	682345	PASSED	15	963	511	149	226	15	15	15	13	15	4	17	0	251957784	783
1776355745355	S8_InvestSettlementEdge	682345	PASSED	50	243	100	0	0	0	0	50	65	16	12	51	0	100796549	420
1776355750752	S9_MultiAdapterMix	682345	PASSED	50	1397	784	0	394	47	47	50	53	9	13	102	0	473950910	1508
1776355755660	S10_InterleavedOperations	682345	PASSED	50	664	216	22	192	55	55	50	30	21	23	144	0	280203661	1019
1776355760644	S1_DepositRedeemMix	692345	PASSED	50	1209	798	405	0	0	0	0	0	4	2	51	0	284259167	1099
1776355765557	S2_AsyncRedeemFullCycle	692345	PASSED	50	543	60	0	368	50	50	0	0	9	6	151	0	310931065	1023
1776355771544	S3_RebalanceSettlement	692345	PASSED	50	1737	844	0	661	49	49	50	66	9	9	201	0	712592711	2082
1776355775735	S4_ExchangeRateFeeAccrual	692345	PASSED	50	188	112	17	0	0	0	0	0	50	9	50	0	60235389	285
1776355781368	S5_SanctionedUserInterlace	692345	PASSED	50	2212	1789	362	17	17	17	0	0	6	4	51	0	557125634	1737
1776355785777	S6_InFlightEdgeCases	692345	PASSED	50	404	138	11	76	24	24	58	45	16	12	51	0	146912662	542
1776355790326	S7_FullProtocolEndurance	692345	PASSED	15	815	466	115	158	15	15	15	12	15	4	17	0	200531733	669
1776355794634	S8_InvestSettlementEdge	692345	PASSED	50	244	100	0	0	0	0	50	66	16	12	51	0	101164861	398
1776355799877	S9_MultiAdapterMix	692345	PASSED	50	1361	758	0	392	48	48	50	43	9	13	102	0	459673228	1386
1776355804768	S10_InterleavedOperations	692345	PASSED	50	618	177	43	171	54	54	50	27	20	22	144	0	265181325	980
1776355809701	S1_DepositRedeemMix	702345	PASSED	50	1119	747	366	0	0	0	0	0	4	2	51	0	263189644	1045
1776355814548	S2_AsyncRedeemFullCycle	702345	PASSED	50	503	59	0	329	50	50	0	0	9	6	151	0	287740160	964
1776355820569	S3_RebalanceSettlement	702345	PASSED	50	1746	855	0	664	50	50	50	59	9	9	201	0	709420537	2079
1776355824780	S4_ExchangeRateFeeAccrual	702345	PASSED	50	209	129	21	0	0	0	0	0	50	9	50	0	63237427	311
1776355830389	S5_SanctionedUserInterlace	702345	PASSED	50	2168	1735	372	17	17	17	0	0	6	4	51	0	525053837	1691
1776355834810	S6_InFlightEdgeCases	702345	PASSED	50	392	137	8	74	27	27	58	33	16	12	51	0	142040899	518
1776355839429	S7_FullProtocolEndurance	702345	PASSED	15	873	539	125	131	15	15	15	14	15	4	17	0	202469533	721
1776355843741	S8_InvestSettlementEdge	702345	PASSED	50	245	100	0	0	0	0	50	67	16	12	51	0	101400895	414
1776355849196	S9_MultiAdapterMix	702345	PASSED	50	1622	888	0	515	48	48	50	51	9	13	102	0	565417144	1581
1776355854166	S10_InterleavedOperations	702345	PASSED	50	693	194	45	219	59	59	50	25	20	22	148	0	293897661	1057
1776355859178	S1_DepositRedeemMix	712345	PASSED	50	1221	802	413	0	0	0	0	0	4	2	51	0	285412064	1106
1776355864082	S2_AsyncRedeemFullCycle	712345	PASSED	50	474	55	0	304	50	50	0	0	9	6	151	0	274938893	988
1776355870030	S3_RebalanceSettlement	712345	PASSED	50	1784	897	0	653	49	49	50	68	9	9	201	0	721339296	2022
1776355874256	S4_ExchangeRateFeeAccrual	712345	PASSED	50	242	146	37	0	0	0	0	0	50	9	50	0	68715830	322
1776355879814	S5_SanctionedUserInterlace	712345	PASSED	50	2073	1642	370	17	17	17	0	0	6	4	51	0	515161189	1675
1776355884288	S6_InFlightEdgeCases	712345	PASSED	50	438	157	14	92	27	27	58	35	16	12	51	0	155375592	556
1776355888952	S7_FullProtocolEndurance	712345	PASSED	15	920	506	125	213	15	15	15	12	15	4	17	0	236690773	752
1776355893254	S8_InvestSettlementEdge	712345	PASSED	50	246	100	0	0	0	0	50	68	16	12	51	0	101748003	402
1776355898720	S9_MultiAdapterMix	712345	PASSED	50	1627	961	0	443	49	49	50	53	9	13	102	0	542238691	1560
1776355903623	S10_InterleavedOperations	712345	PASSED	50	677	224	38	185	55	55	50	32	18	20	143	0	278552751	1010
1776355908657	S1_DepositRedeemMix	722345	PASSED	50	1204	799	399	0	0	0	0	0	4	2	51	0	281099417	1135
1776355913580	S2_AsyncRedeemFullCycle	722345	PASSED	50	493	53	0	325	50	50	0	0	9	6	151	0	285988703	979
1776355919644	S3_RebalanceSettlement	722345	PASSED	50	1923	958	0	729	49	49	50	70	9	9	201	0	784166925	2129
1776355923869	S4_ExchangeRateFeeAccrual	722345	PASSED	50	213	133	21	0	0	0	0	0	50	9	50	0	64056206	298
1776355929508	S5_SanctionedUserInterlace	722345	PASSED	50	2181	1766	354	17	17	17	0	0	6	4	51	0	541800007	1731
1776355933945	S6_InFlightEdgeCases	722345	PASSED	50	395	137	19	64	26	26	58	37	16	12	51	0	138329981	520
1776355938642	S7_FullProtocolEndurance	722345	PASSED	15	1029	583	146	229	14	14	15	9	15	4	17	0	263431736	823
1776355942944	S8_InvestSettlementEdge	722345	PASSED	50	245	100	0	0	0	0	50	67	16	12	51	0	101435108	398
1776355948281	S9_MultiAdapterMix	722345	PASSED	50	1478	817	0	442	50	50	50	47	9	13	102	0	502496536	1452
1776355953237	S10_InterleavedOperations	722345	PASSED	50	653	203	46	176	53	53	50	30	20	22	144	0	272977025	1017
1776355958400	S1_DepositRedeemMix	732345	PASSED	50	1352	883	463	0	0	0	0	0	4	2	51	0	316421194	1249
1776355963311	S2_AsyncRedeemFullCycle	732345	PASSED	50	497	58	0	326	49	49	0	0	9	6	151	0	287142569	1002
1776355969185	S3_RebalanceSettlement	732345	PASSED	50	1717	837	0	648	50	50	50	64	9	9	201	0	696430100	1976
1776355973433	S4_ExchangeRateFeeAccrual	732345	PASSED	50	223	136	28	0	0	0	0	0	50	9	50	0	65913579	327
1776355979038	S5_SanctionedUserInterlace	732345	PASSED	50	2113	1688	364	17	17	17	0	0	6	4	51	0	519982688	1667
1776355983468	S6_InFlightEdgeCases	732345	PASSED	50	371	128	14	66	25	25	58	27	16	12	51	0	132341206	514
1776355988066	S7_FullProtocolEndurance	732345	PASSED	15	823	464	91	195	15	15	15	9	15	4	17	0	211615899	675
1776355992380	S8_InvestSettlementEdge	732345	PASSED	50	240	100	0	0	0	0	50	62	16	12	51	0	99342834	397
1776355997709	S9_MultiAdapterMix	732345	PASSED	50	1437	799	0	428	50	50	50	38	9	13	102	0	484367370	1457
1776356002651	S10_InterleavedOperations	732345	PASSED	50	674	195	35	205	59	59	50	27	21	23	147	0	285863816	1023
1776356007600	S1_DepositRedeemMix	742345	PASSED	50	1109	746	357	0	0	0	0	0	4	2	51	0	258993185	1038
1776356012441	S2_AsyncRedeemFullCycle	742345	PASSED	50	455	55	0	287	49	49	0	0	9	6	151	0	263921479	917
1776356018184	S3_RebalanceSettlement	742345	PASSED	50	1563	793	0	549	50	50	50	53	9	9	201	0	619478557	1834
1776356022446	S4_ExchangeRateFeeAccrual	742345	PASSED	50	210	128	23	0	0	0	0	0	50	9	50	0	63665543	300
1776356028106	S5_SanctionedUserInterlace	742345	PASSED	50	2162	1714	387	17	17	17	0	0	6	4	51	0	536054888	1746
1776356032555	S6_InFlightEdgeCases	742345	PASSED	50	396	145	10	72	25	25	58	33	16	12	51	0	139433530	516
1776356037204	S7_FullProtocolEndurance	742345	PASSED	15	908	497	132	202	15	15	15	13	15	4	17	0	231764785	745
1776356041548	S8_InvestSettlementEdge	742345	PASSED	50	236	100	0	0	0	0	50	58	16	12	51	0	97774346	423
1776356046920	S9_MultiAdapterMix	742345	PASSED	50	1490	812	0	459	50	50	50	47	9	13	102	0	513775289	1472
1776356051972	S10_InterleavedOperations	742345	PASSED	50	765	218	62	237	61	61	50	34	20	22	149	0	318135251	1122
1776356056969	S1_DepositRedeemMix	752345	PASSED	50	1194	789	399	0	0	0	0	0	4	2	51	0	278697355	1089
1776356061897	S2_AsyncRedeemFullCycle	752345	PASSED	50	519	54	0	352	49	49	0	0	9	6	151	0	298599582	1001
1776356067779	S3_RebalanceSettlement	752345	PASSED	50	1721	866	0	631	50	50	50	56	9	9	201	0	689030673	1955
1776356071955	S4_ExchangeRateFeeAccrual	752345	PASSED	50	198	122	17	0	0	0	0	0	50	9	50	0	61588296	290
1776356077481	S5_SanctionedUserInterlace	752345	PASSED	50	1990	1587	342	17	17	17	0	0	6	4	51	0	489190925	1594
1776356081971	S6_InFlightEdgeCases	752345	PASSED	50	426	157	19	82	25	25	58	32	16	12	51	0	149734488	544
1776356086539	S7_FullProtocolEndurance	752345	PASSED	15	792	443	104	167	15	15	15	14	15	4	17	0	198246655	671
1776356090862	S8_InvestSettlementEdge	752345	PASSED	50	247	100	0	0	0	0	50	69	16	12	51	0	102188934	405
1776356096264	S9_MultiAdapterMix	752345	PASSED	50	1509	832	0	463	50	50	50	42	9	13	102	0	515759307	1502
1776356101195	S10_InterleavedOperations	752345	PASSED	50	699	207	48	205	59	59	50	27	21	23	149	0	292251558	1037
1776356106345	S1_DepositRedeemMix	762345	PASSED	50	1283	855	422	0	0	0	0	0	4	2	51	0	301565882	1233
1776356111318	S2_AsyncRedeemFullCycle	762345	PASSED	50	519	60	0	350	47	47	0	0	9	6	151	0	299004296	1006
1776356117115	S3_RebalanceSettlement	762345	PASSED	50	1569	742	0	610	50	50	50	49	9	9	201	0	641800525	1861
1776356121343	S4_ExchangeRateFeeAccrual	762345	PASSED	50	203	118	26	0	0	0	0	0	50	9	50	0	62414118	308
1776356126880	S5_SanctionedUserInterlace	762345	PASSED	50	2090	1675	354	17	17	17	0	0	6	4	51	0	512316302	1644
1776356131294	S6_InFlightEdgeCases	762345	PASSED	50	384	137	16	63	24	24	58	34	16	12	51	0	137750644	512
1776356135934	S7_FullProtocolEndurance	762345	PASSED	15	883	511	136	165	14	14	15	9	15	4	17	0	214042205	720
1776356140224	S8_InvestSettlementEdge	762345	PASSED	50	242	100	0	0	0	0	50	64	16	12	51	0	100151046	401
1776356145607	S9_MultiAdapterMix	762345	PASSED	50	1511	836	0	453	49	49	50	52	9	13	102	0	515958722	1490
1776356150554	S10_InterleavedOperations	762345	PASSED	50	697	237	36	198	53	53	50	28	20	22	144	0	286224015	1040
1776356155619	S1_DepositRedeemMix	772345	PASSED	50	1295	861	428	0	0	0	0	0	4	2	51	0	302559161	1181
1776356160551	S2_AsyncRedeemFullCycle	772345	PASSED	50	486	57	0	314	50	50	0	0	9	6	151	0	280473984	997
1776356166422	S3_RebalanceSettlement	772345	PASSED	50	1717	855	0	638	49	49	50	58	9	9	201	0	696030010	1964
1776356170633	S4_ExchangeRateFeeAccrual	772345	PASSED	50	207	128	20	0	0	0	0	0	50	9	50	0	63078787	297
1776356176382	S5_SanctionedUserInterlace	772345	PASSED	50	2358	1897	400	17	17	17	0	0	6	4	51	0	591256969	1827
1776356180845	S6_InFlightEdgeCases	772345	PASSED	50	393	136	14	70	24	24	58	39	16	12	51	0	141815418	517
1776356185333	S7_FullProtocolEndurance	772345	PASSED	15	689	369	107	135	15	15	15	14	15	4	17	0	170582273	594
1776356189657	S8_InvestSettlementEdge	772345	PASSED	50	240	100	0	0	0	0	50	62	16	12	51	0	99267526	400
1776356194991	S9_MultiAdapterMix	772345	PASSED	50	1455	838	0	404	49	49	50	43	9	13	102	0	482904248	1431
1776356199986	S10_InterleavedOperations	772345	PASSED	50	730	233	51	208	57	57	50	32	20	22	148	0	299874989	1119
1776356205074	S1_DepositRedeemMix	782345	PASSED	50	1298	853	439	0	0	0	0	0	4	2	51	0	303684526	1161
1776356209938	S2_AsyncRedeemFullCycle	782345	PASSED	50	516	61	0	342	49	49	0	0	9	6	151	0	295156397	985
1776356215880	S3_RebalanceSettlement	782345	PASSED	50	1779	882	0	663	50	50	50	66	9	9	201	0	720592501	2010
1776356220106	S4_ExchangeRateFeeAccrual	782345	PASSED	50	202	124	19	0	0	0	0	0	50	9	50	0	62503710	307
1776356225731	S5_SanctionedUserInterlace	782345	PASSED	50	2209	1768	380	17	17	17	0	0	6	4	51	0	549419266	1740
1776356230234	S6_InFlightEdgeCases	782345	PASSED	50	469	179	16	95	28	28	58	37	16	12	51	0	161498204	574
1776356234842	S7_FullProtocolEndurance	782345	PASSED	15	847	459	110	200	15	15	15	14	15	4	17	0	219096023	703
1776356239144	S8_InvestSettlementEdge	782345	PASSED	50	238	100	0	0	0	0	50	60	16	12	51	0	98480827	395
1776356244484	S9_MultiAdapterMix	782345	PASSED	50	1444	851	0	382	49	49	50	41	9	13	102	0	472540417	1429
1776356249457	S10_InterleavedOperations	782345	PASSED	50	696	203	33	209	58	58	50	41	21	23	149	0	297019510	1070
1776356254480	S1_DepositRedeemMix	792345	PASSED	50	1206	825	375	0	0	0	0	0	4	2	51	0	280684019	1133
1776356259310	S2_AsyncRedeemFullCycle	792345	PASSED	50	480	57	0	308	50	50	0	0	9	6	151	0	276660587	943
1776356265359	S3_RebalanceSettlement	792345	PASSED	50	1696	872	0	590	50	50	50	66	9	9	201	0	670642073	2122
1776356269592	S4_ExchangeRateFeeAccrual	792345	PASSED	50	221	143	19	0	0	0	0	0	50	9	50	0	65332290	316
1776356275262	S5_SanctionedUserInterlace	792345	PASSED	50	2264	1806	397	17	17	17	0	0	6	4	51	0	564310550	1753
1776356279730	S6_InFlightEdgeCases	792345	PASSED	50	407	131	14	85	30	30	58	31	16	12	51	0	148864736	543
1776356284270	S7_FullProtocolEndurance	792345	PASSED	15	788	459	120	128	15	15	15	17	15	4	17	0	187141911	635
1776356288611	S8_InvestSettlementEdge	792345	PASSED	50	244	100	0	0	0	0	50	66	16	12	51	0	101279388	422
1776356293930	S9_MultiAdapterMix	792345	PASSED	50	1358	799	0	360	47	47	50	33	9	13	102	0	442559179	1365
1776356298869	S10_InterleavedOperations	792345	PASSED	50	651	178	42	199	57	57	50	26	20	22	148	0	280564941	1062
1776356304024	S1_DepositRedeemMix	802345	PASSED	50	1415	932	477	0	0	0	0	0	4	2	51	0	331933749	1261
1776356308830	S2_AsyncRedeemFullCycle	802345	PASSED	50	444	53	0	276	50	50	0	0	9	6	151	0	259437535	899
1776356314765	S3_RebalanceSettlement	802345	PASSED	50	1845	898	0	717	48	48	50	66	9	9	201	0	757975723	2070
1776356318969	S4_ExchangeRateFeeAccrual	802345	PASSED	50	196	110	27	0	0	0	0	0	50	9	50	0	61586329	306
1776356324602	S5_SanctionedUserInterlace	802345	PASSED	50	2167	1747	362	16	16	16	0	0	6	4	51	0	535919207	1728
1776356329013	S6_InFlightEdgeCases	802345	PASSED	50	400	141	14	72	24	24	58	39	16	12	51	0	143404071	533
1776356333628	S7_FullProtocolEndurance	802345	PASSED	15	864	491	144	151	15	15	15	14	15	4	17	0	208240433	702
1776356337963	S8_InvestSettlementEdge	802345	PASSED	50	244	100	0	0	0	0	50	66	16	12	51	0	100930441	398
1776356343302	S9_MultiAdapterMix	802345	PASSED	50	1503	874	0	413	50	50	50	44	9	13	102	0	500990500	1457
1776356348272	S10_InterleavedOperations	802345	PASSED	50	701	210	38	218	58	58	50	25	21	23	147	0	294903694	1053
1776356353290	S1_DepositRedeemMix	812345	PASSED	50	1213	797	410	0	0	0	0	0	4	2	51	0	283329858	1106
1776356358160	S2_AsyncRedeemFullCycle	812345	PASSED	50	510	56	0	341	49	49	0	0	9	6	151	0	293699434	976
1776356364148	S3_RebalanceSettlement	812345	PASSED	50	1774	865	0	679	50	50	50	62	9	9	201	0	723647446	2041
1776356368345	S4_ExchangeRateFeeAccrual	812345	PASSED	50	179	103	17	0	0	0	0	0	50	9	50	0	58881993	276
1776356373900	S5_SanctionedUserInterlace	812345	PASSED	50	2068	1645	362	17	17	17	0	0	6	4	51	0	504004979	1647
1776356378322	S6_InFlightEdgeCases	812345	PASSED	50	398	143	13	76	23	23	58	34	16	12	51	0	145299702	528
1776356382876	S7_FullProtocolEndurance	812345	PASSED	15	829	494	89	171	15	15	15	11	15	4	17	0	204848495	673
1776356387164	S8_InvestSettlementEdge	812345	PASSED	50	240	100	0	0	0	0	50	62	16	12	51	0	99276512	400
1776356392490	S9_MultiAdapterMix	812345	PASSED	50	1458	835	0	407	48	48	50	48	9	13	102	0	486741805	1431
1776356397518	S10_InterleavedOperations	812345	PASSED	50	754	234	51	233	58	58	50	28	20	22	148	0	313361511	1102
1776356402528	S1_DepositRedeemMix	822345	PASSED	50	1232	803	423	0	0	0	0	0	4	2	51	0	290090779	1108
1776356407389	S2_AsyncRedeemFullCycle	822345	PASSED	50	511	56	0	340	50	50	0	0	9	6	151	0	292917093	983
1776356413360	S3_RebalanceSettlement	822345	PASSED	50	1753	789	0	736	49	49	50	62	9	9	201	0	739989121	2018
1776356417602	S4_ExchangeRateFeeAccrual	822345	PASSED	50	216	126	31	0	0	0	0	0	50	9	50	0	64863646	339
1776356423160	S5_SanctionedUserInterlace	822345	PASSED	50	2080	1675	344	17	17	17	0	0	6	4	51	0	515046297	1656
1776356427595	S6_InFlightEdgeCases	822345	PASSED	50	425	148	13	89	29	29	58	31	16	12	51	0	149512867	555
1776356432145	S7_FullProtocolEndurance	822345	PASSED	15	782	416	115	174	15	15	15	13	15	4	17	0	199618117	656
1776356436428	S8_InvestSettlementEdge	822345	PASSED	50	238	100	0	0	0	0	50	60	16	12	51	0	98519138	395
1776356441673	S9_MultiAdapterMix	822345	PASSED	50	1316	709	0	400	47	47	50	41	9	13	102	0	449214516	1342
1776356446681	S10_InterleavedOperations	822345	PASSED	50	741	220	49	233	60	60	50	27	20	22	148	0	309361291	1099
1776356451610	S1_DepositRedeemMix	832345	PASSED	50	1067	725	336	0	0	0	0	0	4	2	51	0	249270512	1006
1776356456394	S2_AsyncRedeemFullCycle	832345	PASSED	50	443	53	0	277	49	49	0	0	9	6	151	0	258423084	895
1776356462398	S3_RebalanceSettlement	832345	PASSED	50	1854	872	0	750	50	50	50	64	9	9	201	0	774701590	2076
1776356466614	S4_ExchangeRateFeeAccrual	832345	PASSED	50	201	117	25	0	0	0	0	0	50	9	50	0	62562249	293
1776356472282	S5_SanctionedUserInterlace	832345	PASSED	50	2245	1824	360	17	17	17	0	0	6	4	51	0	555082364	1753
1776356476728	S6_InFlightEdgeCases	832345	PASSED	50	389	130	14	69	27	27	58	36	16	12	51	0	141296420	521
1776356481333	S7_FullProtocolEndurance	832345	PASSED	15	818	420	120	197	15	15	15	17	15	4	17	0	214891708	695
1776356485638	S8_InvestSettlementEdge	832345	PASSED	50	235	100	0	0	0	0	50	57	16	12	51	0	97193468	417
1776356491079	S9_MultiAdapterMix	832345	PASSED	50	1511	839	0	452	49	49	50	50	9	13	102	0	514626393	1533
1776356496046	S10_InterleavedOperations	832345	PASSED	50	709	208	57	200	58	58	50	34	21	23	149	0	294035322	1072
1776356501144	S1_DepositRedeemMix	842345	PASSED	50	1287	854	427	0	0	0	0	0	4	2	51	0	300882159	1208
1776356506003	S2_AsyncRedeemFullCycle	842345	PASSED	50	491	56	0	322	49	49	0	0	9	6	151	0	283054659	957
1776356512020	S3_RebalanceSettlement	842345	PASSED	50	1784	832	0	724	50	50	50	60	9	9	201	0	741513591	2138
1776356516238	S4_ExchangeRateFeeAccrual	842345	PASSED	50	186	114	13	0	0	0	0	0	50	9	50	0	60044666	296
1776356521737	S5_SanctionedUserInterlace	842345	PASSED	50	2018	1616	341	17	17	17	0	0	6	4	51	0	496275599	1613
1776356526138	S6_InFlightEdgeCases	842345	PASSED	50	370	119	14	68	26	26	58	31	16	12	51	0	134649523	507
1776356530677	S7_FullProtocolEndurance	842345	PASSED	15	780	426	92	186	15	15	15	12	15	4	17	0	200839643	645
1776356534984	S8_InvestSettlementEdge	842345	PASSED	50	242	100	0	0	0	0	50	64	16	12	51	0	100144857	398
1776356540525	S9_MultiAdapterMix	842345	PASSED	50	1636	928	0	495	49	49	50	43	9	13	102	0	558593925	1584
1776356545495	S10_InterleavedOperations	842345	PASSED	50	667	198	40	190	58	58	50	29	21	23	148	0	280724662	1074
1776356550543	S1_DepositRedeemMix	852345	PASSED	50	1190	808	376	0	0	0	0	0	4	2	51	0	277191036	1129
1776356555366	S2_AsyncRedeemFullCycle	852345	PASSED	50	443	54	0	278	48	48	0	0	9	6	151	0	261186347	911
1776356561157	S3_RebalanceSettlement	852345	PASSED	50	1569	677	0	673	50	50	50	51	9	9	201	0	663702076	1889
1776356565332	S4_ExchangeRateFeeAccrual	852345	PASSED	50	175	97	19	0	0	0	0	0	50	9	50	0	58515305	281
1776356570883	S5_SanctionedUserInterlace	852345	PASSED	50	2101	1694	346	17	17	17	0	0	6	4	51	0	513239252	1654
1776356575405	S6_InFlightEdgeCases	852345	PASSED	50	416	147	21	70	27	27	58	38	16	12	51	0	145107440	564
1776356579954	S7_FullProtocolEndurance	852345	PASSED	15	753	410	90	176	15	15	15	13	15	4	17	0	193964490	640
1776356584246	S8_InvestSettlementEdge	852345	PASSED	50	237	100	0	0	0	0	50	59	16	12	51	0	98188090	395
1776356589745	S9_MultiAdapterMix	852345	PASSED	50	1552	908	0	427	49	49	50	47	9	13	102	0	518957358	1564
1776356594707	S10_InterleavedOperations	852345	PASSED	50	705	223	41	208	56	56	50	31	19	21	146	0	293825022	1050
1776356599691	S1_DepositRedeemMix	862345	PASSED	50	1092	723	363	0	0	0	0	0	4	2	51	0	255675817	1062
1776356604536	S2_AsyncRedeemFullCycle	862345	PASSED	50	441	57	0	273	48	48	0	0	9	6	151	0	256563293	903
1776356610347	S3_RebalanceSettlement	862345	PASSED	50	1637	802	0	608	49	49	50	61	9	9	201	0	661099900	1919
1776356614525	S4_ExchangeRateFeeAccrual	862345	PASSED	50	171	95	17	0	0	0	0	0	50	9	50	0	58073066	284
1776356620085	S5_SanctionedUserInterlace	862345	PASSED	50	2105	1651	393	17	17	17	0	0	6	4	51	0	518481702	1659
1776356624530	S6_InFlightEdgeCases	862345	PASSED	50	439	153	13	96	27	27	58	37	16	12	51	0	155188773	552
1776356629186	S7_FullProtocolEndurance	862345	PASSED	15	871	488	127	179	15	15	15	13	15	4	17	0	217470384	709
1776356633494	S8_InvestSettlementEdge	862345	PASSED	50	244	100	0	0	0	0	50	66	16	12	51	0	100993295	419
1776356638910	S9_MultiAdapterMix	862345	PASSED	50	1574	866	0	492	49	49	50	46	9	13	102	0	542816152	1520
1776356643854	S10_InterleavedOperations	862345	PASSED	50	697	217	50	180	61	61	50	34	21	23	150	0	286686888	1063
1776356649021	S1_DepositRedeemMix	872345	PASSED	50	1313	866	441	0	0	0	0	0	4	2	51	0	309259082	1266
1776356653930	S2_AsyncRedeemFullCycle	872345	PASSED	50	502	58	0	329	50	50	0	0	9	6	151	0	286573390	1013
1776356659754	S3_RebalanceSettlement	872345	PASSED	50	1668	807	0	642	49	49	50	53	9	9	201	0	678448895	1930
1776356663952	S4_ExchangeRateFeeAccrual	872345	PASSED	50	202	125	18	0	0	0	0	0	50	9	50	0	62082015	291
1776356669646	S5_SanctionedUserInterlace	872345	PASSED	50	2273	1762	450	17	17	17	0	0	6	4	51	0	566802768	1795
1776356674061	S6_InFlightEdgeCases	872345	PASSED	50	418	148	16	77	28	28	58	35	16	12	51	0	148298070	535
1776356678661	S7_FullProtocolEndurance	872345	PASSED	15	878	543	118	142	15	15	15	11	15	4	17	0	205715956	698
1776356682966	S8_InvestSettlementEdge	872345	PASSED	50	242	100	0	0	0	0	50	64	16	12	51	0	100123883	396
1776356688298	S9_MultiAdapterMix	872345	PASSED	50	1481	850	0	409	49	49	50	52	9	13	102	0	494439703	1453
1776356693345	S10_InterleavedOperations	872345	PASSED	50	742	237	45	210	60	60	50	36	21	23	150	0	304990680	1091
1776356698317	S1_DepositRedeemMix	882345	PASSED	50	1129	762	361	0	0	0	0	0	4	2	51	0	263411908	1040
1776356703158	S2_AsyncRedeemFullCycle	882345	PASSED	50	484	56	0	313	50	50	0	0	9	6	151	0	280904733	957
1776356709126	S3_RebalanceSettlement	882345	PASSED	50	1804	882	0	689	49	49	50	67	9	9	201	0	740983705	2029
1776356713306	S4_ExchangeRateFeeAccrual	882345	PASSED	50	189	112	18	0	0	0	0	0	50	9	50	0	60339557	285
1776356718848	S5_SanctionedUserInterlace	882345	PASSED	50	2076	1630	385	17	17	17	0	0	6	4	51	0	505290667	1625
1776356723272	S6_InFlightEdgeCases	882345	PASSED	50	407	151	10	68	28	28	58	36	16	12	51	0	142809441	527
1776356727895	S7_FullProtocolEndurance	882345	PASSED	15	872	459	128	206	15	15	15	15	15	4	17	0	227056594	725
1776356732197	S8_InvestSettlementEdge	882345	PASSED	50	238	100	0	0	0	0	50	60	16	12	51	0	98477907	393
1776356737502	S9_MultiAdapterMix	882345	PASSED	50	1428	802	0	413	50	50	50	41	9	13	102	0	479029254	1424
1776356742443	S10_InterleavedOperations	882345	PASSED	50	673	207	47	184	59	59	50	25	20	22	148	0	279497084	1022
1776356747419	S1_DepositRedeemMix	892345	PASSED	50	1163	778	379	0	0	0	0	0	4	2	51	0	271508276	1101
1776356752241	S2_AsyncRedeemFullCycle	892345	PASSED	50	444	52	0	277	50	50	0	0	9	6	151	0	257968119	900
1776356758066	S3_RebalanceSettlement	892345	PASSED	50	1654	859	0	566	50	50	50	61	9	9	201	0	649662082	1892
1776356762261	S4_ExchangeRateFeeAccrual	892345	PASSED	50	209	123	27	0	0	0	0	0	50	9	50	0	63661715	301
1776356767820	S5_SanctionedUserInterlace	892345	PASSED	50	2053	1633	359	17	17	17	0	0	6	4	51	0	506784560	1648
1776356772305	S6_InFlightEdgeCases	892345	PASSED	50	440	161	11	84	29	29	58	40	16	12	51	0	154404430	549
1776356776984	S7_FullProtocolEndurance	892345	PASSED	15	972	540	130	224	15	15	15	14	15	4	17	0	251167681	788
1776356781302	S8_InvestSettlementEdge	892345	PASSED	50	243	100	0	0	0	0	50	65	16	12	51	0	100630042	407
1776356786747	S9_MultiAdapterMix	892345	PASSED	50	1606	934	0	458	50	50	50	42	9	13	102	0	537811319	1559
1776356791714	S10_InterleavedOperations	892345	PASSED	50	691	186	27	225	62	62	50	35	21	23	150	0	299607029	1057
1776356796755	S1_DepositRedeemMix	902345	PASSED	50	1245	846	393	0	0	0	0	0	4	2	51	0	289937727	1117
1776356801715	S2_AsyncRedeemFullCycle	902345	PASSED	50	540	56	0	369	50	50	0	0	9	6	151	0	310552149	1052
1776356807620	S3_RebalanceSettlement	902345	PASSED	50	1826	949	0	648	49	49	50	63	9	9	201	0	726220980	2028
1776356811856	S4_ExchangeRateFeeAccrual	902345	PASSED	50	220	133	28	0	0	0	0	0	50	9	50	0	65352786	305
1776356817534	S5_SanctionedUserInterlace	902345	PASSED	50	2242	1745	436	17	17	17	0	0	6	4	51	0	551849861	1772
1776356822029	S6_InFlightEdgeCases	902345	PASSED	50	392	130	14	77	26	26	58	33	16	12	51	0	140455586	560
1776356826691	S7_FullProtocolEndurance	902345	PASSED	15	959	559	151	170	15	15	15	15	15	4	17	0	233738068	769
1776356831004	S8_InvestSettlementEdge	902345	PASSED	50	244	100	0	0	0	0	50	66	16	12	51	0	100959497	399
1776356836435	S9_MultiAdapterMix	902345	PASSED	50	1549	845	0	481	49	49	50	53	9	13	102	0	534777159	1512
1776356841436	S10_InterleavedOperations	902345	PASSED	50	699	205	54	204	57	57	50	30	20	22	148	0	292591431	1102
1776356846587	S1_DepositRedeemMix	912345	PASSED	50	1365	873	486	0	0	0	0	0	4	2	51	0	320461829	1219
1776356851474	S2_AsyncRedeemFullCycle	912345	PASSED	50	481	53	0	313	50	50	0	0	9	6	151	0	278075725	987
1776356857384	S3_RebalanceSettlement	912345	PASSED	50	1791	899	0	642	50	50	50	82	9	9	201	0	720128845	2014
1776356861609	S4_ExchangeRateFeeAccrual	912345	PASSED	50	227	140	28	0	0	0	0	0	50	9	50	0	66265105	313
1776356867237	S5_SanctionedUserInterlace	912345	PASSED	50	2251	1852	338	17	17	17	0	0	6	4	51	0	559847616	1740
1776356871671	S6_InFlightEdgeCases	912345	PASSED	50	400	140	17	76	26	26	58	29	16	12	51	0	141221485	526
1776356876313	S7_FullProtocolEndurance	912345	PASSED	15	931	557	137	159	15	15	15	14	15	4	17	0	222456207	736
1776356880604	S8_InvestSettlementEdge	912345	PASSED	50	240	100	0	0	0	0	50	62	16	12	51	0	99228260	393
1776356886140	S9_MultiAdapterMix	912345	PASSED	50	1607	934	0	444	50	50	50	57	9	13	102	0	541555001	1617
1776356891061	S10_InterleavedOperations	912345	PASSED	50	630	167	34	179	60	60	50	36	21	23	150	0	273995277	1005
1776356896147	S1_DepositRedeemMix	922345	PASSED	50	1288	858	424	0	0	0	0	0	4	2	51	0	300879990	1161
1776356900996	S2_AsyncRedeemFullCycle	922345	PASSED	50	491	57	0	319	50	50	0	0	9	6	151	0	281457230	947
1776356906902	S3_RebalanceSettlement	922345	PASSED	50	1758	887	0	650	49	49	50	55	9	9	201	0	706286718	2013
1776356911104	S4_ExchangeRateFeeAccrual	922345	PASSED	50	204	119	26	0	0	0	0	0	50	9	50	0	63082944	299
1776356916723	S5_SanctionedUserInterlace	922345	PASSED	50	2189	1793	335	17	17	17	0	0	6	4	51	0	535962199	1718
1776356921157	S6_InFlightEdgeCases	922345	PASSED	50	443	168	17	79	26	26	58	41	16	12	51	0	151981404	552
1776356925696	S7_FullProtocolEndurance	922345	PASSED	15	785	451	107	153	15	15	15	10	15	4	17	0	191556749	641
1776356929996	S8_InvestSettlementEdge	922345	PASSED	50	242	100	0	0	0	0	50	64	16	12	51	0	100195026	397
1776356935493	S9_MultiAdapterMix	922345	PASSED	50	1476	815	0	449	50	50	50	40	9	13	102	0	501783341	1546
1776356940475	S10_InterleavedOperations	922345	PASSED	50	720	226	51	203	60	60	50	28	20	22	148	0	294365972	1061
1776356945450	S1_DepositRedeemMix	932345	PASSED	50	1178	775	397	0	0	0	0	0	4	2	51	0	277156363	1084
1776356950308	S2_AsyncRedeemFullCycle	932345	PASSED	50	482	55	0	316	48	48	0	0	9	6	151	0	278930606	952
1776356956255	S3_RebalanceSettlement	932345	PASSED	50	1576	787	0	564	49	49	50	59	9	9	201	0	628892735	2026
1776356960479	S4_ExchangeRateFeeAccrual	932345	PASSED	50	232	141	32	0	0	0	0	0	50	9	50	0	67046540	325
1776356966168	S5_SanctionedUserInterlace	932345	PASSED	50	2255	1833	361	17	17	17	0	0	6	4	51	0	557258048	1755
1776356970624	S6_InFlightEdgeCases	932345	PASSED	50	399	135	13	81	27	27	58	30	16	12	51	0	143785425	531
1776356975319	S7_FullProtocolEndurance	932345	PASSED	15	996	555	157	203	15	15	15	17	15	4	17	0	251715259	798
1776356979652	S8_InvestSettlementEdge	932345	PASSED	50	236	100	0	0	0	0	50	58	16	12	51	0	97689086	400
1776356985003	S9_MultiAdapterMix	932345	PASSED	50	1506	835	0	445	49	49	50	56	9	13	102	0	514285114	1464
1776356989945	S10_InterleavedOperations	932345	PASSED	50	661	203	31	191	57	57	50	28	21	23	147	0	278894144	1026
1776356995002	S1_DepositRedeemMix	942345	PASSED	50	1284	848	430	0	0	0	0	0	4	2	51	0	299773797	1149
1776356999971	S2_AsyncRedeemFullCycle	942345	PASSED	50	550	62	0	373	50	50	0	0	9	6	151	0	313566012	1051
1776357005868	S3_RebalanceSettlement	942345	PASSED	50	1804	971	0	590	50	50	50	75	9	9	201	0	706725221	1993
1776357010114	S4_ExchangeRateFeeAccrual	942345	PASSED	50	203	121	23	0	0	0	0	0	50	9	50	0	62848985	298
1776357015766	S5_SanctionedUserInterlace	942345	PASSED	50	2208	1751	396	17	17	17	0	0	6	4	51	0	546637054	1745
1776357020207	S6_InFlightEdgeCases	942345	PASSED	50	374	129	11	67	24	24	58	33	16	12	51	0	135949923	506
1776357024918	S7_FullProtocolEndurance	942345	PASSED	15	1008	568	146	219	15	15	15	11	15	4	17	0	256359990	816
1776357029238	S8_InvestSettlementEdge	942345	PASSED	50	242	100	0	0	0	0	50	64	16	12	51	0	100149169	416
1776357034604	S9_MultiAdapterMix	942345	PASSED	50	1509	838	0	454	49	49	50	47	9	13	102	0	514288049	1488
1776357039627	S10_InterleavedOperations	942345	PASSED	50	637	171	50	183	56	56	50	27	21	23	146	0	271280779	1091
1776357044575	S1_DepositRedeemMix	952345	PASSED	50	1113	745	362	0	0	0	0	0	4	2	51	0	260122908	1033
1776357049446	S2_AsyncRedeemFullCycle	952345	PASSED	50	481	51	0	315	50	50	0	0	9	6	151	0	280825355	1004
1776357055382	S3_RebalanceSettlement	952345	PASSED	50	1767	879	0	652	50	50	50	68	9	9	201	0	713143448	2018
1776357059587	S4_ExchangeRateFeeAccrual	952345	PASSED	50	180	104	17	0	0	0	0	0	50	9	50	0	58906823	301
1776357065327	S5_SanctionedUserInterlace	952345	PASSED	50	2256	1861	334	17	17	17	0	0	6	4	51	0	564309744	1822
1776357069734	S6_InFlightEdgeCases	952345	PASSED	50	376	123	12	71	27	27	58	30	16	12	51	0	137758350	523
1776357074302	S7_FullProtocolEndurance	952345	PASSED	15	834	478	99	180	15	15	15	13	15	4	17	0	209642414	675
1776357078591	S8_InvestSettlementEdge	952345	PASSED	50	244	100	0	0	0	0	50	66	16	12	51	0	100855372	398
1776357083972	S9_MultiAdapterMix	952345	PASSED	50	1511	898	0	395	46	46	50	54	9	13	102	0	497969087	1466
1776357088962	S10_InterleavedOperations	952345	PASSED	50	729	241	36	205	60	60	50	35	20	22	148	0	299544059	1065
1776357094099	S1_DepositRedeemMix	962345	PASSED	50	1349	912	431	0	0	0	0	0	4	2	51	0	315379712	1212
1776357098995	S2_AsyncRedeemFullCycle	962345	PASSED	50	522	54	0	353	50	50	0	0	9	6	151	0	297974706	970
1776357104962	S3_RebalanceSettlement	962345	PASSED	50	1816	890	0	694	48	48	50	68	9	9	201	0	742025891	2056
1776357109149	S4_ExchangeRateFeeAccrual	962345	PASSED	50	181	107	15	0	0	0	0	0	50	9	50	0	59276501	280
1776357114790	S5_SanctionedUserInterlace	962345	PASSED	50	2236	1751	424	17	17	17	0	0	6	4	51	0	549594934	1751
1776357119225	S6_InFlightEdgeCases	962345	PASSED	50	414	147	8	77	27	27	58	42	16	12	51	0	146643584	534
1776357123754	S7_FullProtocolEndurance	962345	PASSED	15	750	429	89	155	15	15	15	13	15	4	17	0	187466938	630
1776357128059	S8_InvestSettlementEdge	962345	PASSED	50	237	100	0	0	0	0	50	59	16	12	51	0	98095863	393
1776357133438	S9_MultiAdapterMix	962345	PASSED	50	1527	849	0	459	49	49	50	49	9	13	102	0	520708964	1496
1776357138404	S10_InterleavedOperations	962345	PASSED	50	707	229	29	213	58	58	50	28	20	22	147	0	293444237	1065
1776357143624	S1_DepositRedeemMix	972345	PASSED	50	1485	959	520	0	0	0	0	0	4	2	51	0	350157583	1297
1776357148424	S2_AsyncRedeemFullCycle	972345	PASSED	50	439	54	0	274	48	48	0	0	9	6	151	0	255426595	891
1776357154302	S3_RebalanceSettlement	972345	PASSED	50	1728	848	0	652	50	50	50	60	9	9	201	0	700827228	1970
1776357158584	S4_ExchangeRateFeeAccrual	972345	PASSED	50	202	123	20	0	0	0	0	0	50	9	50	0	62058124	293
1776357164236	S5_SanctionedUserInterlace	972345	PASSED	50	2256	1796	399	17	17	17	0	0	6	4	51	0	556808020	1764
1776357168661	S6_InFlightEdgeCases	972345	PASSED	50	369	112	18	66	26	26	58	35	16	12	51	0	138397980	511
1776357173269	S7_FullProtocolEndurance	972345	PASSED	15	812	440	120	172	15	15	15	16	15	4	17	0	203982765	703
1776357177606	S8_InvestSettlementEdge	972345	PASSED	50	239	100	0	0	0	0	50	61	16	12	51	0	98898074	401
1776357182968	S9_MultiAdapterMix	972345	PASSED	50	1515	852	0	445	50	50	50	46	9	13	102	0	515547757	1477
1776357187924	S10_InterleavedOperations	972345	PASSED	50	683	203	53	184	58	58	50	33	21	23	148	0	283823065	1045
1776357193009	S1_DepositRedeemMix	982345	PASSED	50	1365	888	471	0	0	0	0	0	4	2	51	0	319848743	1213
1776357197943	S2_AsyncRedeemFullCycle	982345	PASSED	50	505	57	0	333	50	50	0	0	9	6	151	0	289876622	1035
1776357203730	S3_RebalanceSettlement	982345	PASSED	50	1637	832	0	583	50	50	50	54	9	9	201	0	649963235	1884
1776357207938	S4_ExchangeRateFeeAccrual	982345	PASSED	50	204	121	24	0	0	0	0	0	50	9	50	0	62888547	293
1776357213630	S5_SanctionedUserInterlace	982345	PASSED	50	2309	1890	358	17	17	17	0	0	6	4	51	0	574070709	1802
1776357218067	S6_InFlightEdgeCases	982345	PASSED	50	418	149	18	79	27	27	58	32	16	12	51	0	146332131	536
1776357222702	S7_FullProtocolEndurance	982345	PASSED	15	903	494	142	188	15	15	15	15	15	4	17	0	227461145	759
1776357226997	S8_InvestSettlementEdge	982345	PASSED	50	242	100	0	0	0	0	50	64	16	12	51	0	100206996	397
1776357232434	S9_MultiAdapterMix	982345	PASSED	50	1581	934	0	420	50	50	50	55	9	13	102	0	523449935	1526
1776357237394	S10_InterleavedOperations	982345	PASSED	50	685	197	40	202	58	58	50	38	20	22	146	0	289186763	1041
1776357242434	S1_DepositRedeemMix	992345	PASSED	50	1234	795	433	0	0	0	0	0	4	2	51	0	291056402	1133
1776357247332	S2_AsyncRedeemFullCycle	992345	PASSED	50	499	55	0	331	49	49	0	0	9	6	151	0	288232097	977
1776357253048	S3_RebalanceSettlement	992345	PASSED	50	1551	731	0	597	50	50	50	55	9	9	201	0	633202946	1838
1776357257310	S4_ExchangeRateFeeAccrual	992345	PASSED	50	211	122	30	0	0	0	0	0	50	9	50	0	64200015	299
1776357263046	S5_SanctionedUserInterlace	992345	PASSED	50	2258	1837	360	17	17	17	0	0	6	4	51	0	564715906	1843
1776357267483	S6_InFlightEdgeCases	992345	PASSED	50	371	127	10	70	25	25	58	28	16	12	51	0	134402500	532
1776357272069	S7_FullProtocolEndurance	992345	PASSED	15	820	486	113	145	15	15	15	12	15	4	17	0	196819432	662
1776357276462	S8_InvestSettlementEdge	992345	PASSED	50	248	100	0	0	0	0	50	70	16	12	51	0	102631393	404
1776357281839	S9_MultiAdapterMix	992345	PASSED	50	1532	880	0	419	49	49	50	63	9	13	102	0	513089221	1478
1776357286759	S10_InterleavedOperations	992345	PASSED	50	657	189	40	189	58	58	50	31	20	22	146	0	278867854	1016
1776357291744	S1_DepositRedeemMix	1002345	PASSED	50	1173	776	391	0	0	0	0	0	4	2	51	0	273846159	1085
1776357296611	S2_AsyncRedeemFullCycle	1002345	PASSED	50	512	55	0	342	50	50	0	0	9	6	151	0	294897285	977
1776357302614	S3_RebalanceSettlement	1002345	PASSED	50	1777	813	0	731	49	49	50	67	9	9	201	0	747958320	2054
1776357306833	S4_ExchangeRateFeeAccrual	1002345	PASSED	50	223	128	36	0	0	0	0	0	50	9	50	0	65973222	309
1776357312469	S5_SanctionedUserInterlace	1002345	PASSED	50	2264	1845	358	17	17	17	0	0	6	4	51	0	561155758	1758
1776357316874	S6_InFlightEdgeCases	1002345	PASSED	50	383	129	14	69	24	24	58	37	16	12	51	0	138890210	510
1776357321476	S7_FullProtocolEndurance	1002345	PASSED	15	855	509	116	147	15	15	15	19	15	4	17	0	205405805	699
1776357325784	S8_InvestSettlementEdge	1002345	PASSED	50	248	100	0	0	0	0	50	70	16	12	51	0	102711764	408
1776357331188	S9_MultiAdapterMix	1002345	PASSED	50	1574	924	0	432	50	50	50	46	9	13	102	0	522750627	1510
1776357336097	S10_InterleavedOperations	1002345	PASSED	50	636	187	27	195	53	53	50	27	21	23	143	0	274766583	999
1776357341186	S1_DepositRedeemMix	1012345	PASSED	50	1265	883	376	0	0	0	0	0	4	2	51	0	294309952	1188
1776357346182	S2_AsyncRedeemFullCycle	1012345	PASSED	50	503	60	0	330	49	49	0	0	9	6	151	0	287727092	1068
1776357352132	S3_RebalanceSettlement	1012345	PASSED	50	1783	818	0	731	50	50	50	66	9	9	201	0	745245072	2042
1776357356363	S4_ExchangeRateFeeAccrual	1012345	PASSED	50	181	97	25	0	0	0	0	0	50	9	50	0	59576422	282
1776357361968	S5_SanctionedUserInterlace	1012345	PASSED	50	2188	1757	370	17	17	17	0	0	6	4	51	0	547042327	1711
1776357366395	S6_InFlightEdgeCases	1012345	PASSED	50	363	114	27	62	23	23	58	28	16	12	51	0	132268836	499
1776357371063	S7_FullProtocolEndurance	1012345	PASSED	15	885	460	125	223	15	15	15	13	15	4	17	0	233427546	733
1776357375364	S8_InvestSettlementEdge	1012345	PASSED	50	242	100	0	0	0	0	50	64	16	12	51	0	100193185	409
1776357380802	S9_MultiAdapterMix	1012345	PASSED	50	1596	914	0	458	50	50	50	52	9	13	102	0	539036048	1546
1776357385759	S10_InterleavedOperations	1012345	PASSED	50	634	179	42	175	56	56	50	32	21	23	147	0	271290130	1044
1776357390615	S1_DepositRedeemMix	1022345	PASSED	50	1027	700	321	0	0	0	0	0	4	2	51	0	240697482	964
1776357395516	S2_AsyncRedeemFullCycle	1022345	PASSED	50	470	54	0	303	49	49	0	0	9	6	151	0	274010606	993
1776357401427	S3_RebalanceSettlement	1022345	PASSED	50	1789	922	0	633	49	49	50	68	9	9	201	0	711878639	2000
1776357405658	S4_ExchangeRateFeeAccrual	1022345	PASSED	50	254	152	43	0	0	0	0	0	50	9	50	0	70781075	352
1776357411235	S5_SanctionedUserInterlace	1022345	PASSED	50	2134	1700	373	17	17	17	0	0	6	4	51	0	525307268	1666
1776357415709	S6_InFlightEdgeCases	1022345	PASSED	50	426	166	8	80	24	24	58	38	16	12	51	0	146470174	556
1776357420302	S7_FullProtocolEndurance	1022345	PASSED	15	867	491	113	188	15	15	15	11	15	4	17	0	218106386	705
1776357424590	S8_InvestSettlementEdge	1022345	PASSED	50	242	100	0	0	0	0	50	64	16	12	51	0	100227764	397
1776357429920	S9_MultiAdapterMix	1022345	PASSED	50	1429	786	0	427	50	50	50	44	9	13	102	0	487151162	1431
1776357434889	S10_InterleavedOperations	1022345	PASSED	50	711	216	59	202	57	57	50	28	20	22	146	0	291970624	1047
1776357439957	S1_DepositRedeemMix	1032345	PASSED	50	1306	863	437	0	0	0	0	0	4	2	51	0	305034487	1170
1776357444825	S2_AsyncRedeemFullCycle	1032345	PASSED	50	503	56	0	332	50	50	0	0	9	6	151	0	288916419	973
1776357450720	S3_RebalanceSettlement	1032345	PASSED	50	1771	934	0	609	50	50	50	60	9	9	201	0	695290452	1993
1776357454926	S4_ExchangeRateFeeAccrual	1032345	PASSED	50	212	127	26	0	0	0	0	0	50	9	50	0	63763499	301
1776357460446	S5_SanctionedUserInterlace	1032345	PASSED	50	1955	1523	371	17	17	17	0	0	6	4	51	0	482439127	1573
1776357464873	S6_InFlightEdgeCases	1032345	PASSED	50	374	134	19	57	24	24	58	30	16	12	51	0	130860471	500
1776357469501	S7_FullProtocolEndurance	1032345	PASSED	15	846	470	117	181	15	15	15	14	15	4	17	0	212964913	690
1776357473805	S8_InvestSettlementEdge	1032345	PASSED	50	238	100	0	0	0	0	50	60	16	12	51	0	98489118	395
1776357479196	S9_MultiAdapterMix	1032345	PASSED	50	1503	840	0	444	50	50	50	47	9	13	102	0	509206652	1466
1776357484104	S10_InterleavedOperations	1032345	PASSED	50	635	183	53	178	50	50	50	29	20	22	141	0	269849674	993
1776357489124	S1_DepositRedeemMix	1042345	PASSED	50	1223	776	441	0	0	0	0	0	4	2	51	0	288754988	1137
1776357494074	S2_AsyncRedeemFullCycle	1042345	PASSED	50	477	53	0	313	48	48	0	0	9	6	151	0	278512278	1055
1776357500010	S3_RebalanceSettlement	1042345	PASSED	50	1674	844	0	600	50	50	50	62	9	9	201	0	666655670	1928
1776357504216	S4_ExchangeRateFeeAccrual	1042345	PASSED	50	201	117	25	0	0	0	0	0	50	9	50	0	62520520	291
1776357509878	S5_SanctionedUserInterlace	1042345	PASSED	50	2207	1747	399	17	17	17	0	0	6	4	51	0	551438808	1741
1776357514302	S6_InFlightEdgeCases	1042345	PASSED	50	391	131	21	70	26	26	58	31	16	12	51	0	138411899	518
1776357518803	S7_FullProtocolEndurance	1042345	PASSED	15	695	331	102	182	15	15	15	16	15	4	17	0	186110177	607
1776357523099	S8_InvestSettlementEdge	1042345	PASSED	50	238	100	0	0	0	0	50	60	16	12	51	0	98475262	394
1776357528512	S9_MultiAdapterMix	1042345	PASSED	50	1507	863	0	431	50	50	50	41	9	13	102	0	503926230	1532
1776357533425	S10_InterleavedOperations	1042345	PASSED	50	665	201	35	184	60	60	50	31	21	23	148	0	278001545	1014
1776357538459	S1_DepositRedeemMix	1052345	PASSED	50	1240	826	408	0	0	0	0	0	4	2	51	0	289362466	1136
1776357543305	S2_AsyncRedeemFullCycle	1052345	PASSED	50	490	57	0	320	49	49	0	0	9	6	151	0	282986894	956
1776357549179	S3_RebalanceSettlement	1052345	PASSED	50	1780	964	0	586	50	50	50	62	9	9	201	0	693544624	1994
1776357553430	S4_ExchangeRateFeeAccrual	1052345	PASSED	50	223	134	30	0	0	0	0	0	50	9	50	0	65962368	317
1776357559105	S5_SanctionedUserInterlace	1052345	PASSED	50	2255	1807	387	17	17	17	0	0	6	4	51	0	553697569	1757
1776357563569	S6_InFlightEdgeCases	1052345	PASSED	50	400	143	21	72	26	26	58	26	16	12	51	0	139114783	556
1776357568130	S7_FullProtocolEndurance	1052345	PASSED	15	791	411	144	160	15	15	15	12	15	4	17	0	197478254	649
1776357572438	S8_InvestSettlementEdge	1052345	PASSED	50	245	100	0	0	0	0	50	67	16	12	51	0	101390142	396
1776357577758	S9_MultiAdapterMix	1052345	PASSED	50	1421	799	0	409	48	48	50	45	9	13	102	0	477215485	1422
1776357582641	S10_InterleavedOperations	1052345	PASSED	50	629	191	37	174	55	55	50	27	19	21	143	0	266522448	976
1776357587756	S1_DepositRedeemMix	1062345	PASSED	50	1293	866	421	0	0	0	0	0	4	2	51	0	301695198	1208
1776357592637	S2_AsyncRedeemFullCycle	1062345	PASSED	50	515	61	0	339	50	50	0	0	9	6	151	0	293637051	968
1776357598640	S3_RebalanceSettlement	1062345	PASSED	50	1807	800	0	761	49	49	50	80	9	9	201	0	766502414	2057
1776357602828	S4_ExchangeRateFeeAccrual	1062345	PASSED	50	158	90	9	0	0	0	0	0	50	9	50	0	55874816	264
1776357608365	S5_SanctionedUserInterlace	1062345	PASSED	50	2076	1704	311	17	17	17	0	0	6	4	51	0	511085651	1649
1776357612832	S6_InFlightEdgeCases	1062345	PASSED	50	407	131	23	76	29	29	58	33	16	12	51	0	147264351	534
1776357617381	S7_FullProtocolEndurance	1062345	PASSED	15	765	465	109	114	15	15	15	13	15	4	17	0	176719158	627
1776357621660	S8_InvestSettlementEdge	1062345	PASSED	50	236	100	0	0	0	0	50	58	16	12	51	0	97706601	396
1776357627080	S9_MultiAdapterMix	1062345	PASSED	50	1581	879	0	490	48	48	50	44	9	13	102	0	543395259	1526
1776357632102	S10_InterleavedOperations	1062345	PASSED	50	761	227	31	255	60	60	50	34	21	23	149	0	322883435	1129
1776357637091	S1_DepositRedeemMix	1072345	PASSED	50	1179	773	400	0	0	0	0	0	4	2	51	0	275869542	1086
1776357642018	S2_AsyncRedeemFullCycle	1072345	PASSED	50	533	56	0	364	49	49	0	0	9	6	151	0	308494651	1011
1776357647939	S3_RebalanceSettlement	1072345	PASSED	50	1735	811	0	695	50	50	50	61	9	9	201	0	718122256	2009
1776357652140	S4_ExchangeRateFeeAccrual	1072345	PASSED	50	187	112	16	0	0	0	0	0	50	9	50	0	60022745	282
1776357657737	S5_SanctionedUserInterlace	1072345	PASSED	50	2199	1747	394	16	16	16	0	0	6	4	51	0	543895761	1718
1776357662212	S6_InFlightEdgeCases	1072345	PASSED	50	441	167	21	86	22	22	58	37	16	12	51	0	153141540	599
1776357666852	S7_FullProtocolEndurance	1072345	PASSED	15	910	524	124	185	15	15	15	13	15	4	17	0	226756167	732
1776357671158	S8_InvestSettlementEdge	1072345	PASSED	50	238	100	0	0	0	0	50	60	16	12	51	0	98474624	395
1776357676550	S9_MultiAdapterMix	1072345	PASSED	50	1531	914	0	405	49	49	50	42	9	13	102	0	501890146	1473
1776357681635	S10_InterleavedOperations	1072345	PASSED	50	786	241	57	245	61	61	50	29	20	22	150	0	322583540	1172
1776357686785	S1_DepositRedeemMix	1082345	PASSED	50	1436	914	516	0	0	0	0	0	4	2	51	0	338220167	1257
1776357691761	S2_AsyncRedeemFullCycle	1082345	PASSED	50	513	56	0	344	49	49	0	0	9	6	151	0	296289863	1058
1776357697774	S3_RebalanceSettlement	1082345	PASSED	50	1779	887	0	660	49	49	50	66	9	9	201	0	718038819	2095
1776357701987	S4_ExchangeRateFeeAccrual	1082345	PASSED	50	215	137	19	0	0	0	0	0	50	9	50	0	64360577	300
1776357707696	S5_SanctionedUserInterlace	1082345	PASSED	50	2276	1829	386	17	17	17	0	0	6	4	51	0	561675572	1806
1776357712130	S6_InFlightEdgeCases	1082345	PASSED	50	414	157	7	85	24	24	58	31	16	12	51	0	145195812	531
1776357716782	S7_FullProtocolEndurance	1082345	PASSED	15	930	557	123	172	15	15	15	14	15	4	17	0	225982180	751
1776357721079	S8_InvestSettlementEdge	1082345	PASSED	50	243	100	0	0	0	0	50	65	16	12	51	0	100333914	398
1776357726511	S9_MultiAdapterMix	1082345	PASSED	50	1570	923	0	418	49	49	50	59	9	13	102	0	524932552	1524
1776357731430	S10_InterleavedOperations	1082345	PASSED	50	639	191	40	175	54	54	50	31	21	23	144	0	269074524	1001
1776357736409	S1_DepositRedeemMix	1092345	PASSED	50	1130	737	387	0	0	0	0	0	4	2	51	0	264538046	1048
1776357741327	S2_AsyncRedeemFullCycle	1092345	PASSED	50	497	58	0	328	48	48	0	0	9	6	151	0	288234754	970
1776357747206	S3_RebalanceSettlement	1092345	PASSED	50	1715	809	0	680	49	49	50	60	9	9	201	0	706411899	1991
1776357751403	S4_ExchangeRateFeeAccrual	1092345	PASSED	50	197	113	25	0	0	0	0	0	50	9	50	0	61958982	293
1776357757145	S5_SanctionedUserInterlace	1092345	PASSED	50	2280	1876	343	17	17	17	0	0	6	4	51	0	567813130	1820
1776357761632	S6_InFlightEdgeCases	1092345	PASSED	50	351	118	10	60	22	22	58	33	16	12	51	0	130168772	524
1776357766256	S7_FullProtocolEndurance	1092345	PASSED	15	923	501	135	208	15	15	15	15	15	4	17	0	236800895	751
1776357770538	S8_InvestSettlementEdge	1092345	PASSED	50	247	100	0	0	0	0	50	69	16	12	51	0	102122229	401
1776357776042	S9_MultiAdapterMix	1092345	PASSED	50	1587	916	0	446	50	50	50	53	9	13	102	0	532402702	1581
1776357780926	S10_InterleavedOperations	1092345	PASSED	50	650	211	41	167	52	52	50	35	20	22	143	0	269384689	983
1776357786050	S1_DepositRedeemMix	1102345	PASSED	50	1287	835	446	0	0	0	0	0	4	2	51	0	303486789	1198
1776357790935	S2_AsyncRedeemFullCycle	1102345	PASSED	50	500	53	0	332	50	50	0	0	9	6	151	0	289337506	962
1776357796807	S3_RebalanceSettlement	1102345	PASSED	50	1721	871	0	610	50	50	50	72	9	9	201	0	686808925	1963
1776357800985	S4_ExchangeRateFeeAccrual	1102345	PASSED	50	184	110	15	0	0	0	0	0	50	9	50	0	59426738	280
1776357806508	S5_SanctionedUserInterlace	1102345	PASSED	50	2035	1645	329	17	17	17	0	0	6	4	51	0	507657643	1623
1776357810961	S6_InFlightEdgeCases	1102345	PASSED	50	379	122	14	71	27	27	58	32	16	12	51	0	135664921	509
1776357815655	S7_FullProtocolEndurance	1102345	PASSED	15	924	538	128	181	15	15	15	13	15	4	17	0	228082350	794
1776357819936	S8_InvestSettlementEdge	1102345	PASSED	50	244	100	0	0	0	0	50	66	16	12	51	0	100957058	396
1776357825244	S9_MultiAdapterMix	1102345	PASSED	50	1435	799	0	425	50	50	50	39	9	13	102	0	483353628	1418
1776357830184	S10_InterleavedOperations	1102345	PASSED	50	680	225	47	171	57	57	50	29	21	23	146	0	276067106	1021
1776357835159	S1_DepositRedeemMix	1112345	PASSED	50	1166	770	390	0	0	0	0	0	4	2	51	0	272538828	1101
1776357840021	S2_AsyncRedeemFullCycle	1112345	PASSED	50	512	58	0	339	50	50	0	0	9	6	151	0	294251314	985
1776357845791	S3_RebalanceSettlement	1112345	PASSED	50	1580	800	0	548	49	49	50	66	9	9	201	0	629635706	1859
1776357850011	S4_ExchangeRateFeeAccrual	1112345	PASSED	50	240	144	37	0	0	0	0	0	50	9	50	0	68582055	322
1776357855507	S5_SanctionedUserInterlace	1112345	PASSED	50	2003	1590	352	17	17	17	0	0	6	4	51	0	494743427	1614
1776357859967	S6_InFlightEdgeCases	1112345	PASSED	50	424	150	15	84	25	25	58	39	16	12	51	0	151784831	545
1776357864589	S7_FullProtocolEndurance	1112345	PASSED	15	894	482	142	192	15	15	15	14	15	4	17	0	226121699	736
1776357868896	S8_InvestSettlementEdge	1112345	PASSED	50	242	100	0	0	0	0	50	64	16	12	51	0	100123607	414
1776357874249	S9_MultiAdapterMix	1112345	PASSED	50	1472	790	0	448	50	50	50	62	9	13	102	0	508572762	1455
1776357879211	S10_InterleavedOperations	1112345	PASSED	50	670	194	52	193	55	55	50	31	19	21	147	0	284186989	1100
1776357884306	S1_DepositRedeemMix	1122345	PASSED	50	1209	802	401	0	0	0	0	0	4	2	51	0	282201436	1198
1776357889209	S2_AsyncRedeemFullCycle	1122345	PASSED	50	509	57	0	337	50	50	0	0	9	6	151	0	291983442	967
1776357895152	S3_RebalanceSettlement	1122345	PASSED	50	1825	903	0	687	50	50	50	67	9	9	201	0	741027901	2057
1776357899302	S4_ExchangeRateFeeAccrual	1122345	PASSED	50	170	100	11	0	0	0	0	0	50	9	50	0	57624387	271
1776357904899	S5_SanctionedUserInterlace	1122345	PASSED	50	2219	1828	330	17	17	17	0	0	6	4	51	0	556288031	1727
1776357909369	S6_InFlightEdgeCases	1122345	PASSED	50	412	143	15	76	26	26	58	40	16	12	51	0	144513820	541
1776357913948	S7_FullProtocolEndurance	1122345	PASSED	15	856	448	135	195	15	15	15	14	15	4	17	0	219830571	723
1776357918231	S8_InvestSettlementEdge	1122345	PASSED	50	248	100	0	0	0	0	50	70	16	12	51	0	102543934	403
1776357923532	S9_MultiAdapterMix	1122345	PASSED	50	1410	833	0	365	48	48	50	44	9	13	102	0	459898074	1400
1776357928430	S10_InterleavedOperations	1122345	PASSED	50	638	157	41	194	59	59	50	34	21	23	147	0	278963129	1018
1776357933515	S1_DepositRedeemMix	1132345	PASSED	50	1323	880	437	0	0	0	0	0	4	2	51	0	309031675	1194
1776357938388	S2_AsyncRedeemFullCycle	1132345	PASSED	50	539	60	0	364	50	50	0	0	9	6	151	0	309212514	1004
1776357944243	S3_RebalanceSettlement	1132345	PASSED	50	1765	893	0	632	50	50	50	72	9	9	201	0	706737943	1988
1776357948426	S4_ExchangeRateFeeAccrual	1132345	PASSED	50	190	115	16	0	0	0	0	0	50	9	50	0	60460571	286
1776357954071	S5_SanctionedUserInterlace	1132345	PASSED	50	2217	1795	361	17	17	17	0	0	6	4	51	0	547819599	1749
1776357958508	S6_InFlightEdgeCases	1132345	PASSED	50	387	126	17	75	23	23	58	37	16	12	51	0	140117289	513
1776357963141	S7_FullProtocolEndurance	1132345	PASSED	15	908	481	82	267	15	15	15	14	15	4	17	0	252786279	765
1776357967451	S8_InvestSettlementEdge	1132345	PASSED	50	244	100	0	0	0	0	50	66	16	12	51	0	101133565	440
1776357972929	S9_MultiAdapterMix	1132345	PASSED	50	1611	901	0	483	50	50	50	55	9	13	102	0	552413883	1559
1776357977873	S10_InterleavedOperations	1132345	PASSED	50	675	201	48	185	59	59	50	29	21	23	149	0	281062692	1032
1776357982899	S1_DepositRedeemMix	1142345	PASSED	50	1218	774	438	0	0	0	0	0	4	2	51	0	285398533	1118
1776357987777	S2_AsyncRedeemFullCycle	1142345	PASSED	50	489	57	0	323	47	47	0	0	9	6	151	0	283497157	958
1776357993743	S3_RebalanceSettlement	1142345	PASSED	50	1748	860	0	657	50	50	50	63	9	9	201	0	708384673	2095
1776357997937	S4_ExchangeRateFeeAccrual	1142345	PASSED	50	191	115	17	0	0	0	0	0	50	9	50	0	60683881	301
1776358003578	S5_SanctionedUserInterlace	1142345	PASSED	50	2194	1821	312	17	17	17	0	0	6	4	51	0	544696335	1721
1776358008012	S6_InFlightEdgeCases	1142345	PASSED	50	408	138	24	75	26	26	58	33	16	12	51	0	142241759	546
1776358012730	S7_FullProtocolEndurance	1142345	PASSED	15	1039	638	147	175	14	14	15	17	15	4	17	0	250346758	817
1776358017021	S8_InvestSettlementEdge	1142345	PASSED	50	244	100	0	0	0	0	50	66	16	12	51	0	100937022	402
1776358022422	S9_MultiAdapterMix	1142345	PASSED	50	1547	849	0	474	50	50	50	52	9	13	102	0	534689191	1504
1776358027390	S10_InterleavedOperations	1142345	PASSED	50	680	204	43	198	57	57	50	31	19	21	146	0	285955284	1051
1776358032373	S1_DepositRedeemMix	1152345	PASSED	50	1135	736	393	0	0	0	0	0	4	2	51	0	265767260	1057
1776358037198	S2_AsyncRedeemFullCycle	1152345	PASSED	50	487	55	0	317	50	50	0	0	9	6	151	0	280335763	944
1776358043088	S3_RebalanceSettlement	1152345	PASSED	50	1782	899	0	651	50	50	50	64	9	9	201	0	715115197	2022
1776358047302	S4_ExchangeRateFeeAccrual	1152345	PASSED	50	211	132	20	0	0	0	0	0	50	9	50	0	63876107	299
1776358052801	S5_SanctionedUserInterlace	1152345	PASSED	50	2018	1639	321	16	16	16	0	0	6	4	51	0	494132151	1618
1776358057246	S6_InFlightEdgeCases	1152345	PASSED	50	412	145	11	80	28	28	58	34	16	12	51	0	145040703	541
1776358061822	S7_FullProtocolEndurance	1152345	PASSED	15	850	473	139	163	15	15	15	11	15	4	17	0	208306572	689
1776358066112	S8_InvestSettlementEdge	1152345	PASSED	50	242	100	0	0	0	0	50	64	16	12	51	0	100092790	396
1776358071578	S9_MultiAdapterMix	1152345	PASSED	50	1572	882	0	469	49	49	50	51	9	13	102	0	536546339	1539
1776358076532	S10_InterleavedOperations	1152345	PASSED	50	718	205	46	219	60	60	50	36	20	22	148	0	302041393	1059
1776358081549	S1_DepositRedeemMix	1162345	PASSED	50	1219	831	382	0	0	0	0	0	4	2	51	0	285696870	1128
1776358086406	S2_AsyncRedeemFullCycle	1162345	PASSED	50	502	55	0	332	50	50	0	0	9	6	151	0	290119836	961
1776358092245	S3_RebalanceSettlement	1162345	PASSED	50	1645	857	0	566	50	50	50	54	9	9	201	0	644899286	1891
1776358096479	S4_ExchangeRateFeeAccrual	1162345	PASSED	50	243	153	31	0	0	0	0	0	50	9	50	0	68492379	321
1776358102070	S5_SanctionedUserInterlace	1162345	PASSED	50	2179	1819	299	17	17	17	0	0	6	4	51	0	539840956	1702
1776358106526	S6_InFlightEdgeCases	1162345	PASSED	50	417	136	24	79	29	29	58	34	16	12	51	0	147575090	541
1776358111001	S7_FullProtocolEndurance	1162345	PASSED	15	694	339	115	165	15	15	15	11	15	4	17	0	180327805	595
1776358115349	S8_InvestSettlementEdge	1162345	PASSED	50	246	100	0	0	0	0	50	68	16	12	51	0	101772119	415
1776358120653	S9_MultiAdapterMix	1162345	PASSED	50	1376	772	0	387	49	49	50	47	9	13	102	0	459849870	1399
1776358125629	S10_InterleavedOperations	1162345	PASSED	50	693	195	33	211	60	60	50	40	21	23	149	0	297413258	1063
1776358130612	S1_DepositRedeemMix	1172345	PASSED	50	1196	794	396	0	0	0	0	0	4	2	51	0	279311592	1083
1776358135461	S2_AsyncRedeemFullCycle	1172345	PASSED	50	483	57	0	311	50	50	0	0	9	6	151	0	277851373	947
1776358141423	S3_RebalanceSettlement	1172345	PASSED	50	1813	924	0	650	49	49	50	73	9	9	201	0	728864933	2031
1776358145620	S4_ExchangeRateFeeAccrual	1172345	PASSED	50	227	135	33	0	0	0	0	0	50	9	50	0	66322050	317
1776358151246	S5_SanctionedUserInterlace	1172345	PASSED	50	2207	1757	392	16	16	16	0	0	6	4	51	0	551077583	1721
1776358155698	S6_InFlightEdgeCases	1172345	PASSED	50	409	138	20	76	29	29	58	31	16	12	51	0	143029684	539
1776358160349	S7_FullProtocolEndurance	1172345	PASSED	15	946	542	124	200	15	15	15	16	15	4	17	0	238388965	761
1776358164650	S8_InvestSettlementEdge	1172345	PASSED	50	246	100	0	0	0	0	50	68	16	12	51	0	101800910	400
1776358170025	S9_MultiAdapterMix	1172345	PASSED	50	1513	861	0	430	48	48	50	54	9	13	102	0	510701495	1486
1776358175029	S10_InterleavedOperations	1172345	PASSED	50	694	190	47	214	61	61	50	27	21	23	150	0	294989799	1058
1776358180048	S1_DepositRedeemMix	1182345	PASSED	50	1229	801	422	0	0	0	0	0	4	2	51	0	287544939	1130
1776358184825	S2_AsyncRedeemFullCycle	1182345	PASSED	50	426	55	0	260	48	48	0	0	9	6	151	0	248297021	879
1776358190709	S3_RebalanceSettlement	1182345	PASSED	50	1719	885	0	601	49	49	50	67	9	9	201	0	681734794	1973
1776358194904	S4_ExchangeRateFeeAccrual	1182345	PASSED	50	206	120	27	0	0	0	0	0	50	9	50	0	63213056	296
1776358200474	S5_SanctionedUserInterlace	1182345	PASSED	50	2064	1634	369	17	17	17	0	0	6	4	51	0	513460502	1664
1776358204926	S6_InFlightEdgeCases	1182345	PASSED	50	429	157	20	79	28	28	58	31	16	12	51	0	146269522	562
1776358209626	S7_FullProtocolEndurance	1182345	PASSED	15	971	592	132	163	15	15	15	20	15	4	17	0	234351864	796
1776358213960	S8_InvestSettlementEdge	1182345	PASSED	50	244	100	0	0	0	0	50	66	16	12	51	0	100918386	399
1776358219254	S9_MultiAdapterMix	1182345	PASSED	50	1390	774	0	396	48	48	50	52	9	13	102	0	468471704	1383
1776358224224	S10_InterleavedOperations	1182345	PASSED	50	650	188	52	180	57	57	50	24	20	22	147	0	273858985	1061
1776358229195	S1_DepositRedeemMix	1192345	PASSED	50	1146	783	357	0	0	0	0	0	4	2	51	0	267397938	1045
1776358234106	S2_AsyncRedeemFullCycle	1192345	PASSED	50	522	57	0	350	50	50	0	0	9	6	151	0	303060569	1009
1776358240026	S3_RebalanceSettlement	1192345	PASSED	50	1754	866	0	661	50	50	50	59	9	9	201	0	709718150	2003
1776358244205	S4_ExchangeRateFeeAccrual	1192345	PASSED	50	171	94	18	0	0	0	0	0	50	9	50	0	57903618	272
1776358249827	S5_SanctionedUserInterlace	1192345	PASSED	50	2181	1757	363	17	17	17	0	0	6	4	51	0	540221483	1714
1776358254257	S6_InFlightEdgeCases	1192345	PASSED	50	421	149	5	89	30	30	58	32	16	12	51	0	147674257	538
1776358258881	S7_FullProtocolEndurance	1192345	PASSED	15	863	430	141	214	15	15	15	14	15	4	17	0	227463891	735
1776358263207	S8_InvestSettlementEdge	1192345	PASSED	50	239	100	0	0	0	0	50	61	16	12	51	0	99037787	395
1776358268597	S9_MultiAdapterMix	1192345	PASSED	50	1461	818	0	424	48	48	50	51	9	13	102	0	496540145	1451
1776358273543	S10_InterleavedOperations	1192345	PASSED	50	700	227	35	203	57	57	50	29	20	22	146	0	289199430	1044
1776358278692	S1_DepositRedeemMix	1202345	PASSED	50	1408	897	505	0	0	0	0	0	4	2	51	0	331503467	1243
1776358283575	S2_AsyncRedeemFullCycle	1202345	PASSED	50	516	52	0	349	50	50	0	0	9	6	151	0	298916619	1002
1776358289560	S3_RebalanceSettlement	1202345	PASSED	50	1847	873	0	739	50	50	50	67	9	9	201	0	765732183	2086
1776358293768	S4_ExchangeRateFeeAccrual	1202345	PASSED	50	189	109	21	0	0	0	0	0	50	9	50	0	60326308	300
1776358299370	S5_SanctionedUserInterlace	1202345	PASSED	50	2049	1596	392	17	17	17	0	0	6	4	51	0	503636808	1695
1776358303825	S6_InFlightEdgeCases	1202345	PASSED	50	405	140	16	72	25	25	58	41	16	12	51	0	144397743	550
1776358308523	S7_FullProtocolEndurance	1202345	PASSED	15	1000	567	127	231	15	15	15	11	15	4	17	0	256852394	805
1776358312803	S8_InvestSettlementEdge	1202345	PASSED	50	246	100	0	0	0	0	50	68	16	12	51	0	101768077	402
1776358318107	S9_MultiAdapterMix	1202345	PASSED	50	1426	858	0	350	49	49	50	48	9	13	102	0	460210386	1402
1776358322965	S10_InterleavedOperations	1202345	PASSED	50	620	209	31	154	54	54	50	26	20	22	144	0	257743980	958
1776358328138	S1_DepositRedeemMix	1212345	PASSED	50	1348	904	438	0	0	0	0	0	4	2	51	0	317378310	1234
1776358333011	S2_AsyncRedeemFullCycle	1212345	PASSED	50	499	55	0	329	50	50	0	0	9	6	151	0	288378873	966
1776358338976	S3_RebalanceSettlement	1212345	PASSED	50	1840	840	0	760	50	50	50	72	9	9	201	0	773720382	2089
1776358343181	S4_ExchangeRateFeeAccrual	1212345	PASSED	50	202	122	21	0	0	0	0	0	50	9	50	0	62676443	292
1776358348841	S5_SanctionedUserInterlace	1212345	PASSED	50	2189	1799	329	17	17	17	0	0	6	4	51	0	543465481	1711
1776358353306	S6_InFlightEdgeCases	1212345	PASSED	50	419	152	12	82	29	29	58	29	16	12	51	0	145999138	547
1776358357990	S7_FullProtocolEndurance	1212345	PASSED	15	924	535	96	218	15	15	15	11	15	4	17	0	237837239	786
1776358362320	S8_InvestSettlementEdge	1212345	PASSED	50	241	100	0	0	0	0	50	63	16	12	51	0	99766168	428
1776358367689	S9_MultiAdapterMix	1212345	PASSED	50	1535	883	0	428	50	50	50	52	9	13	102	0	513360009	1480
1776358372596	S10_InterleavedOperations	1212345	PASSED	50	657	205	34	189	54	54	50	29	20	22	143	0	276678627	1005
1776358377602	S1_DepositRedeemMix	1222345	PASSED	50	1207	811	390	0	0	0	0	0	4	2	51	0	281360443	1105
1776358382462	S2_AsyncRedeemFullCycle	1222345	PASSED	50	503	55	0	333	50	50	0	0	9	6	151	0	291747837	971
1776358388433	S3_RebalanceSettlement	1222345	PASSED	50	1784	924	0	633	49	49	50	61	9	9	201	0	712101472	2101
1776358392661	S4_ExchangeRateFeeAccrual	1222345	PASSED	50	182	106	17	0	0	0	0	0	50	9	50	0	59497973	279
1776358398336	S5_SanctionedUserInterlace	1222345	PASSED	50	2275	1875	339	17	17	17	0	0	6	4	51	0	563514123	1767
1776358402759	S6_InFlightEdgeCases	1222345	PASSED	50	354	116	17	63	22	22	58	28	16	12	51	0	129635975	493
1776358407449	S7_FullProtocolEndurance	1222345	PASSED	15	959	559	113	210	15	15	15	13	15	4	17	0	242999454	773
1776358411767	S8_InvestSettlementEdge	1222345	PASSED	50	246	100	0	0	0	0	50	68	16	12	51	0	101790938	414
1776358417183	S9_MultiAdapterMix	1222345	PASSED	50	1531	855	0	457	50	50	50	47	9	13	102	0	520555697	1505
1776358422122	S10_InterleavedOperations	1222345	PASSED	50	684	212	36	194	58	58	50	34	20	22	148	0	286493933	1036
1776358427213	S1_DepositRedeemMix	1232345	PASSED	50	1322	882	434	0	0	0	0	0	4	2	51	0	309006001	1186
1776358432122	S2_AsyncRedeemFullCycle	1232345	PASSED	50	532	57	0	360	50	50	0	0	9	6	151	0	304229442	1017
1776358437919	S3_RebalanceSettlement	1232345	PASSED	50	1616	816	0	577	49	49	50	57	9	9	201	0	644043048	1886
1776358442094	S4_ExchangeRateFeeAccrual	1232345	PASSED	50	181	107	15	0	0	0	0	0	50	9	50	0	59320509	279
1776358447653	S5_SanctionedUserInterlace	1232345	PASSED	50	2087	1680	346	17	17	17	0	0	6	4	51	0	518305265	1669
1776358452157	S6_InFlightEdgeCases	1232345	PASSED	50	435	164	20	79	25	25	58	36	16	12	51	0	150886557	554
1776358456848	S7_FullProtocolEndurance	1232345	PASSED	15	958	517	161	204	15	15	15	12	15	4	17	0	242805391	805
1776358461150	S8_InvestSettlementEdge	1232345	PASSED	50	242	100	0	0	0	0	50	64	16	12	51	0	100055673	396
1776358466569	S9_MultiAdapterMix	1232345	PASSED	50	1575	867	0	486	50	50	50	50	9	13	102	0	542921807	1538
1776358471515	S10_InterleavedOperations	1232345	PASSED	50	691	182	46	216	62	62	50	29	21	23	150	0	294673575	1056
1776358476430	S1_DepositRedeemMix	1242345	PASSED	50	1115	768	341	0	0	0	0	0	4	2	51	0	259712326	1024
1776358481299	S2_AsyncRedeemFullCycle	1242345	PASSED	50	484	53	0	320	48	48	0	0	9	6	151	0	282276901	948
1776358487203	S3_RebalanceSettlement	1242345	PASSED	50	1806	906	0	671	50	50	50	61	9	9	201	0	728746146	2025
1776358491436	S4_ExchangeRateFeeAccrual	1242345	PASSED	50	207	124	24	0	0	0	0	0	50	9	50	0	63297569	312
1776358496929	S5_SanctionedUserInterlace	1242345	PASSED	50	2021	1626	334	17	17	17	0	0	6	4	51	0	501509262	1616
1776358501331	S6_InFlightEdgeCases	1242345	PASSED	50	366	126	16	62	24	24	58	28	16	12	51	0	132151117	506
1776358505899	S7_FullProtocolEndurance	1242345	PASSED	15	769	400	103	189	15	15	15	13	15	4	17	0	201411550	645
1776358510182	S8_InvestSettlementEdge	1242345	PASSED	50	242	100	0	0	0	0	50	64	16	12	51	0	100212182	397
1776358515515	S9_MultiAdapterMix	1242345	PASSED	50	1444	833	0	391	48	48	50	52	9	13	102	0	479288331	1420
1776358520476	S10_InterleavedOperations	1242345	PASSED	50	693	198	48	208	59	59	50	27	21	23	148	0	290810467	1045
1776358525571	S1_DepositRedeemMix	1252345	PASSED	50	1255	802	447	0	0	0	0	0	4	2	51	0	293739056	1153
1776358530429	S2_AsyncRedeemFullCycle	1252345	PASSED	50	500	55	0	332	49	49	0	0	9	6	151	0	287465093	961
1776358536264	S3_RebalanceSettlement	1252345	PASSED	50	1672	831	0	615	50	50	50	58	9	9	201	0	671456395	1947
1776358540515	S4_ExchangeRateFeeAccrual	1252345	PASSED	50	231	139	33	0	0	0	0	0	50	9	50	0	66751260	316
1776358546109	S5_SanctionedUserInterlace	1252345	PASSED	50	2045	1637	347	17	17	17	0	0	6	4	51	0	504908990	1693
1776358550561	S6_InFlightEdgeCases	1252345	PASSED	50	417	143	26	71	27	27	58	37	16	12	51	0	145869250	531
1776358555176	S7_FullProtocolEndurance	1252345	PASSED	15	884	487	123	193	15	15	15	17	15	4	17	0	224504875	720
1776358559482	S8_InvestSettlementEdge	1252345	PASSED	50	241	100	0	0	0	0	50	63	16	12	51	0	99743761	408
1776358564823	S9_MultiAdapterMix	1252345	PASSED	50	1469	839	0	399	48	48	50	63	9	13	102	0	494763264	1439
1776358569816	S10_InterleavedOperations	1252345	PASSED	50	749	223	49	237	58	58	50	34	19	21	147	0	314699539	1110
1776358574894	S1_DepositRedeemMix	1262345	PASSED	50	1303	874	423	0	0	0	0	0	4	2	51	0	304348201	1162
1776358579783	S2_AsyncRedeemFullCycle	1262345	PASSED	50	494	58	0	323	49	49	0	0	9	6	151	0	285481076	965
1776358585710	S3_RebalanceSettlement	1262345	PASSED	50	1781	916	0	632	50	50	50	65	9	9	201	0	708045692	2014
1776358589878	S4_ExchangeRateFeeAccrual	1262345	PASSED	50	203	118	26	0	0	0	0	0	50	9	50	0	62722327	293
1776358595432	S5_SanctionedUserInterlace	1262345	PASSED	50	2129	1697	371	17	17	17	0	0	6	4	51	0	526271989	1667
1776358599853	S6_InFlightEdgeCases	1262345	PASSED	50	348	106	13	60	27	27	58	29	16	12	51	0	127709306	494
1776358604546	S7_FullProtocolEndurance	1262345	PASSED	15	982	528	137	235	15	15	15	18	15	4	17	0	258323452	799
1776358608823	S8_InvestSettlementEdge	1262345	PASSED	50	241	100	0	0	0	0	50	63	16	12	51	0	99684929	395
1776358614205	S9_MultiAdapterMix	1262345	PASSED	50	1511	863	0	415	50	50	50	61	9	13	102	0	506869483	1490
1776358619115	S10_InterleavedOperations	1262345	PASSED	50	658	200	46	173	55	55	50	35	21	23	147	0	274599691	1022
1776358624217	S1_DepositRedeemMix	1272345	PASSED	50	1349	882	461	0	0	0	0	0	4	2	51	0	318555690	1208
1776358628996	S2_AsyncRedeemFullCycle	1272345	PASSED	50	426	52	0	261	49	49	0	0	9	6	151	0	251235615	881
1776358634998	S3_RebalanceSettlement	1272345	PASSED	50	1834	821	0	772	49	49	50	75	9	9	201	0	777610404	2104
1776358639220	S4_ExchangeRateFeeAccrual	1272345	PASSED	50	196	108	29	0	0	0	0	0	50	9	50	0	61680542	294
1776358644749	S5_SanctionedUserInterlace	1272345	PASSED	50	2064	1636	367	17	17	17	0	0	6	4	51	0	504249333	1649
1776358649216	S6_InFlightEdgeCases	1272345	PASSED	50	430	150	21	85	29	29	58	30	16	12	51	0	148710537	547
1776358653815	S7_FullProtocolEndurance	1272345	PASSED	15	856	447	115	218	15	15	15	12	15	4	17	0	226204158	715
1776358658106	S8_InvestSettlementEdge	1272345	PASSED	50	242	100	0	0	0	0	50	64	16	12	51	0	100129094	401
1776358663482	S9_MultiAdapterMix	1272345	PASSED	50	1531	869	0	440	49	49	50	52	9	13	102	0	516831693	1503
1776358668351	S10_InterleavedOperations	1272345	PASSED	50	599	157	45	166	54	54	50	31	20	22	144	0	261129319	962
1776358673400	S1_DepositRedeemMix	1282345	PASSED	50	1232	795	431	0	0	0	0	0	4	2	51	0	288259598	1121
1776358678254	S2_AsyncRedeemFullCycle	1282345	PASSED	50	481	54	0	312	50	50	0	0	9	6	151	0	278457514	957
1776358684184	S3_RebalanceSettlement	1282345	PASSED	50	1763	913	0	615	50	50	50	67	9	9	201	0	701744763	2026
1776358688376	S4_ExchangeRateFeeAccrual	1282345	PASSED	50	179	102	18	0	0	0	0	0	50	9	50	0	58758642	279
1776358694104	S5_SanctionedUserInterlace	1282345	PASSED	50	2316	1890	365	17	17	17	0	0	6	4	51	0	575145342	1825
1776358698568	S6_InFlightEdgeCases	1282345	PASSED	50	410	143	18	80	24	24	58	35	16	12	51	0	144192426	528
1776358703162	S7_FullProtocolEndurance	1282345	PASSED	15	860	502	107	174	15	15	15	13	15	4	17	0	212854873	710
1776358707463	S8_InvestSettlementEdge	1282345	PASSED	50	237	100	0	0	0	0	50	59	16	12	51	0	98007327	406
1776358712819	S9_MultiAdapterMix	1282345	PASSED	50	1508	838	0	453	50	50	50	45	9	13	102	0	512436349	1473
1776358717743	S10_InterleavedOperations	1282345	PASSED	50	655	176	35	199	60	60	50	31	21	23	149	0	282285400	1031
1776358722872	S1_DepositRedeemMix	1292345	PASSED	50	1321	870	445	0	0	0	0	0	4	2	51	0	308896525	1215
1776358727710	S2_AsyncRedeemFullCycle	1292345	PASSED	50	456	53	0	290	49	49	0	0	9	6	151	0	264959970	944
1776358733698	S3_RebalanceSettlement	1292345	PASSED	50	1783	895	0	657	49	49	50	65	9	9	201	0	718311511	2103
1776358737883	S4_ExchangeRateFeeAccrual	1292345	PASSED	50	203	124	20	0	0	0	0	0	50	9	50	0	62751257	294
1776358743476	S5_SanctionedUserInterlace	1292345	PASSED	50	2125	1716	348	17	17	17	0	0	6	4	51	0	526645749	1677
1776358747947	S6_InFlightEdgeCases	1292345	PASSED	50	408	147	18	71	27	27	58	32	16	12	51	0	144299559	533
1776358752605	S7_FullProtocolEndurance	1292345	PASSED	15	933	496	135	225	15	15	15	13	15	4	17	0	243724334	763
1776358756885	S8_InvestSettlementEdge	1292345	PASSED	50	240	100	0	0	0	0	50	62	16	12	51	0	99373290	396
1776358762292	S9_MultiAdapterMix	1292345	PASSED	50	1560	946	0	385	50	50	50	57	9	13	102	0	506906828	1499
1776358767244	S10_InterleavedOperations	1292345	PASSED	50	681	200	34	208	56	56	50	33	21	23	146	0	289650482	1037
1776358772054	S1_DepositRedeemMix	1302345	PASSED	50	963	654	303	0	0	0	0	0	4	2	51	0	226874446	936
1776358776920	S2_AsyncRedeemFullCycle	1302345	PASSED	50	476	56	0	309	48	48	0	0	9	6	151	0	275383310	935
1776358782853	S3_RebalanceSettlement	1302345	PASSED	50	1818	876	0	698	50	50	50	76	9	9	201	0	746090775	2039
1776358787109	S4_ExchangeRateFeeAccrual	1302345	PASSED	50	250	156	35	0	0	0	0	0	50	9	50	0	69958251	329
1776358792775	S5_SanctionedUserInterlace	1302345	PASSED	50	2192	1803	328	17	17	17	0	0	6	4	51	0	540551907	1788
1776358797228	S6_InFlightEdgeCases	1302345	PASSED	50	369	112	18	67	27	27	58	32	16	12	51	0	138032251	508
1776358801872	S7_FullProtocolEndurance	1302345	PASSED	15	924	532	161	152	15	15	15	15	15	4	17	0	222594755	743
1776358806165	S8_InvestSettlementEdge	1302345	PASSED	50	240	100	0	0	0	0	50	62	16	12	51	0	99566019	398
1776358811519	S9_MultiAdapterMix	1302345	PASSED	50	1460	851	0	401	48	48	50	40	9	13	102	0	485949738	1432
1776358816488	S10_InterleavedOperations	1302345	PASSED	50	733	214	60	206	59	59	50	41	21	23	149	0	305220870	1077
1776358821633	S1_DepositRedeemMix	1312345	PASSED	50	1378	901	471	0	0	0	0	0	4	2	51	0	325400179	1264
1776358826463	S2_AsyncRedeemFullCycle	1312345	PASSED	50	447	54	0	284	47	47	0	0	9	6	151	0	262618703	908
1776358832416	S3_RebalanceSettlement	1312345	PASSED	50	1842	924	0	686	49	49	50	66	9	9	201	0	749082149	2069
1776358836610	S4_ExchangeRateFeeAccrual	1312345	PASSED	50	194	114	21	0	0	0	0	0	50	9	50	0	61436437	306
1776358842161	S5_SanctionedUserInterlace	1312345	PASSED	50	1989	1602	326	17	17	17	0	0	6	4	51	0	497023682	1629
1776358846615	S6_InFlightEdgeCases	1312345	PASSED	50	443	154	13	90	31	31	58	38	16	12	51	0	153841852	555
1776358851163	S7_FullProtocolEndurance	1312345	PASSED	15	816	457	125	156	15	15	15	14	15	4	17	0	200649181	666
1776358855472	S8_InvestSettlementEdge	1312345	PASSED	50	245	100	0	0	0	0	50	67	16	12	51	0	101528553	423
1776358860925	S9_MultiAdapterMix	1312345	PASSED	50	1624	918	0	475	50	50	50	59	9	13	102	0	559476832	1554
1776358865877	S10_InterleavedOperations	1312345	PASSED	50	682	203	57	187	58	58	50	27	20	22	147	0	284122670	1051
1776358870957	S1_DepositRedeemMix	1322345	PASSED	50	1328	874	448	0	0	0	0	0	4	2	51	0	314268616	1186
1776358875774	S2_AsyncRedeemFullCycle	1322345	PASSED	50	474	54	0	307	49	49	0	0	9	6	151	0	273534898	932
1776358881676	S3_RebalanceSettlement	1322345	PASSED	50	1732	846	0	649	50	50	50	69	9	9	201	0	708320280	2007
1776358885856	S4_ExchangeRateFeeAccrual	1322345	PASSED	50	190	112	19	0	0	0	0	0	50	9	50	0	60538897	286
1776358891338	S5_SanctionedUserInterlace	1322345	PASSED	50	1982	1597	324	17	17	17	0	0	6	4	51	0	492898181	1596
1776358895774	S6_InFlightEdgeCases	1322345	PASSED	50	396	133	15	75	27	27	58	33	16	12	51	0	141943680	539
1776358900407	S7_FullProtocolEndurance	1322345	PASSED	15	858	480	115	185	15	15	15	14	15	4	17	0	218191613	707
1776358904733	S8_InvestSettlementEdge	1322345	PASSED	50	244	100	0	0	0	0	50	66	16	12	51	0	101160770	401
1776358910233	S9_MultiAdapterMix	1322345	PASSED	50	1634	916	0	491	48	48	50	59	9	13	102	0	567223648	1580
1776358915165	S10_InterleavedOperations	1322345	PASSED	50	681	228	45	173	57	57	50	29	20	22	148	0	279599669	1041
1776358920151	S1_DepositRedeemMix	1332345	PASSED	50	1169	770	393	0	0	0	0	0	4	2	51	0	276058016	1077
1776358925005	S2_AsyncRedeemFullCycle	1332345	PASSED	50	453	55	0	285	49	49	0	0	9	6	151	0	265360408	923
1776358931102	S3_RebalanceSettlement	1332345	PASSED	50	1707	770	0	713	50	50	50	56	9	9	201	0	722775288	2161
1776358935321	S4_ExchangeRateFeeAccrual	1332345	PASSED	50	219	130	30	0	0	0	0	0	50	9	50	0	65251390	310
1776358941048	S5_SanctionedUserInterlace	1332345	PASSED	50	2345	1860	424	17	17	17	0	0	6	4	51	0	594507215	1836
1776358945538	S6_InFlightEdgeCases	1332345	PASSED	50	424	160	9	86	26	26	58	31	16	12	51	0	148510594	568
1776358950174	S7_FullProtocolEndurance	1332345	PASSED	15	864	412	133	243	15	15	15	12	15	4	17	0	237563307	733
1776358954500	S8_InvestSettlementEdge	1332345	PASSED	50	240	100	0	0	0	0	50	62	16	12	51	0	99631618	399
1776358959906	S9_MultiAdapterMix	1332345	PASSED	50	1467	810	0	437	50	50	50	48	9	13	102	0	502217133	1461
1776358964855	S10_InterleavedOperations	1332345	PASSED	50	713	207	46	220	59	59	50	28	21	23	149	0	301279170	1066
1776358969882	S1_DepositRedeemMix	1342345	PASSED	50	1249	820	423	0	0	0	0	0	4	2	51	0	294720863	1151
1776358974740	S2_AsyncRedeemFullCycle	1342345	PASSED	50	511	57	0	341	49	49	0	0	9	6	151	0	293828598	969
1776358980830	S3_RebalanceSettlement	1342345	PASSED	50	1937	1038	0	651	50	50	50	80	9	9	201	0	769648983	2135
1776358984993	S4_ExchangeRateFeeAccrual	1342345	PASSED	50	194	118	17	0	0	0	0	0	50	9	50	0	61494996	289
1776358990595	S5_SanctionedUserInterlace	1342345	PASSED	50	2167	1775	331	17	17	17	0	0	6	4	51	0	541415521	1698
1776358995069	S6_InFlightEdgeCases	1342345	PASSED	50	395	140	10	70	24	24	58	41	16	12	51	0	142789138	525
1776358999749	S7_FullProtocolEndurance	1342345	PASSED	15	944	498	164	203	15	15	15	15	15	4	17	0	242540251	803
1776359004056	S8_InvestSettlementEdge	1342345	PASSED	50	234	100	0	0	0	0	50	56	16	12	51	0	97058864	407
1776359009424	S9_MultiAdapterMix	1342345	PASSED	50	1498	870	0	417	47	47	50	45	9	13	102	0	503238076	1478
1776359014396	S10_InterleavedOperations	1342345	PASSED	50	666	186	37	195	58	58	50	38	21	23	149	0	287337741	1044
1776359019311	S1_DepositRedeemMix	1352345	PASSED	50	1078	723	349	0	0	0	0	0	4	2	51	0	254562814	1024
1776359024162	S2_AsyncRedeemFullCycle	1352345	PASSED	50	489	53	0	321	50	50	0	0	9	6	151	0	284308601	960
1776359029993	S3_RebalanceSettlement	1352345	PASSED	50	1580	795	0	551	50	50	50	66	9	9	201	0	631528649	1929
1776359034201	S4_ExchangeRateFeeAccrual	1352345	PASSED	50	213	129	25	0	0	0	0	0	50	9	50	0	64326732	301
1776359039890	S5_SanctionedUserInterlace	1352345	PASSED	50	2178	1794	323	17	17	17	0	0	6	4	51	0	543431814	1771
1776359044347	S6_InFlightEdgeCases	1352345	PASSED	50	405	144	19	72	25	25	58	34	16	12	51	0	142726362	531
1776359049001	S7_FullProtocolEndurance	1352345	PASSED	15	793	440	120	159	15	15	15	10	15	4	17	0	197687764	716
1776359053315	S8_InvestSettlementEdge	1352345	PASSED	50	244	100	0	0	0	0	50	66	16	12	51	0	101294839	404
1776359058670	S9_MultiAdapterMix	1352345	PASSED	50	1496	893	0	394	49	49	50	39	9	13	102	0	492475262	1455
1776359063592	S10_InterleavedOperations	1352345	PASSED	50	657	220	31	179	52	52	50	29	21	23	144	0	274412297	1013
1776359068664	S1_DepositRedeemMix	1362345	PASSED	50	1183	780	397	0	0	0	0	0	4	2	51	0	278970068	1134
1776359073589	S2_AsyncRedeemFullCycle	1362345	PASSED	50	501	56	0	330	50	50	0	0	9	6	151	0	288741392	1031
1776359079417	S3_RebalanceSettlement	1362345	PASSED	50	1640	821	0	595	49	49	50	58	9	9	201	0	659511051	1904
1776359083635	S4_ExchangeRateFeeAccrual	1362345	PASSED	50	214	130	25	0	0	0	0	0	50	9	50	0	64516750	312
1776359089259	S5_SanctionedUserInterlace	1362345	PASSED	50	2185	1698	426	17	17	17	0	0	6	4	51	0	542344383	1718
1776359093735	S6_InFlightEdgeCases	1362345	PASSED	50	406	137	17	87	28	28	58	23	16	12	51	0	146553139	545
1776359098386	S7_FullProtocolEndurance	1362345	PASSED	15	880	524	103	177	15	15	15	12	15	4	17	0	218627595	712
1776359102655	S8_InvestSettlementEdge	1362345	PASSED	50	243	100	0	0	0	0	50	65	16	12	51	0	100888334	412
1776359108125	S9_MultiAdapterMix	1362345	PASSED	50	1499	796	0	480	50	50	50	51	9	13	102	0	528339455	1546
1776359113032	S10_InterleavedOperations	1362345	PASSED	50	630	198	33	167	54	54	50	32	20	22	144	0	267336938	982
1776359118137	S1_DepositRedeemMix	1372345	PASSED	50	1307	857	444	0	0	0	0	0	4	2	51	0	309083671	1197
1776359123013	S2_AsyncRedeemFullCycle	1372345	PASSED	50	447	53	0	281	49	49	0	0	9	6	151	0	258832110	907
1776359129016	S3_RebalanceSettlement	1372345	PASSED	50	1869	929	0	693	50	50	50	79	9	9	201	0	764777310	2099
1776359133230	S4_ExchangeRateFeeAccrual	1372345	PASSED	50	196	121	16	0	0	0	0	0	50	9	50	0	61552882	311
1776359138943	S5_SanctionedUserInterlace	1372345	PASSED	50	2290	1873	356	17	17	17	0	0	6	4	51	0	580843501	1810
1776359143356	S6_InFlightEdgeCases	1372345	PASSED	50	360	117	9	64	26	26	58	32	16	12	51	0	132979397	505
1776359147939	S7_FullProtocolEndurance	1372345	PASSED	15	792	447	115	153	14	14	15	15	15	4	17	0	195767293	657
1776359152247	S8_InvestSettlementEdge	1372345	PASSED	50	240	100	0	0	0	0	50	62	16	12	51	0	99596842	396
1776359157589	S9_MultiAdapterMix	1372345	PASSED	50	1462	798	0	448	48	48	50	48	9	13	102	0	504957994	1458
1776359162600	S10_InterleavedOperations	1372345	PASSED	50	716	199	42	230	59	59	50	33	21	23	149	0	307749454	1080
1776359167680	S1_DepositRedeemMix	1382345	PASSED	50	1277	845	426	0	0	0	0	0	4	2	51	0	303118261	1157
1776359172584	S2_AsyncRedeemFullCycle	1382345	PASSED	50	493	52	0	326	50	50	0	0	9	6	151	0	286326623	966
1776359178406	S3_RebalanceSettlement	1382345	PASSED	50	1622	757	0	638	49	49	50	61	9	9	201	0	672631221	1928
1776359182648	S4_ExchangeRateFeeAccrual	1382345	PASSED	50	194	114	21	0	0	0	0	0	50	9	50	0	61406456	319
1776359188298	S5_SanctionedUserInterlace	1382345	PASSED	50	2137	1687	389	17	17	17	0	0	6	4	51	0	528074676	1736
1776359192741	S6_InFlightEdgeCases	1382345	PASSED	50	363	124	16	65	22	22	58	28	16	12	51	0	133220457	518
1776359197453	S7_FullProtocolEndurance	1382345	PASSED	15	973	563	132	199	15	15	15	15	15	4	17	0	245796454	796
1776359201788	S8_InvestSettlementEdge	1382345	PASSED	50	244	100	0	0	0	0	50	66	16	12	51	0	101392171	406
1776359207241	S9_MultiAdapterMix	1382345	PASSED	50	1626	970	0	424	50	50	50	60	9	13	102	0	542158222	1570
1776359212199	S10_InterleavedOperations	1382345	PASSED	50	697	200	42	211	57	57	50	36	21	23	145	0	295023458	1055
1776359217245	S1_DepositRedeemMix	1392345	PASSED	50	1258	833	419	0	0	0	0	0	4	2	51	0	296297641	1138
1776359222228	S2_AsyncRedeemFullCycle	1392345	PASSED	50	535	55	0	365	50	50	0	0	9	6	151	0	309558201	1070
1776359228212	S3_RebalanceSettlement	1392345	PASSED	50	1842	910	0	699	50	50	50	65	9	9	201	0	760013236	2082
1776359232412	S4_ExchangeRateFeeAccrual	1392345	PASSED	50	182	104	19	0	0	0	0	0	50	9	50	0	60044557	282
1776359238033	S5_SanctionedUserInterlace	1392345	PASSED	50	2137	1706	370	17	17	17	0	0	6	4	51	0	531942601	1690
1776359242474	S6_InFlightEdgeCases	1392345	PASSED	50	396	133	14	81	26	26	58	30	16	12	51	0	143623589	525
1776359247132	S7_FullProtocolEndurance	1392345	PASSED	15	837	462	105	193	15	15	15	13	15	4	17	0	215471378	717
1776359251476	S8_InvestSettlementEdge	1392345	PASSED	50	242	100	0	0	0	0	50	64	16	12	51	0	100441523	412
1776359256795	S9_MultiAdapterMix	1392345	PASSED	50	1391	765	0	404	48	48	50	54	9	13	102	0	475582664	1400
1776359261743	S10_InterleavedOperations	1392345	PASSED	50	672	206	48	184	56	56	50	32	19	21	145	0	281301768	1025
1776359266743	S1_DepositRedeemMix	1402345	PASSED	50	1077	720	351	0	0	0	0	0	4	2	51	0	254357131	1097
1776359271615	S2_AsyncRedeemFullCycle	1402345	PASSED	50	489	55	0	321	49	49	0	0	9	6	151	0	284385533	976
1776359277496	S3_RebalanceSettlement	1402345	PASSED	50	1723	854	0	641	48	48	50	64	9	9	201	0	702358817	1979
1776359281713	S4_ExchangeRateFeeAccrual	1402345	PASSED	50	207	118	30	0	0	0	0	0	50	9	50	0	63789085	317
1776359287142	S5_SanctionedUserInterlace	1402345	PASSED	50	1875	1475	339	17	17	17	0	0	6	4	51	0	466340822	1531
1776359291642	S6_InFlightEdgeCases	1402345	PASSED	50	404	152	12	66	27	27	58	34	16	12	51	0	140986333	537
1776359296381	S7_FullProtocolEndurance	1402345	PASSED	15	1032	571	147	236	15	15	15	14	15	4	17	0	269656780	838
1776359300722	S8_InvestSettlementEdge	1402345	PASSED	50	240	100	0	0	0	0	50	62	16	12	51	0	99542626	396
1776359306022	S9_MultiAdapterMix	1402345	PASSED	50	1386	795	0	383	49	49	50	38	9	13	102	0	461885678	1397
1776359311003	S10_InterleavedOperations	1402345	PASSED	50	710	223	48	209	55	55	50	28	20	22	145	0	295845458	1075
1776359315923	S1_DepositRedeemMix	1412345	PASSED	50	1088	723	359	0	0	0	0	0	4	2	51	0	256963094	1033
1776359320864	S2_AsyncRedeemFullCycle	1412345	PASSED	50	500	59	0	326	50	50	0	0	9	6	151	0	287784644	967
1776359326641	S3_RebalanceSettlement	1412345	PASSED	50	1604	789	0	600	49	49	50	49	9	9	201	0	650524871	1880
1776359330841	S4_ExchangeRateFeeAccrual	1412345	PASSED	50	178	97	22	0	0	0	0	0	50	9	50	0	58889913	280
1776359336639	S5_SanctionedUserInterlace	1412345	PASSED	50	2430	1944	425	17	17	17	0	0	6	4	51	0	622618771	1900
1776359341134	S6_InFlightEdgeCases	1412345	PASSED	50	429	162	11	76	27	27	58	40	16	12	51	0	150320644	547
1776359345761	S7_FullProtocolEndurance	1412345	PASSED	15	820	440	140	166	15	15	15	10	15	4	17	0	205329548	680
1776359350084	S8_InvestSettlementEdge	1412345	PASSED	50	246	100	0	0	0	0	50	68	16	12	51	0	102103542	400
1776359355538	S9_MultiAdapterMix	1412345	PASSED	50	1557	906	0	437	50	50	50	42	9	13	102	0	522989919	1525
1776359360502	S10_InterleavedOperations	1412345	PASSED	50	674	208	45	183	56	56	50	34	20	22	146	0	282760330	1022
1776359365532	S1_DepositRedeemMix	1422345	PASSED	50	1198	791	401	0	0	0	0	0	4	2	51	0	282568972	1109
1776359370605	S2_AsyncRedeemFullCycle	1422345	PASSED	50	579	56	0	412	48	48	0	0	9	6	151	0	336805958	1125
1776359376432	S3_RebalanceSettlement	1422345	PASSED	50	1595	775	0	590	50	50	50	62	9	9	201	0	649267984	1910
1776359380679	S4_ExchangeRateFeeAccrual	1422345	PASSED	50	209	124	26	0	0	0	0	0	50	9	50	0	63988698	313
1776359386169	S5_SanctionedUserInterlace	1422345	PASSED	50	2022	1669	292	17	17	17	0	0	6	4	51	0	502942218	1612
1776359390591	S6_InFlightEdgeCases	1422345	PASSED	50	411	159	15	66	28	28	58	29	16	12	51	0	139723929	527
1776359395182	S7_FullProtocolEndurance	1422345	PASSED	15	877	473	134	190	15	15	15	16	15	4	17	0	225100066	725
1776359399479	S8_InvestSettlementEdge	1422345	PASSED	50	235	100	0	0	0	0	50	57	16	12	51	0	97596043	414
1776359404819	S9_MultiAdapterMix	1422345	PASSED	50	1399	825	0	346	49	49	50	58	9	13	102	0	458528635	1393
1776359409767	S10_InterleavedOperations	1422345	PASSED	50	668	206	37	188	56	56	50	31	21	23	147	0	281741899	1042
1776359414779	S1_DepositRedeemMix	1432345	PASSED	50	1181	789	386	0	0	0	0	0	4	2	51	0	276166175	1079
1776359419719	S2_AsyncRedeemFullCycle	1432345	PASSED	50	537	57	0	365	50	50	0	0	9	6	151	0	308260706	1030
1776359425507	S3_RebalanceSettlement	1432345	PASSED	50	1612	737	0	650	49	49	50	59	9	9	201	0	669876760	1899
1776359429694	S4_ExchangeRateFeeAccrual	1432345	PASSED	50	168	95	14	0	0	0	0	0	50	9	50	0	57554150	277
1776359435310	S5_SanctionedUserInterlace	1432345	PASSED	50	2120	1699	363	16	16	16	0	0	6	4	51	0	526413660	1679
1776359439796	S6_InFlightEdgeCases	1432345	PASSED	50	409	142	20	81	26	26	58	28	16	12	51	0	144991188	549
1776359444451	S7_FullProtocolEndurance	1432345	PASSED	15	931	531	166	154	15	15	15	16	15	4	17	0	223642864	751
1776359448735	S8_InvestSettlementEdge	1432345	PASSED	50	242	100	0	0	0	0	50	64	16	12	51	0	100337675	398
1776359454217	S9_MultiAdapterMix	1432345	PASSED	50	1607	922	0	470	50	50	50	43	9	13	102	0	544479580	1571
1776359459193	S10_InterleavedOperations	1432345	PASSED	50	656	203	29	192	57	57	50	26	20	22	146	0	278788891	1011
1776359464223	S1_DepositRedeemMix	1442345	PASSED	50	1199	803	390	0	0	0	0	0	4	2	51	0	282409780	1142
1776359469127	S2_AsyncRedeemFullCycle	1442345	PASSED	50	502	56	0	331	50	50	0	0	9	6	151	0	287334993	959
1776359474872	S3_RebalanceSettlement	1442345	PASSED	50	1549	777	0	545	48	48	50	63	9	9	201	0	617355718	1817
1776359479135	S4_ExchangeRateFeeAccrual	1442345	PASSED	50	211	133	19	0	0	0	0	0	50	9	50	0	63881405	302
1776359484700	S5_SanctionedUserInterlace	1442345	PASSED	50	2035	1603	371	17	17	17	0	0	6	4	51	0	505170524	1631
1776359489113	S6_InFlightEdgeCases	1442345	PASSED	50	357	126	10	61	22	22	58	30	16	12	51	0	130484658	504
1776359493819	S7_FullProtocolEndurance	1442345	PASSED	15	962	578	115	193	15	15	15	12	15	4	17	0	238621219	779
1776359498122	S8_InvestSettlementEdge	1442345	PASSED	50	242	100	0	0	0	0	50	64	16	12	51	0	100227435	397
1776359503440	S9_MultiAdapterMix	1442345	PASSED	50	1389	788	0	388	50	50	50	41	9	13	102	0	461933318	1386
1776359508440	S10_InterleavedOperations	1442345	PASSED	50	758	243	60	204	61	61	50	37	20	22	149	0	305802557	1116
1776359513600	S1_DepositRedeemMix	1452345	PASSED	50	1324	859	459	0	0	0	0	0	4	2	51	0	310984459	1233
1776359518502	S2_AsyncRedeemFullCycle	1452345	PASSED	50	512	57	0	340	50	50	0	0	9	6	151	0	297017866	996
1776359524322	S3_RebalanceSettlement	1452345	PASSED	50	1619	804	0	576	49	49	50	73	9	9	201	0	653096403	1903
1776359528531	S4_ExchangeRateFeeAccrual	1452345	PASSED	50	184	112	13	0	0	0	0	0	50	9	50	0	59759102	287
1776359534204	S5_SanctionedUserInterlace	1452345	PASSED	50	2228	1796	371	17	17	17	0	0	6	4	51	0	556587716	1780
1776359538685	S6_InFlightEdgeCases	1452345	PASSED	50	408	149	10	74	25	25	58	39	16	12	51	0	145936203	536
1776359543269	S7_FullProtocolEndurance	1452345	PASSED	15	788	449	122	138	15	15	15	15	15	4	17	0	190903278	647
1776359547649	S8_InvestSettlementEdge	1452345	PASSED	50	239	100	0	0	0	0	50	61	16	12	51	0	98954323	438
1776359552960	S9_MultiAdapterMix	1452345	PASSED	50	1468	883	0	365	48	48	50	52	9	13	102	0	477378695	1431
1776359558052	S10_InterleavedOperations	1452345	PASSED	50	741	216	52	219	62	62	50	36	21	23	150	0	308464970	1113
1776359562983	S1_DepositRedeemMix	1462345	PASSED	50	1081	714	361	0	0	0	0	0	4	2	51	0	253982730	1018
1776359567858	S2_AsyncRedeemFullCycle	1462345	PASSED	50	466	55	0	296	50	50	0	0	9	6	151	0	270174491	937
1776359573621	S3_RebalanceSettlement	1462345	PASSED	50	1566	760	0	583	49	49	50	57	9	9	201	0	633286917	1855
1776359577817	S4_ExchangeRateFeeAccrual	1462345	PASSED	50	200	118	23	0	0	0	0	0	50	9	50	0	62099709	291
1776359583471	S5_SanctionedUserInterlace	1462345	PASSED	50	2213	1770	382	17	17	17	0	0	6	4	51	0	557446549	1747
1776359587921	S6_InFlightEdgeCases	1462345	PASSED	50	403	137	7	84	28	28	58	33	16	12	51	0	145914156	528
1776359592587	S7_FullProtocolEndurance	1462345	PASSED	15	884	525	121	158	15	15	15	16	15	4	17	0	214417867	740
1776359596878	S8_InvestSettlementEdge	1462345	PASSED	50	240	100	0	0	0	0	50	62	16	12	51	0	99514027	400
1776359602238	S9_MultiAdapterMix	1462345	PASSED	50	1452	824	0	405	49	49	50	53	9	13	102	0	487432316	1472
1776359607206	S10_InterleavedOperations	1462345	PASSED	50	610	184	36	161	57	57	50	23	20	22	146	0	258429215	1059
1776359612109	S1_DepositRedeemMix	1472345	PASSED	50	1030	687	337	0	0	0	0	0	4	2	51	0	242709513	985
1776359617042	S2_AsyncRedeemFullCycle	1472345	PASSED	50	494	54	0	327	49	49	0	0	9	6	151	0	286665669	1015
1776359623008	S3_RebalanceSettlement	1472345	PASSED	50	1771	850	0	694	50	50	50	59	9	9	201	0	727855744	2044
1776359627216	S4_ExchangeRateFeeAccrual	1472345	PASSED	50	188	107	22	0	0	0	0	0	50	9	50	0	60605630	289
1776359632861	S5_SanctionedUserInterlace	1472345	PASSED	50	2236	1754	421	17	17	17	0	0	6	4	51	0	552455098	1765
1776359637298	S6_InFlightEdgeCases	1472345	PASSED	50	382	126	4	80	26	26	58	34	16	12	51	0	140267331	517
1776359641981	S7_FullProtocolEndurance	1472345	PASSED	15	896	525	132	161	15	15	15	14	15	4	17	0	217727710	748
1776359646273	S8_InvestSettlementEdge	1472345	PASSED	50	238	100	0	0	0	0	50	60	16	12	51	0	98753453	392
1776359651721	S9_MultiAdapterMix	1472345	PASSED	50	1588	939	0	430	49	49	50	49	9	13	102	0	527161324	1530
1776359656677	S10_InterleavedOperations	1472345	PASSED	50	690	211	47	196	57	57	50	28	21	23	146	0	286205872	1040
1776359661811	S1_DepositRedeemMix	1482345	PASSED	50	1296	871	419	0	0	0	0	0	4	2	51	0	303096220	1210
1776359666714	S2_AsyncRedeemFullCycle	1482345	PASSED	50	547	60	0	372	50	50	0	0	9	6	151	0	310858165	1018
1776359672622	S3_RebalanceSettlement	1482345	PASSED	50	1735	856	0	645	49	49	50	68	9	9	201	0	702426653	1987
1776359676811	S4_ExchangeRateFeeAccrual	1482345	PASSED	50	156	91	6	0	0	0	0	0	50	9	50	0	55514312	263
1776359682422	S5_SanctionedUserInterlace	1482345	PASSED	50	2115	1694	360	17	17	17	0	0	6	4	51	0	524201036	1703
1776359686857	S6_InFlightEdgeCases	1482345	PASSED	50	426	158	23	75	27	27	58	30	16	12	51	0	143274712	538
1776359691486	S7_FullProtocolEndurance	1482345	PASSED	15	905	530	142	153	15	15	15	16	15	4	17	0	217355180	742
1776359695830	S8_InvestSettlementEdge	1482345	PASSED	50	244	100	0	0	0	0	50	66	16	12	51	0	101156539	400
1776359701181	S9_MultiAdapterMix	1482345	PASSED	50	1482	803	0	459	50	50	50	48	9	13	102	0	511959348	1466
1776359706203	S10_InterleavedOperations	1482345	PASSED	50	764	246	54	218	59	59	50	36	20	22	149	0	313785273	1123
1776359711357	S1_DepositRedeemMix	1492345	PASSED	50	1290	850	434	0	0	0	0	0	4	2	51	0	302306730	1182
1776359716195	S2_AsyncRedeemFullCycle	1492345	PASSED	50	460	53	0	294	49	49	0	0	9	6	151	0	267182381	926
1776359722139	S3_RebalanceSettlement	1492345	PASSED	50	1772	876	0	667	49	49	50	63	9	9	201	0	719776936	2014
1776359726356	S4_ExchangeRateFeeAccrual	1492345	PASSED	50	194	116	19	0	0	0	0	0	50	9	50	0	61159904	304
1776359732009	S5_SanctionedUserInterlace	1492345	PASSED	50	2170	1768	341	17	17	17	0	0	6	4	51	0	540909684	1730
1776359736437	S6_InFlightEdgeCases	1492345	PASSED	50	432	149	24	80	30	30	58	33	16	12	51	0	148677250	545
1776359741093	S7_FullProtocolEndurance	1492345	PASSED	15	884	491	118	198	15	15	15	13	15	4	17	0	226541889	757
1776359745458	S8_InvestSettlementEdge	1492345	PASSED	50	244	100	0	0	0	0	50	66	16	12	51	0	101172394	427
1776359750887	S9_MultiAdapterMix	1492345	PASSED	50	1602	939	0	449	49	49	50	44	9	13	102	0	536002750	1533
1776359755852	S10_InterleavedOperations	1492345	PASSED	50	672	191	45	186	60	60	50	38	20	22	149	0	284117559	1040
1776359760744	S1_DepositRedeemMix	1502345	PASSED	50	1003	667	330	0	0	0	0	0	4	2	51	0	237159947	952
1776359765646	S2_AsyncRedeemFullCycle	1502345	PASSED	50	526	60	0	351	50	50	0	0	9	6	151	0	299319935	994
1776359771476	S3_RebalanceSettlement	1502345	PASSED	50	1616	756	0	625	49	49	50	69	9	9	201	0	665350162	1911
1776359775701	S4_ExchangeRateFeeAccrual	1502345	PASSED	50	212	127	26	0	0	0	0	0	50	9	50	0	63830411	303
1776359781198	S5_SanctionedUserInterlace	1502345	PASSED	50	2028	1660	307	17	17	17	0	0	6	4	51	0	494648447	1603
1776359785666	S6_InFlightEdgeCases	1502345	PASSED	50	434	149	20	86	28	28	58	37	16	12	51	0	154005098	563
1776359790342	S7_FullProtocolEndurance	1502345	PASSED	15	983	607	122	173	15	15	15	17	15	4	17	0	238043394	782
1776359794663	S8_InvestSettlementEdge	1502345	PASSED	50	238	100	0	0	0	0	50	60	16	12	51	0	98678386	396
1776359800049	S9_MultiAdapterMix	1502345	PASSED	50	1441	811	0	420	49	49	50	40	9	13	102	0	484668069	1437
1776359805018	S10_InterleavedOperations	1502345	PASSED	50	722	200	35	244	59	59	50	31	21	23	147	0	308452736	1065
1776359810063	S1_DepositRedeemMix	1512345	PASSED	50	1185	787	392	0	0	0	0	0	4	2	51	0	277353435	1112
1776359814980	S2_AsyncRedeemFullCycle	1512345	PASSED	50	537	55	0	367	50	50	0	0	9	6	151	0	309509090	1018
1776359820969	S3_RebalanceSettlement	1512345	PASSED	50	1799	860	0	704	49	49	50	69	9	9	201	0	743821006	2055
1776359825171	S4_ExchangeRateFeeAccrual	1512345	PASSED	50	196	114	23	0	0	0	0	0	50	9	50	0	62009904	292
1776359830878	S5_SanctionedUserInterlace	1512345	PASSED	50	2204	1739	404	17	17	17	0	0	6	4	51	0	550172370	1750
1776359835330	S6_InFlightEdgeCases	1512345	PASSED	50	389	136	9	67	28	28	58	35	16	12	51	0	139833158	528
1776359839954	S7_FullProtocolEndurance	1512345	PASSED	15	889	485	123	205	15	15	15	12	15	4	17	0	227987775	735
1776359844293	S8_InvestSettlementEdge	1512345	PASSED	50	240	100	0	0	0	0	50	62	16	12	51	0	99516110	399
1776359849619	S9_MultiAdapterMix	1512345	PASSED	50	1379	786	0	381	48	48	50	44	9	13	102	0	459247195	1426
1776359854577	S10_InterleavedOperations	1512345	PASSED	50	723	226	49	210	57	57	50	30	21	23	147	0	298163529	1059
1776359859735	S1_DepositRedeemMix	1522345	PASSED	50	1390	899	485	0	0	0	0	0	4	2	51	0	327164298	1251
1776359864559	S2_AsyncRedeemFullCycle	1522345	PASSED	50	468	55	0	302	48	48	0	0	9	6	151	0	273216031	930
1776359870504	S3_RebalanceSettlement	1522345	PASSED	50	1799	829	0	737	50	50	50	65	9	9	201	0	752657544	2065
1776359874709	S4_ExchangeRateFeeAccrual	1522345	PASSED	50	197	121	17	0	0	0	0	0	50	9	50	0	61497838	292
1776359880303	S5_SanctionedUserInterlace	1522345	PASSED	50	2106	1704	341	17	17	17	0	0	6	4	51	0	514425351	1669
1776359884746	S6_InFlightEdgeCases	1522345	PASSED	50	392	124	17	71	28	28	58	38	16	12	51	0	144495683	526
1776359889449	S7_FullProtocolEndurance	1522345	PASSED	15	932	539	105	212	15	15	15	12	15	4	17	0	239274757	771
1776359893772	S8_InvestSettlementEdge	1522345	PASSED	50	239	100	0	0	0	0	50	61	16	12	51	0	99017574	411
1776359899276	S9_MultiAdapterMix	1522345	PASSED	50	1640	932	0	485	50	50	50	51	9	13	102	0	559647176	1582
1776359904249	S10_InterleavedOperations	1522345	PASSED	50	715	207	48	209	60	60	50	37	21	23	150	0	300969214	1073
1776359909290	S1_DepositRedeemMix	1532345	PASSED	50	1250	829	415	0	0	0	0	0	4	2	51	0	292671801	1131
1776359914152	S2_AsyncRedeemFullCycle	1532345	PASSED	50	468	55	0	300	49	49	0	0	9	6	151	0	273183367	943
1776359920074	S3_RebalanceSettlement	1532345	PASSED	50	1714	942	0	538	50	50	50	66	9	9	201	0	658078963	2019
1776359924322	S4_ExchangeRateFeeAccrual	1532345	PASSED	50	214	133	22	0	0	0	0	0	50	9	50	0	64250369	318
1776359929896	S5_SanctionedUserInterlace	1532345	PASSED	50	2125	1678	386	17	17	17	0	0	6	4	51	0	524002788	1682
1776359934314	S6_InFlightEdgeCases	1532345	PASSED	50	389	127	8	75	27	27	58	39	16	12	51	0	144483963	521
1776359938964	S7_FullProtocolEndurance	1532345	PASSED	15	885	468	128	211	15	15	15	14	15	4	17	0	231109071	736
1776359943267	S8_InvestSettlementEdge	1532345	PASSED	50	238	100	0	0	0	0	50	60	16	12	51	0	98748476	398
1776359948716	S9_MultiAdapterMix	1532345	PASSED	50	1561	877	0	458	50	50	50	54	9	13	102	0	535555809	1526
1776359953679	S10_InterleavedOperations	1532345	PASSED	50	660	187	48	183	57	57	50	34	21	23	147	0	279576313	1023
1776359958632	S1_DepositRedeemMix	1542345	PASSED	50	1123	757	360	0	0	0	0	0	4	2	51	0	262721990	1042
1776359963563	S2_AsyncRedeemFullCycle	1542345	PASSED	50	510	57	0	340	49	49	0	0	9	6	151	0	295685245	1015
1776359969495	S3_RebalanceSettlement	1542345	PASSED	50	1699	902	0	570	49	49	50	61	9	9	201	0	664241048	2021
1776359973730	S4_ExchangeRateFeeAccrual	1542345	PASSED	50	212	127	26	0	0	0	0	0	50	9	50	0	64199957	302
1776359979266	S5_SanctionedUserInterlace	1542345	PASSED	50	1947	1574	312	17	17	17	0	0	6	4	51	0	485026435	1634
1776359983749	S6_InFlightEdgeCases	1542345	PASSED	50	449	165	16	91	28	28	58	35	16	12	51	0	153645196	576
1776359988391	S7_FullProtocolEndurance	1542345	PASSED	15	864	451	155	184	15	15	15	10	15	4	17	0	218030819	716
1776359992690	S8_InvestSettlementEdge	1542345	PASSED	50	242	100	0	0	0	0	50	64	16	12	51	0	100279290	397
1776359998202	S9_MultiAdapterMix	1542345	PASSED	50	1591	846	0	526	50	50	50	47	9	13	102	0	561522638	1574
1776360003171	S10_InterleavedOperations	1542345	PASSED	50	702	221	42	196	58	58	50	33	21	23	147	0	291901012	1054
1776360008212	S1_DepositRedeemMix	1552345	PASSED	50	1265	834	425	0	0	0	0	0	4	2	51	0	298720397	1146
1776360013069	S2_AsyncRedeemFullCycle	1552345	PASSED	50	469	56	0	298	50	50	0	0	9	6	151	0	270971335	936
1776360019056	S3_RebalanceSettlement	1552345	PASSED	50	1832	853	0	736	48	48	50	79	9	9	201	0	766958566	2088
1776360023248	S4_ExchangeRateFeeAccrual	1552345	PASSED	50	180	103	18	0	0	0	0	0	50	9	50	0	59441096	279
1776360028926	S5_SanctionedUserInterlace	1552345	PASSED	50	2201	1761	379	17	17	17	0	0	6	4	51	0	547949450	1740
1776360033369	S6_InFlightEdgeCases	1552345	PASSED	50	358	116	12	71	22	22	58	29	16	12	51	0	136433023	527
1776360038006	S7_FullProtocolEndurance	1552345	PASSED	15	917	551	128	161	15	15	15	13	15	4	17	0	220451244	744
1776360042323	S8_InvestSettlementEdge	1552345	PASSED	50	235	100	0	0	0	0	50	57	16	12	51	0	97376260	412
1776360047657	S9_MultiAdapterMix	1552345	PASSED	50	1466	870	0	372	49	49	50	54	9	13	102	0	480244530	1439
1776360052624	S10_InterleavedOperations	1552345	PASSED	50	688	213	37	193	60	60	50	31	21	23	150	0	287715512	1041
1776360057628	S1_DepositRedeemMix	1562345	PASSED	50	1157	768	383	0	0	0	0	0	4	2	51	0	270917332	1107
1776360062472	S2_AsyncRedeemFullCycle	1562345	PASSED	50	504	56	0	333	50	50	0	0	9	6	151	0	291797934	966
1776360068558	S3_RebalanceSettlement	1562345	PASSED	50	1861	876	0	750	50	50	50	67	9	9	201	0	780122957	2202
1776360072774	S4_ExchangeRateFeeAccrual	1562345	PASSED	50	213	126	28	0	0	0	0	0	50	9	50	0	64747198	304
1776360078289	S5_SanctionedUserInterlace	1562345	PASSED	50	2033	1654	318	17	17	17	0	0	6	4	51	0	497157246	1607
1776360082716	S6_InFlightEdgeCases	1562345	PASSED	50	395	139	15	76	26	26	58	27	16	12	51	0	140590140	531
1776360087365	S7_FullProtocolEndurance	1562345	PASSED	15	924	510	141	194	15	15	15	15	15	4	17	0	233954470	759
1776360091706	S8_InvestSettlementEdge	1562345	PASSED	50	245	100	0	0	0	0	50	67	16	12	51	0	101594485	410
1776360097135	S9_MultiAdapterMix	1562345	PASSED	50	1542	875	0	447	49	49	50	50	9	13	102	0	522395602	1493
1776360102141	S10_InterleavedOperations	1562345	PASSED	50	713	197	49	226	57	57	50	33	21	23	148	0	304591206	1094
1776360107203	S1_DepositRedeemMix	1572345	PASSED	50	1281	851	424	0	0	0	0	0	4	2	51	0	299929977	1169
1776360112118	S2_AsyncRedeemFullCycle	1572345	PASSED	50	519	59	0	345	50	50	0	0	9	6	151	0	298549388	1004
1776360118031	S3_RebalanceSettlement	1572345	PASSED	50	1786	936	0	616	49	49	50	68	9	9	201	0	705991426	2019
1776360122254	S4_ExchangeRateFeeAccrual	1572345	PASSED	50	206	126	21	0	0	0	0	0	50	9	50	0	63281661	299
1776360127907	S5_SanctionedUserInterlace	1572345	PASSED	50	2116	1725	330	17	17	17	0	0	6	4	51	0	528622765	1751
1776360132359	S6_InFlightEdgeCases	1572345	PASSED	50	413	142	18	77	28	28	58	34	16	12	51	0	146246383	537
1776360137071	S7_FullProtocolEndurance	1572345	PASSED	15	950	530	153	186	15	15	15	17	15	4	17	0	236712513	774
1776360141384	S8_InvestSettlementEdge	1572345	PASSED	50	237	100	0	0	0	0	50	59	16	12	51	0	98226664	400
1776360146899	S9_MultiAdapterMix	1572345	PASSED	50	1592	838	0	532	50	50	50	50	9	13	102	0	563296790	1633
1776360151841	S10_InterleavedOperations	1572345	PASSED	50	677	209	26	202	59	59	50	30	20	22	147	0	286455603	1038
1776360156993	S1_DepositRedeemMix	1582345	PASSED	50	1398	891	501	0	0	0	0	0	4	2	51	0	329497108	1248
1776360161995	S2_AsyncRedeemFullCycle	1582345	PASSED	50	581	65	0	401	50	50	0	0	9	6	151	0	330678504	1097
1776360168041	S3_RebalanceSettlement	1582345	PASSED	50	1968	930	0	794	50	50	50	76	9	9	201	0	824321130	2180
1776360172230	S4_ExchangeRateFeeAccrual	1582345	PASSED	50	235	138	38	0	0	0	0	0	50	9	50	0	68048083	319
1776360177805	S5_SanctionedUserInterlace	1582345	PASSED	50	2125	1737	327	17	17	17	0	0	6	4	51	0	530477860	1696
1776360182221	S6_InFlightEdgeCases	1582345	PASSED	50	368	116	9	63	29	29	58	36	16	12	51	0	133967401	506
1776360186873	S7_FullProtocolEndurance	1582345	PASSED	15	908	550	104	170	15	15	15	20	15	4	17	0	224107302	756
1776360191193	S8_InvestSettlementEdge	1582345	PASSED	50	248	100	0	0	0	0	50	70	16	12	51	0	102869104	404
1776360196609	S9_MultiAdapterMix	1582345	PASSED	50	1530	879	0	430	48	48	50	53	9	13	102	0	514762250	1518
1776360201539	S10_InterleavedOperations	1582345	PASSED	50	643	189	51	167	56	56	50	32	20	22	145	0	270042910	1014
1776360206695	S1_DepositRedeemMix	1592345	PASSED	50	1371	886	479	0	0	0	0	0	4	2	51	0	322694658	1232
1776360211578	S2_AsyncRedeemFullCycle	1592345	PASSED	50	502	59	0	328	50	50	0	0	9	6	151	0	287344305	967
1776360217516	S3_RebalanceSettlement	1592345	PASSED	50	1821	919	0	668	50	50	50	66	9	9	201	0	733961763	2058
1776360221712	S4_ExchangeRateFeeAccrual	1592345	PASSED	50	211	127	25	0	0	0	0	0	50	9	50	0	63744514	307
1776360227267	S5_SanctionedUserInterlace	1592345	PASSED	50	2009	1621	327	17	17	17	0	0	6	4	51	0	497200206	1635
1776360231698	S6_InFlightEdgeCases	1592345	PASSED	50	373	120	19	70	26	26	58	26	16	12	51	0	134971991	509
1776360236284	S7_FullProtocolEndurance	1592345	PASSED	15	836	414	151	196	15	15	15	11	15	4	17	0	216657598	695
1776360240584	S8_InvestSettlementEdge	1592345	PASSED	50	244	100	0	0	0	0	50	66	16	12	51	0	101089046	398
1776360246166	S9_MultiAdapterMix	1592345	PASSED	50	1627	873	0	539	49	49	50	45	9	13	102	0	576856178	1652
1776360251123	S10_InterleavedOperations	1592345	PASSED	50	687	214	45	190	56	56	50	32	21	23	147	0	284917956	1039
1776360256232	S1_DepositRedeemMix	1602345	PASSED	50	1322	841	475	0	0	0	0	0	4	2	51	0	311288907	1191
1776360261146	S2_AsyncRedeemFullCycle	1602345	PASSED	50	541	61	0	365	50	50	0	0	9	6	151	0	309731877	1018
1776360267113	S3_RebalanceSettlement	1602345	PASSED	50	1825	904	0	693	50	50	50	60	9	9	201	0	741530412	2068
1776360271343	S4_ExchangeRateFeeAccrual	1602345	PASSED	50	208	125	24	0	0	0	0	0	50	9	50	0	63708153	308
1776360276903	S5_SanctionedUserInterlace	1602345	PASSED	50	2054	1654	339	17	17	17	0	0	6	4	51	0	508647594	1662
1776360281422	S6_InFlightEdgeCases	1602345	PASSED	50	447	169	15	93	26	26	58	32	16	12	51	0	154147039	590
1776360285983	S7_FullProtocolEndurance	1602345	PASSED	15	805	430	128	171	15	15	15	12	15	4	17	0	202655680	693
1776360290274	S8_InvestSettlementEdge	1602345	PASSED	50	244	100	0	0	0	0	50	66	16	12	51	0	101156520	417
1776360295771	S9_MultiAdapterMix	1602345	PASSED	50	1610	919	0	476	49	49	50	45	9	13	102	0	547277187	1585
1776360300713	S10_InterleavedOperations	1602345	PASSED	50	675	201	13	219	61	61	50	28	20	22	149	0	292469411	1036
1776360305840	S1_DepositRedeemMix	1612345	PASSED	50	1249	821	422	0	0	0	0	0	4	2	51	0	294672751	1233
1776360310652	S2_AsyncRedeemFullCycle	1612345	PASSED	50	467	56	0	296	50	50	0	0	9	6	151	0	270919777	921
1776360316601	S3_RebalanceSettlement	1612345	PASSED	50	1814	940	0	649	50	50	50	57	9	9	201	0	722112202	2038
1776360320866	S4_ExchangeRateFeeAccrual	1612345	PASSED	50	203	123	21	0	0	0	0	0	50	9	50	0	62714818	310
1776360326436	S5_SanctionedUserInterlace	1612345	PASSED	50	2087	1638	388	17	17	17	0	0	6	4	51	0	512955570	1667
1776360330863	S6_InFlightEdgeCases	1612345	PASSED	50	394	145	8	75	24	24	58	32	16	12	51	0	140562895	531
1776360335504	S7_FullProtocolEndurance	1612345	PASSED	15	844	447	102	217	15	15	15	14	15	4	17	0	223495359	741
1776360339797	S8_InvestSettlementEdge	1612345	PASSED	50	240	100	0	0	0	0	50	62	16	12	51	0	99494305	398
1776360345107	S9_MultiAdapterMix	1612345	PASSED	50	1423	779	0	428	49	49	50	46	9	13	102	0	485784488	1425
1776360350067	S10_InterleavedOperations	1612345	PASSED	50	628	200	33	161	55	55	50	30	21	23	146	0	263141133	1041
1776360355153	S1_DepositRedeemMix	1622345	PASSED	50	1328	873	449	0	0	0	0	0	4	2	51	0	311815545	1188
1776360360014	S2_AsyncRedeemFullCycle	1622345	PASSED	50	467	54	0	298	50	50	0	0	9	6	151	0	272872889	951
1776360365903	S3_RebalanceSettlement	1622345	PASSED	50	1793	992	0	571	50	50	50	62	9	9	201	0	693194507	1994
1776360370069	S4_ExchangeRateFeeAccrual	1622345	PASSED	50	180	101	20	0	0	0	0	0	50	9	50	0	59240042	281
1776360375688	S5_SanctionedUserInterlace	1622345	PASSED	50	2105	1697	347	17	17	17	0	0	6	4	51	0	521049944	1675
1776360380160	S6_InFlightEdgeCases	1622345	PASSED	50	414	149	14	83	27	27	58	28	16	12	51	0	145639034	536
1776360384787	S7_FullProtocolEndurance	1622345	PASSED	15	861	502	74	211	15	15	15	10	15	4	17	0	223050529	737
1776360389114	S8_InvestSettlementEdge	1622345	PASSED	50	240	100	0	0	0	0	50	62	16	12	51	0	99437179	414
1776360394506	S9_MultiAdapterMix	1622345	PASSED	50	1487	829	0	452	50	50	50	34	9	13	102	0	504656890	1494
1776360399449	S10_InterleavedOperations	1622345	PASSED	50	684	202	53	199	56	56	50	24	21	23	147	0	286644015	1046
1776360404581	S1_DepositRedeemMix	1632345	PASSED	50	1386	896	484	0	0	0	0	0	4	2	51	0	326238571	1240
1776360409483	S2_AsyncRedeemFullCycle	1632345	PASSED	50	457	53	0	293	48	48	0	0	9	6	151	0	266040208	951
1776360415514	S3_RebalanceSettlement	1632345	PASSED	50	1784	830	0	720	50	50	50	66	9	9	201	0	744072778	2144
1776360419717	S4_ExchangeRateFeeAccrual	1632345	PASSED	50	179	103	17	0	0	0	0	0	50	9	50	0	59027455	286
1776360425313	S5_SanctionedUserInterlace	1632345	PASSED	50	2097	1658	378	17	17	17	0	0	6	4	51	0	521942067	1682
1776360429778	S6_InFlightEdgeCases	1632345	PASSED	50	424	150	15	79	28	28	58	38	16	12	51	0	148463155	575
1776360434459	S7_FullProtocolEndurance	1632345	PASSED	15	940	520	150	195	15	15	15	11	15	4	17	0	236035785	771
1776360438811	S8_InvestSettlementEdge	1632345	PASSED	50	237	100	0	0	0	0	50	59	16	12	51	0	98222665	393
1776360444116	S9_MultiAdapterMix	1632345	PASSED	50	1416	837	0	361	48	48	50	50	9	13	102	0	463403595	1419
1776360448989	S10_InterleavedOperations	1632345	PASSED	50	568	173	38	135	50	50	50	30	20	22	141	0	244165129	925
1776360454077	S1_DepositRedeemMix	1642345	PASSED	50	1269	859	404	0	0	0	0	0	4	2	51	0	296543357	1185
1776360458979	S2_AsyncRedeemFullCycle	1642345	PASSED	50	499	52	0	336	48	48	0	0	9	6	151	0	289134690	976
1776360464809	S3_RebalanceSettlement	1642345	PASSED	50	1608	781	0	593	50	50	50	66	9	9	201	0	651255536	1899
1776360468994	S4_ExchangeRateFeeAccrual	1642345	PASSED	50	193	114	20	0	0	0	0	0	50	9	50	0	61274062	287
1776360474613	S5_SanctionedUserInterlace	1642345	PASSED	50	2227	1729	437	17	17	17	0	0	6	4	51	0	556847567	1761
1776360479099	S6_InFlightEdgeCases	1642345	PASSED	50	449	177	20	81	23	23	58	39	16	12	51	0	153854567	577
1776360483871	S7_FullProtocolEndurance	1642345	PASSED	15	1060	601	129	252	15	15	15	14	15	4	17	0	279512764	863
1776360488178	S8_InvestSettlementEdge	1642345	PASSED	50	242	100	0	0	0	0	50	64	16	12	51	0	100516027	400
1776360493697	S9_MultiAdapterMix	1642345	PASSED	50	1567	906	0	437	50	50	50	52	9	13	102	0	525255923	1572
1776360498596	S10_InterleavedOperations	1642345	PASSED	50	618	179	36	165	60	60	50	26	20	22	148	0	263582587	978
1776360503591	S1_DepositRedeemMix	1652345	PASSED	50	1144	738	400	0	0	0	0	0	4	2	51	0	268927042	1062
1776360508444	S2_AsyncRedeemFullCycle	1652345	PASSED	50	461	58	0	288	50	50	0	0	9	6	151	0	266870785	922
1776360514248	S3_RebalanceSettlement	1652345	PASSED	50	1585	766	0	594	50	50	50	57	9	9	201	0	643290109	1892
1776360518460	S4_ExchangeRateFeeAccrual	1652345	PASSED	50	196	108	29	0	0	0	0	0	50	9	50	0	61874314	304
1776360524161	S5_SanctionedUserInterlace	1652345	PASSED	50	2261	1841	359	17	17	17	0	0	6	4	51	0	563389853	1769
1776360528568	S6_InFlightEdgeCases	1652345	PASSED	50	393	133	15	69	26	26	58	38	16	12	51	0	139893863	519
1776360533213	S7_FullProtocolEndurance	1652345	PASSED	15	918	555	109	175	15	15	15	15	15	4	17	0	225464304	740
1776360537585	S8_InvestSettlementEdge	1652345	PASSED	50	240	100	0	0	0	0	50	62	16	12	51	0	99454092	407
1776360542827	S9_MultiAdapterMix	1652345	PASSED	50	1311	703	0	396	48	48	50	44	9	13	102	0	449599639	1343
1776360547791	S10_InterleavedOperations	1652345	PASSED	50	699	225	20	209	61	61	50	29	21	23	150	0	294008154	1064
1776360552769	S1_DepositRedeemMix	1662345	PASSED	50	1186	794	386	0	0	0	0	0	4	2	51	0	277426289	1089
1776360557732	S2_AsyncRedeemFullCycle	1662345	PASSED	50	491	54	0	322	50	50	0	0	9	6	151	0	283995417	1048
1776360563611	S3_RebalanceSettlement	1662345	PASSED	50	1703	902	0	561	49	49	50	74	9	9	201	0	665862402	1958
1776360567800	S4_ExchangeRateFeeAccrual	1662345	PASSED	50	198	119	20	0	0	0	0	0	50	9	50	0	61668537	292
1776360573492	S5_SanctionedUserInterlace	1662345	PASSED	50	2198	1802	335	17	17	17	0	0	6	4	51	0	549617414	1740
1776360577994	S6_InFlightEdgeCases	1662345	PASSED	50	392	135	18	71	24	24	58	34	16	12	51	0	140719149	559
1776360582640	S7_FullProtocolEndurance	1662345	PASSED	15	968	558	156	177	15	15	15	13	15	4	17	0	236799563	781
1776360586950	S8_InvestSettlementEdge	1662345	PASSED	50	242	100	0	0	0	0	50	64	16	12	51	0	100337466	401
1776360592369	S9_MultiAdapterMix	1662345	PASSED	50	1501	832	0	454	49	49	50	45	9	13	102	0	512253698	1498
1776360597415	S10_InterleavedOperations	1662345	PASSED	50	767	230	41	245	58	58	50	41	21	23	147	0	322233362	1118
1776360602473	S1_DepositRedeemMix	1672345	PASSED	50	1207	789	412	0	0	0	0	0	4	2	51	0	284940697	1127
1776360607381	S2_AsyncRedeemFullCycle	1672345	PASSED	50	518	54	0	351	49	49	0	0	9	6	151	0	300433130	1007
1776360613241	S3_RebalanceSettlement	1672345	PASSED	50	1698	832	0	628	48	48	50	74	9	9	201	0	688793283	1966
1776360617477	S4_ExchangeRateFeeAccrual	1672345	PASSED	50	191	111	21	0	0	0	0	0	50	9	50	0	60715483	294
1776360622982	S5_SanctionedUserInterlace	1672345	PASSED	50	2029	1657	311	17	17	17	0	0	6	4	51	0	496306572	1607
1776360627467	S6_InFlightEdgeCases	1672345	PASSED	50	433	152	10	85	30	30	58	40	16	12	51	0	153195427	560
1776360632051	S7_FullProtocolEndurance	1672345	PASSED	15	843	408	145	216	14	14	15	12	15	4	17	0	225520622	714
1776360636330	S8_InvestSettlementEdge	1672345	PASSED	50	236	100	0	0	0	0	50	58	16	12	51	0	97815873	400
1776360641653	S9_MultiAdapterMix	1672345	PASSED	50	1409	775	0	404	50	50	50	58	9	13	102	0	477481996	1430
1776360646626	S10_InterleavedOperations	1672345	PASSED	50	714	205	44	221	58	58	50	36	20	22	147	0	302238017	1066
1776360651613	S1_DepositRedeemMix	1682345	PASSED	50	1182	799	377	0	0	0	0	0	4	2	51	0	276409138	1092
1776360656383	S2_AsyncRedeemFullCycle	1682345	PASSED	50	433	52	0	270	48	48	0	0	9	6	151	0	254770720	890
1776360662175	S3_RebalanceSettlement	1682345	PASSED	50	1618	821	0	564	49	49	50	67	9	9	201	0	645434246	1881
1776360666420	S4_ExchangeRateFeeAccrual	1682345	PASSED	50	189	111	19	0	0	0	0	0	50	9	50	0	60864680	293
1776360671958	S5_SanctionedUserInterlace	1682345	PASSED	50	2037	1663	313	17	17	17	0	0	6	4	51	0	492333727	1623
1776360676443	S6_InFlightEdgeCases	1682345	PASSED	50	450	160	15	91	29	29	58	40	16	12	51	0	156676561	556
1776360681087	S7_FullProtocolEndurance	1682345	PASSED	15	918	534	113	195	15	15	15	12	15	4	17	0	230515112	746
1776360685412	S8_InvestSettlementEdge	1682345	PASSED	50	240	100	0	0	0	0	50	62	16	12	51	0	99468499	420
1776360690904	S9_MultiAdapterMix	1682345	PASSED	50	1603	938	0	446	50	50	50	47	9	13	102	0	536646465	1552
1776360695901	S10_InterleavedOperations	1682345	PASSED	50	645	205	32	172	57	57	50	30	20	22	145	0	270159801	1072
1776360701027	S1_DepositRedeemMix	1692345	PASSED	50	1362	881	475	0	0	0	0	0	4	2	51	0	320173059	1219
1776360705888	S2_AsyncRedeemFullCycle	1692345	PASSED	50	467	55	0	297	50	50	0	0	9	6	151	0	269944098	935
1776360711714	S3_RebalanceSettlement	1692345	PASSED	50	1625	809	0	591	50	50	50	57	9	9	201	0	652299025	1918
1776360715903	S4_ExchangeRateFeeAccrual	1692345	PASSED	50	196	122	15	0	0	0	0	0	50	9	50	0	61370775	291
1776360721572	S5_SanctionedUserInterlace	1692345	PASSED	50	2203	1764	378	17	17	17	0	0	6	4	51	0	542133698	1752
1776360726049	S6_InFlightEdgeCases	1692345	PASSED	50	460	175	18	94	28	28	58	31	16	12	51	0	156268901	574
1776360730686	S7_FullProtocolEndurance	1692345	PASSED	15	859	458	122	203	15	15	15	12	15	4	17	0	222574442	714
1776360735023	S8_InvestSettlementEdge	1692345	PASSED	50	244	100	0	0	0	0	50	66	16	12	51	0	101101973	398
1776360740269	S9_MultiAdapterMix	1692345	PASSED	50	1312	738	0	368	50	50	50	34	9	13	102	0	434986900	1335
1776360745182	S10_InterleavedOperations	1692345	PASSED	50	593	189	31	147	54	54	50	24	21	23	147	0	252567464	958
1776360750177	S1_DepositRedeemMix	1702345	PASSED	50	1151	747	398	0	0	0	0	0	4	2	51	0	270150504	1071
1776360754946	S2_AsyncRedeemFullCycle	1702345	PASSED	50	393	52	0	232	47	47	0	0	9	6	151	0	234790375	852
1776360760884	S3_RebalanceSettlement	1702345	PASSED	50	1830	970	0	627	50	50	50	65	9	9	201	0	721313722	2026
1776360765104	S4_ExchangeRateFeeAccrual	1702345	PASSED	50	186	115	12	0	0	0	0	0	50	9	50	0	60045264	286
1776360771006	S5_SanctionedUserInterlace	1702345	PASSED	50	2480	1985	434	17	17	17	0	0	6	4	51	0	632095167	1945
1776360775431	S6_InFlightEdgeCases	1702345	PASSED	50	392	141	9	74	27	27	58	28	16	12	51	0	139203000	530
1776360779975	S7_FullProtocolEndurance	1702345	PASSED	15	769	426	98	168	15	15	15	13	15	4	17	0	195016012	647
1776360784272	S8_InvestSettlementEdge	1702345	PASSED	50	244	100	0	0	0	0	50	66	16	12	51	0	101221731	413
1776360789662	S9_MultiAdapterMix	1702345	PASSED	50	1466	838	0	414	50	50	50	42	9	13	102	0	491900895	1459
1776360794535	S10_InterleavedOperations	1702345	PASSED	50	611	189	35	161	54	54	50	26	20	22	144	0	260231814	974
1776360799611	S1_DepositRedeemMix	1712345	PASSED	50	1247	805	436	0	0	0	0	0	4	2	51	0	292490613	1139
1776360804530	S2_AsyncRedeemFullCycle	1712345	PASSED	50	502	58	0	329	50	50	0	0	9	6	151	0	288771395	978
1776360810450	S3_RebalanceSettlement	1712345	PASSED	50	1697	784	0	679	50	50	50	66	9	9	201	0	704716762	1960
1776360814636	S4_ExchangeRateFeeAccrual	1712345	PASSED	50	181	102	20	0	0	0	0	0	50	9	50	0	59397433	282
1776360820145	S5_SanctionedUserInterlace	1712345	PASSED	50	1959	1566	332	17	17	17	0	0	6	4	51	0	483420506	1588
1776360824558	S6_InFlightEdgeCases	1712345	PASSED	50	374	129	21	58	24	24	58	32	16	12	51	0	132970620	507
1776360829206	S7_FullProtocolEndurance	1712345	PASSED	15	939	576	120	165	14	14	15	16	15	4	17	0	227238273	754
1776360833549	S8_InvestSettlementEdge	1712345	PASSED	50	236	100	0	0	0	0	50	58	16	12	51	0	97893863	419
1776360839035	S9_MultiAdapterMix	1712345	PASSED	50	1622	913	0	481	49	49	50	58	9	13	102	0	556635928	1558
1776360844029	S10_InterleavedOperations	1712345	PASSED	50	723	220	42	222	58	58	50	31	20	22	146	0	303386762	1079
1776360849040	S1_DepositRedeemMix	1722345	PASSED	50	1195	786	403	0	0	0	0	0	4	2	51	0	281982601	1098
1776360854021	S2_AsyncRedeemFullCycle	1722345	PASSED	50	479	56	0	310	49	49	0	0	9	6	151	0	276787634	1068
1776360859859	S3_RebalanceSettlement	1722345	PASSED	50	1654	858	0	566	50	50	50	62	9	9	201	0	651436573	1920
1776360864091	S4_ExchangeRateFeeAccrual	1722345	PASSED	50	202	120	23	0	0	0	0	0	50	9	50	0	62783929	293
1776360869701	S5_SanctionedUserInterlace	1722345	PASSED	50	2156	1724	371	17	17	17	0	0	6	4	51	0	537327642	1704
1776360874110	S6_InFlightEdgeCases	1722345	PASSED	50	355	114	16	60	27	27	58	25	16	12	51	0	127238951	488
1776360878765	S7_FullProtocolEndurance	1722345	PASSED	15	855	449	118	213	15	15	15	11	15	4	17	0	224499811	739
1776360883100	S8_InvestSettlementEdge	1722345	PASSED	50	241	100	0	0	0	0	50	63	16	12	51	0	99930125	402
1776360888438	S9_MultiAdapterMix	1722345	PASSED	50	1439	750	0	474	50	50	50	43	9	13	102	0	502496742	1455
1776360893367	S10_InterleavedOperations	1722345	PASSED	50	581	161	39	149	56	56	50	26	21	23	146	0	251992998	956
1776360898393	S1_DepositRedeemMix	1732345	PASSED	50	1217	840	371	0	0	0	0	0	4	2	51	0	283959583	1121
1776360903287	S2_AsyncRedeemFullCycle	1732345	PASSED	50	493	54	0	326	49	49	0	0	9	6	151	0	286924877	1009
1776360909139	S3_RebalanceSettlement	1732345	PASSED	50	1567	741	0	590	49	49	50	70	9	9	201	0	643647828	1948
1776360913394	S4_ExchangeRateFeeAccrual	1732345	PASSED	50	204	121	24	0	0	0	0	0	50	9	50	0	62856941	309
1776360919052	S5_SanctionedUserInterlace	1732345	PASSED	50	2198	1753	387	16	16	16	0	0	6	4	51	0	551071461	1731
1776360923503	S6_InFlightEdgeCases	1732345	PASSED	50	428	147	22	78	30	30	58	35	16	12	51	0	148759595	559
1776360928120	S7_FullProtocolEndurance	1732345	PASSED	15	872	499	119	176	15	15	15	14	15	4	17	0	216796193	713
1776360932418	S8_InvestSettlementEdge	1732345	PASSED	50	244	100	0	0	0	0	50	66	16	12	51	0	101076264	427
1776360937778	S9_MultiAdapterMix	1732345	PASSED	50	1446	824	0	410	45	45	50	50	9	13	102	0	487121925	1458
1776360942689	S10_InterleavedOperations	1732345	PASSED	50	654	187	38	195	55	55	50	34	19	21	146	0	282129836	1019
1776360947704	S1_DepositRedeemMix	1742345	PASSED	50	1132	732	394	0	0	0	0	0	4	2	51	0	266064031	1070
1776360952624	S2_AsyncRedeemFullCycle	1742345	PASSED	50	537	57	0	365	50	50	0	0	9	6	151	0	309181574	1014
1776360958546	S3_RebalanceSettlement	1742345	PASSED	50	1764	889	0	644	50	50	50	63	9	9	201	0	709254420	2006
1776360962826	S4_ExchangeRateFeeAccrual	1742345	PASSED	50	221	136	26	0	0	0	0	0	50	9	50	0	65441405	323
1776360968415	S5_SanctionedUserInterlace	1742345	PASSED	50	2064	1662	341	17	17	17	0	0	6	4	51	0	515118515	1658
1776360972822	S6_InFlightEdgeCases	1742345	PASSED	50	378	136	12	68	23	23	58	30	16	12	51	0	134660060	507
1776360977387	S7_FullProtocolEndurance	1742345	PASSED	15	783	432	103	168	15	15	15	16	15	4	17	0	198506758	656
1776360981691	S8_InvestSettlementEdge	1742345	PASSED	50	245	100	0	0	0	0	50	67	16	12	51	0	101615826	404
1776360987123	S9_MultiAdapterMix	1742345	PASSED	50	1516	831	0	456	50	50	50	57	9	13	102	0	520402386	1501
1776360992077	S10_InterleavedOperations	1742345	PASSED	50	667	169	39	210	58	58	50	39	21	23	146	0	290515558	1029
1776360997201	S1_DepositRedeemMix	1752345	PASSED	50	1301	906	389	0	0	0	0	0	4	2	51	0	303951135	1172
1776361002084	S2_AsyncRedeemFullCycle	1752345	PASSED	50	506	55	0	338	49	49	0	0	9	6	151	0	290929362	977
1776361007951	S3_RebalanceSettlement	1752345	PASSED	50	1634	782	0	621	49	49	50	65	9	9	201	0	667421712	1922
1776361012181	S4_ExchangeRateFeeAccrual	1752345	PASSED	50	202	122	21	0	0	0	0	0	50	9	50	0	62490091	298
1776361017789	S5_SanctionedUserInterlace	1752345	PASSED	50	2147	1672	414	17	17	17	0	0	6	4	51	0	518144761	1693
1776361022179	S6_InFlightEdgeCases	1752345	PASSED	50	368	123	19	61	25	25	58	29	16	12	51	0	131936389	496
1776361026864	S7_FullProtocolEndurance	1752345	PASSED	15	972	519	140	233	15	15	15	16	15	4	17	0	257013279	794
1776361031183	S8_InvestSettlementEdge	1752345	PASSED	50	242	100	0	0	0	0	50	64	16	12	51	0	100464946	404
1776361036420	S9_MultiAdapterMix	1752345	PASSED	50	1249	672	0	370	49	49	50	37	9	13	102	0	422821924	1313
1776361041354	S10_InterleavedOperations	1752345	PASSED	50	663	206	33	185	57	57	50	31	21	23	147	0	278833406	1031
1776361046419	S1_DepositRedeemMix	1762345	PASSED	50	1245	809	430	0	0	0	0	0	4	2	51	0	291975577	1179
1776361051296	S2_AsyncRedeemFullCycle	1762345	PASSED	50	465	56	0	294	50	50	0	0	9	6	151	0	270845939	928
1776361057240	S3_RebalanceSettlement	1762345	PASSED	50	1785	858	0	690	50	50	50	69	9	9	201	0	732489636	2038
1776361061429	S4_ExchangeRateFeeAccrual	1762345	PASSED	50	200	117	24	0	0	0	0	0	50	9	50	0	62391753	303
1776361066994	S5_SanctionedUserInterlace	1762345	PASSED	50	2070	1632	377	17	17	17	0	0	6	4	51	0	513186549	1672
1776361071425	S6_InFlightEdgeCases	1762345	PASSED	50	414	143	19	81	27	27	58	31	16	12	51	0	145888936	542
1776361076150	S7_FullProtocolEndurance	1762345	PASSED	15	964	540	136	215	15	15	15	9	15	4	17	0	245652068	820
1776361080464	S8_InvestSettlementEdge	1762345	PASSED	50	244	100	0	0	0	0	50	66	16	12	51	0	101008856	402
1776361085847	S9_MultiAdapterMix	1762345	PASSED	50	1522	887	0	417	49	49	50	48	9	13	102	0	509743589	1488
1776361090880	S10_InterleavedOperations	1762345	PASSED	50	735	220	43	224	58	58	50	38	21	23	147	0	308054950	1139
1776361095809	S1_DepositRedeemMix	1772345	PASSED	50	1021	675	340	0	0	0	0	0	4	2	51	0	240539940	983
1776361100688	S2_AsyncRedeemFullCycle	1772345	PASSED	50	486	53	0	318	50	50	0	0	9	6	151	0	279702246	949
1776361106637	S3_RebalanceSettlement	1772345	PASSED	50	1766	835	0	708	50	50	50	55	9	9	201	0	731347847	2048
1776361110851	S4_ExchangeRateFeeAccrual	1772345	PASSED	50	212	128	25	0	0	0	0	0	50	9	50	0	64654838	301
1776361116519	S5_SanctionedUserInterlace	1772345	PASSED	50	2075	1603	411	17	17	17	0	0	6	4	51	0	517671381	1684
1776361121013	S6_InFlightEdgeCases	1772345	PASSED	50	361	113	11	73	26	26	58	26	16	12	51	0	135087026	510
1776361125639	S7_FullProtocolEndurance	1772345	PASSED	15	891	502	109	200	15	15	15	16	15	4	17	0	229015523	738
1776361129936	S8_InvestSettlementEdge	1772345	PASSED	50	242	100	0	0	0	0	50	64	16	12	51	0	100524470	399
1776361135273	S9_MultiAdapterMix	1772345	PASSED	50	1437	781	0	430	50	50	50	54	9	13	102	0	491769135	1452
1776361140236	S10_InterleavedOperations	1772345	PASSED	50	636	158	43	192	59	59	50	31	21	23	147	0	277312556	1011
1776361145426	S1_DepositRedeemMix	1782345	PASSED	50	1437	913	518	0	0	0	0	0	4	2	51	0	342097786	1281
1776361150352	S2_AsyncRedeemFullCycle	1782345	PASSED	50	527	53	0	359	50	50	0	0	9	6	151	0	305666248	1011
1776361156287	S3_RebalanceSettlement	1782345	PASSED	50	1754	833	0	697	50	50	50	56	9	9	201	0	723551694	2020
1776361160489	S4_ExchangeRateFeeAccrual	1782345	PASSED	50	192	112	21	0	0	0	0	0	50	9	50	0	61038130	286
1776361166155	S5_SanctionedUserInterlace	1782345	PASSED	50	2255	1808	386	17	17	17	0	0	6	4	51	0	560670579	1768
1776361170558	S6_InFlightEdgeCases	1782345	PASSED	50	356	116	12	60	25	25	58	32	16	12	51	0	132343022	502
1776361175155	S7_FullProtocolEndurance	1782345	PASSED	15	788	436	121	155	15	15	15	12	15	4	17	0	194594295	688
1776361179483	S8_InvestSettlementEdge	1782345	PASSED	50	236	100	0	0	0	0	50	58	16	12	51	0	97850516	427
1776361184751	S9_MultiAdapterMix	1782345	PASSED	50	1319	712	0	400	50	50	50	35	9	13	102	0	447555702	1350
1776361189709	S10_InterleavedOperations	1782345	PASSED	50	642	189	41	176	55	55	50	34	20	22	144	0	272258135	1009
1776361194754	S1_DepositRedeemMix	1792345	PASSED	50	1276	855	415	0	0	0	0	0	4	2	51	0	298590071	1144
1776361199654	S2_AsyncRedeemFullCycle	1792345	PASSED	50	487	56	0	318	49	49	0	0	9	6	151	0	280133095	998
1776361205539	S3_RebalanceSettlement	1792345	PASSED	50	1670	792	0	645	50	50	50	65	9	9	201	0	688962187	1956
1776361209759	S4_ExchangeRateFeeAccrual	1792345	PASSED	50	198	119	20	0	0	0	0	0	50	9	50	0	62136653	291
1776361215507	S5_SanctionedUserInterlace	1792345	PASSED	50	2297	1794	442	17	17	17	0	0	6	4	51	0	576884020	1807
1776361219960	S6_InFlightEdgeCases	1792345	PASSED	50	404	148	26	76	22	22	58	24	16	12	51	0	141070436	529
1776361224526	S7_FullProtocolEndurance	1792345	PASSED	15	837	493	119	144	15	15	15	17	15	4	17	0	202190901	674
1776361228863	S8_InvestSettlementEdge	1792345	PASSED	50	244	100	0	0	0	0	50	66	16	12	51	0	101161411	399
1776361234269	S9_MultiAdapterMix	1792345	PASSED	50	1530	877	0	433	50	50	50	48	9	13	102	0	514426394	1492
1776361239229	S10_InterleavedOperations	1792345	PASSED	50	699	217	35	205	58	58	50	34	20	22	146	0	291751472	1039
1776361244215	S1_DepositRedeemMix	1802345	PASSED	50	1180	793	381	0	0	0	0	0	4	2	51	0	275996370	1095
1776361249130	S2_AsyncRedeemFullCycle	1802345	PASSED	50	479	56	0	308	50	50	0	0	9	6	151	0	276771323	1002
1776361255087	S3_RebalanceSettlement	1802345	PASSED	50	1790	863	0	696	49	49	50	65	9	9	201	0	735247791	2034
1776361259328	S4_ExchangeRateFeeAccrual	1802345	PASSED	50	186	111	16	0	0	0	0	0	50	9	50	0	60045859	287
1776361264963	S5_SanctionedUserInterlace	1802345	PASSED	50	2073	1640	372	17	17	17	0	0	6	4	51	0	513013208	1704
1776361269431	S6_InFlightEdgeCases	1802345	PASSED	50	413	158	21	67	24	24	58	33	16	12	51	0	141080167	533
1776361274123	S7_FullProtocolEndurance	1802345	PASSED	15	893	526	117	170	15	15	15	16	15	4	17	0	219714203	772
1776361278416	S8_InvestSettlementEdge	1802345	PASSED	50	248	100	0	0	0	0	50	70	16	12	51	0	102932904	407
1776361283859	S9_MultiAdapterMix	1802345	PASSED	50	1614	943	0	456	49	49	50	45	9	13	102	0	541444743	1566
1776361288823	S10_InterleavedOperations	1802345	PASSED	50	661	188	39	201	53	53	50	33	21	23	143	0	283610625	1009
1776361293871	S1_DepositRedeemMix	1812345	PASSED	50	1238	819	413	0	0	0	0	0	4	2	51	0	289884981	1149
1776361298792	S2_AsyncRedeemFullCycle	1812345	PASSED	50	538	59	0	370	47	47	0	0	9	6	151	0	311475380	1016
1776361304751	S3_RebalanceSettlement	1812345	PASSED	50	1747	834	0	690	49	49	50	57	9	9	201	0	719792889	2047
1776361308958	S4_ExchangeRateFeeAccrual	1812345	PASSED	50	207	119	29	0	0	0	0	0	50	9	50	0	63622939	297
1776361314569	S5_SanctionedUserInterlace	1812345	PASSED	50	2222	1851	310	17	17	17	0	0	6	4	51	0	547168627	1731
1776361319029	S6_InFlightEdgeCases	1812345	PASSED	50	398	144	20	65	27	27	58	29	16	12	51	0	137386448	526
1776361323721	S7_FullProtocolEndurance	1812345	PASSED	15	883	508	148	150	15	15	15	13	15	4	17	0	212666087	774
1776361328030	S8_InvestSettlementEdge	1812345	PASSED	50	237	100	0	0	0	0	50	59	16	12	51	0	98384925	394
1776361333651	S9_MultiAdapterMix	1812345	PASSED	50	1704	992	0	488	50	50	50	52	9	13	102	0	577992335	1626
1776361338571	S10_InterleavedOperations	1812345	PASSED	50	667	202	54	182	53	53	50	29	21	23	144	0	277293754	1011
1776361343642	S1_DepositRedeemMix	1822345	PASSED	50	1220	805	409	0	0	0	0	0	4	2	51	0	285662561	1144
1776361348487	S2_AsyncRedeemFullCycle	1822345	PASSED	50	450	52	0	287	48	48	0	0	9	6	151	0	264277491	921
1776361354340	S3_RebalanceSettlement	1822345	PASSED	50	1682	804	0	641	50	50	50	69	9	9	201	0	687415886	1959
1776361358624	S4_ExchangeRateFeeAccrual	1822345	PASSED	50	228	145	24	0	0	0	0	0	50	9	50	0	66599880	321
1776361364235	S5_SanctionedUserInterlace	1822345	PASSED	50	2200	1736	403	17	17	17	0	0	6	4	51	0	540902985	1720
1776361368715	S6_InFlightEdgeCases	1822345	PASSED	50	431	164	16	76	25	25	58	39	16	12	51	0	149356061	555
1776361373401	S7_FullProtocolEndurance	1822345	PASSED	15	917	483	158	199	15	15	15	13	15	4	17	0	233642732	786
1776361377714	S8_InvestSettlementEdge	1822345	PASSED	50	242	100	0	0	0	0	50	64	16	12	51	0	100264556	410
1776361383053	S9_MultiAdapterMix	1822345	PASSED	50	1469	866	0	387	48	48	50	48	9	13	102	0	486497141	1441
1776361387984	S10_InterleavedOperations	1822345	PASSED	50	634	175	32	201	53	53	50	28	20	22	143	0	277212836	991
1776361393013	S1_DepositRedeemMix	1832345	PASSED	50	1199	806	387	0	0	0	0	0	4	2	51	0	280425779	1096
1776361397883	S2_AsyncRedeemFullCycle	1832345	PASSED	50	488	59	0	314	50	50	0	0	9	6	151	0	279619112	956
1776361403768	S3_RebalanceSettlement	1832345	PASSED	50	1722	880	0	607	48	48	50	71	9	9	201	0	687338642	1982
1776361407989	S4_ExchangeRateFeeAccrual	1832345	PASSED	50	208	123	26	0	0	0	0	0	50	9	50	0	63473834	300
1776361413644	S5_SanctionedUserInterlace	1832345	PASSED	50	2207	1746	400	17	17	17	0	0	6	4	51	0	545705495	1754
1776361418089	S6_InFlightEdgeCases	1832345	PASSED	50	411	132	24	78	28	28	58	35	16	12	51	0	146638334	533
1776361422673	S7_FullProtocolEndurance	1832345	PASSED	15	862	490	128	167	15	15	15	13	15	4	17	0	212065751	703
1776361426952	S8_InvestSettlementEdge	1832345	PASSED	50	240	100	0	0	0	0	50	62	16	12	51	0	99536147	397
1776361432382	S9_MultiAdapterMix	1832345	PASSED	50	1414	759	0	446	49	49	50	39	9	13	102	0	486576108	1519
1776361437338	S10_InterleavedOperations	1832345	PASSED	50	660	205	43	184	53	53	50	28	21	23	145	0	275953803	1024
1776361442318	S1_DepositRedeemMix	1842345	PASSED	50	1087	721	360	0	0	0	0	0	4	2	51	0	256648106	1027
1776361447283	S2_AsyncRedeemFullCycle	1842345	PASSED	50	558	58	0	387	49	49	0	0	9	6	151	0	321093598	1059
1776361453109	S3_RebalanceSettlement	1842345	PASSED	50	1654	816	0	595	50	50	50	75	9	9	201	0	665892308	1911
1776361457354	S4_ExchangeRateFeeAccrual	1842345	PASSED	50	211	123	29	0	0	0	0	0	50	9	50	0	64269504	327
1776361463063	S5_SanctionedUserInterlace	1842345	PASSED	50	2255	1775	419	17	17	17	0	0	6	4	51	0	564074616	1770
1776361467534	S6_InFlightEdgeCases	1842345	PASSED	50	438	152	29	80	28	28	58	35	16	12	51	0	152480830	562
1776361472189	S7_FullProtocolEndurance	1842345	PASSED	15	926	521	114	212	15	15	15	15	15	4	17	0	238791922	760
1776361476511	S8_InvestSettlementEdge	1842345	PASSED	50	242	100	0	0	0	0	50	64	16	12	51	0	100305970	404
1776361481935	S9_MultiAdapterMix	1842345	PASSED	50	1504	854	0	432	48	48	50	50	9	13	102	0	507588065	1528
1776361486816	S10_InterleavedOperations	1842345	PASSED	50	636	198	38	175	53	53	50	27	20	22	142	0	266755515	988
1776361491892	S1_DepositRedeemMix	1852345	PASSED	50	1258	784	468	0	0	0	0	0	4	2	51	0	296399113	1155
1776361496798	S2_AsyncRedeemFullCycle	1852345	PASSED	50	529	56	0	358	50	50	0	0	9	6	151	0	303033342	996
1776361502668	S3_RebalanceSettlement	1852345	PASSED	50	1652	829	0	590	50	50	50	65	9	9	201	0	664140371	1904
1776361506877	S4_ExchangeRateFeeAccrual	1852345	PASSED	50	206	128	19	0	0	0	0	0	50	9	50	0	63127310	311
1776361512642	S5_SanctionedUserInterlace	1852345	PASSED	50	2251	1796	394	17	17	17	0	0	6	4	51	0	563337862	1841
1776361517130	S6_InFlightEdgeCases	1852345	PASSED	50	475	170	18	104	28	28	58	41	16	12	51	0	165320450	581
1776361521720	S7_FullProtocolEndurance	1852345	PASSED	15	834	486	128	144	15	15	15	12	15	4	17	0	199450907	682
1776361526029	S8_InvestSettlementEdge	1852345	PASSED	50	245	100	0	0	0	0	50	67	16	12	51	0	101513572	400
1776361531408	S9_MultiAdapterMix	1852345	PASSED	50	1500	875	0	403	50	50	50	50	9	13	102	0	497055247	1477
1776361536319	S10_InterleavedOperations	1852345	PASSED	50	643	178	44	188	56	56	50	27	21	23	146	0	275220488	1013
1776361541370	S1_DepositRedeemMix	1862345	PASSED	50	1237	813	418	0	0	0	0	0	4	2	51	0	289803569	1136
1776361546232	S2_AsyncRedeemFullCycle	1862345	PASSED	50	507	53	0	339	50	50	0	0	9	6	151	0	294901569	990
1776361552127	S3_RebalanceSettlement	1862345	PASSED	50	1753	921	0	603	49	49	50	63	9	9	201	0	691271526	1985
1776361556351	S4_ExchangeRateFeeAccrual	1862345	PASSED	50	215	132	24	0	0	0	0	0	50	9	50	0	64684592	301
1776361561937	S5_SanctionedUserInterlace	1862345	PASSED	50	2089	1702	326	17	17	17	0	0	6	4	51	0	522443617	1657
1776361566312	S6_InFlightEdgeCases	1862345	PASSED	50	342	103	7	65	24	24	58	33	16	12	51	0	132876758	488
1776361571017	S7_FullProtocolEndurance	1862345	PASSED	15	994	566	147	204	15	15	15	13	15	4	17	0	249629976	809
1776361575350	S8_InvestSettlementEdge	1862345	PASSED	50	239	100	0	0	0	0	50	61	16	12	51	0	99078926	405
1776361580721	S9_MultiAdapterMix	1862345	PASSED	50	1485	864	0	408	49	49	50	43	9	13	102	0	492229158	1472
1776361585767	S10_InterleavedOperations	1862345	PASSED	50	684	196	49	198	59	59	50	29	21	23	148	0	287991959	1111
1776361590812	S1_DepositRedeemMix	1872345	PASSED	50	1250	793	451	0	0	0	0	0	4	2	51	0	293700695	1141
1776361595743	S2_AsyncRedeemFullCycle	1872345	PASSED	50	512	55	0	344	49	49	0	0	9	6	151	0	294398764	1038
1776361601713	S3_RebalanceSettlement	1872345	PASSED	50	1642	857	0	562	48	48	50	59	9	9	201	0	646369159	2063
1776361605872	S4_ExchangeRateFeeAccrual	1872345	PASSED	50	181	104	18	0	0	0	0	0	50	9	50	0	59145101	278
1776361611504	S5_SanctionedUserInterlace	1872345	PASSED	50	2202	1720	421	17	17	17	0	0	6	4	51	0	544488440	1755
1776361615956	S6_InFlightEdgeCases	1872345	PASSED	50	366	123	15	65	23	23	58	31	16	12	51	0	134676070	505
1776361620536	S7_FullProtocolEndurance	1872345	PASSED	15	832	440	144	173	15	15	15	11	15	4	17	0	208939197	682
1776361624833	S8_InvestSettlementEdge	1872345	PASSED	50	242	100	0	0	0	0	50	64	16	12	51	0	100451714	397
1776361630240	S9_MultiAdapterMix	1872345	PASSED	50	1532	865	0	442	50	50	50	53	9	13	102	0	521257467	1513
1776361635274	S10_InterleavedOperations	1872345	PASSED	50	734	213	52	227	60	60	50	28	21	23	149	0	307187989	1137
1776361640387	S1_DepositRedeemMix	1882345	PASSED	50	1285	842	437	0	0	0	0	0	4	2	51	0	301143276	1158
1776361645235	S2_AsyncRedeemFullCycle	1882345	PASSED	50	466	52	0	299	50	50	0	0	9	6	151	0	271680998	927
1776361651118	S3_RebalanceSettlement	1882345	PASSED	50	1755	943	0	585	50	50	50	59	9	9	201	0	683441375	1976
1776361655321	S4_ExchangeRateFeeAccrual	1882345	PASSED	50	169	91	19	0	0	0	0	0	50	9	50	0	57943547	275
1776361660949	S5_SanctionedUserInterlace	1882345	PASSED	50	2182	1790	331	17	17	17	0	0	6	4	51	0	541995216	1733
1776361665370	S6_InFlightEdgeCases	1882345	PASSED	50	362	112	19	58	26	26	58	35	16	12	51	0	134762467	521
1776361669956	S7_FullProtocolEndurance	1882345	PASSED	15	825	409	146	193	15	15	15	13	15	4	17	0	214218720	697
1776361674261	S8_InvestSettlementEdge	1882345	PASSED	50	242	100	0	0	0	0	50	64	16	12	51	0	100221488	419
1776361679766	S9_MultiAdapterMix	1882345	PASSED	50	1634	938	0	475	50	50	50	49	9	13	102	0	554705015	1582
1776361684712	S10_InterleavedOperations	1882345	PASSED	50	678	211	37	187	60	60	50	29	21	23	149	0	284146213	1031
1776361689940	S1_DepositRedeemMix	1892345	PASSED	50	1431	934	491	0	0	0	0	0	4	2	51	0	339653037	1288
1776361694725	S2_AsyncRedeemFullCycle	1892345	PASSED	50	433	52	0	268	49	49	0	0	9	6	151	0	255427214	895
1776361700555	S3_RebalanceSettlement	1892345	PASSED	50	1680	847	0	606	49	49	50	61	9	9	201	0	672030973	1934
1776361704713	S4_ExchangeRateFeeAccrual	1892345	PASSED	50	177	98	20	0	0	0	0	0	50	9	50	0	58895499	280
1776361710183	S5_SanctionedUserInterlace	1892345	PASSED	50	1941	1583	300	16	16	16	0	0	6	4	51	0	474981206	1581
1776361714670	S6_InFlightEdgeCases	1892345	PASSED	50	444	160	13	93	31	31	58	30	16	12	51	0	154398906	567
1776361719304	S7_FullProtocolEndurance	1892345	PASSED	15	847	461	91	216	15	15	15	15	15	4	17	0	223967187	706
1776361723621	S8_InvestSettlementEdge	1892345	PASSED	50	246	100	0	0	0	0	50	68	16	12	51	0	101838882	405
1776361728984	S9_MultiAdapterMix	1892345	PASSED	50	1454	772	0	468	50	50	50	42	9	13	102	0	504568146	1446
1776361733926	S10_InterleavedOperations	1892345	PASSED	50	677	214	39	180	58	58	50	34	21	23	146	0	281057901	1027
1776361738934	S1_DepositRedeemMix	1902345	PASSED	50	1147	759	382	0	0	0	0	0	4	2	51	0	268968311	1101
1776361743782	S2_AsyncRedeemFullCycle	1902345	PASSED	50	472	55	0	302	50	50	0	0	9	6	151	0	274447318	955
1776361749635	S3_RebalanceSettlement	1902345	PASSED	50	1652	764	0	660	50	50	50	60	9	9	201	0	688070224	1955
1776361753823	S4_ExchangeRateFeeAccrual	1902345	PASSED	50	175	101	15	0	0	0	0	0	50	9	50	0	58370893	277
1776361759435	S5_SanctionedUserInterlace	1902345	PASSED	50	2155	1713	381	17	17	17	0	0	6	4	51	0	534348142	1706
1776361763879	S6_InFlightEdgeCases	1902345	PASSED	50	386	127	18	67	25	25	58	38	16	12	51	0	138397131	518
1776361768455	S7_FullProtocolEndurance	1902345	PASSED	15	799	430	73	218	15	15	15	14	15	4	17	0	216331627	674
1776361772719	S8_InvestSettlementEdge	1902345	PASSED	50	237	100	0	0	0	0	50	59	16	12	51	0	98146531	394
1776361778153	S9_MultiAdapterMix	1902345	PASSED	50	1546	942	0	379	49	49	50	55	9	13	102	0	501788750	1502
1776361787998	S1_DepositRedeemMix	1912345	PASSED	50	1182	790	386	0	0	0	0	0	4	2	51	0	276327358	1121
1776361792920	S2_AsyncRedeemFullCycle	1912345	PASSED	50	512	56	0	341	50	50	0	0	9	6	151	0	295182851	1029
1776361799057	S3_RebalanceSettlement	1912345	PASSED	50	1870	911	0	719	50	50	50	72	9	9	201	0	768060987	2202
1776361803244	S4_ExchangeRateFeeAccrual	1912345	PASSED	50	172	100	13	0	0	0	0	0	50	9	50	0	57974227	295
1776361808809	S5_SanctionedUserInterlace	1912345	PASSED	50	2093	1598	434	17	17	17	0	0	6	4	51	0	518427830	1668
1776361813295	S6_InFlightEdgeCases	1912345	PASSED	50	423	149	12	88	29	29	58	30	16	12	51	0	150108271	548
1776361817961	S7_FullProtocolEndurance	1912345	PASSED	15	864	475	125	188	15	15	15	12	15	4	17	0	218910472	749
1776361822279	S8_InvestSettlementEdge	1912345	PASSED	50	241	100	0	0	0	0	50	63	16	12	51	0	100062210	414
1776361827704	S9_MultiAdapterMix	1912345	PASSED	50	1539	844	0	467	50	50	50	56	9	13	102	0	529971996	1522
1776361832567	S10_InterleavedOperations	1912345	PASSED	50	598	168	25	180	53	53	50	25	21	23	143	0	261385263	966
1776361837560	S1_DepositRedeemMix	1922345	PASSED	50	1149	761	382	0	0	0	0	0	4	2	51	0	269341685	1077
1776361842388	S2_AsyncRedeemFullCycle	1922345	PASSED	50	474	55	0	306	49	49	0	0	9	6	151	0	276732177	945
1776361848176	S3_RebalanceSettlement	1922345	PASSED	50	1606	768	0	611	48	48	50	63	9	9	201	0	655983992	1883
1776361852401	S4_ExchangeRateFeeAccrual	1922345	PASSED	50	206	122	25	0	0	0	0	0	50	9	50	0	63354256	298
1776361857984	S5_SanctionedUserInterlace	1922345	PASSED	50	2112	1617	434	17	17	17	0	0	6	4	51	0	519181099	1683
1776361862445	S6_InFlightEdgeCases	1922345	PASSED	50	412	157	9	72	27	27	58	34	16	12	51	0	143493749	532
1776361867059	S7_FullProtocolEndurance	1922345	PASSED	15	847	474	145	151	15	15	15	13	15	4	17	0	205595298	692
1776361871375	S8_InvestSettlementEdge	1922345	PASSED	50	244	100	0	0	0	0	50	66	16	12	51	0	101187902	408
1776361876703	S9_MultiAdapterMix	1922345	PASSED	50	1443	824	0	397	50	50	50	50	9	13	102	0	481069521	1437
1776361881716	S10_InterleavedOperations	1922345	PASSED	50	726	232	47	206	59	59	50	29	21	23	148	0	297348577	1085
1776361886769	S1_DepositRedeemMix	1932345	PASSED	50	1290	826	458	0	0	0	0	0	4	2	51	0	302981978	1160
1776361891763	S2_AsyncRedeemFullCycle	1932345	PASSED	50	562	58	0	391	49	49	0	0	9	6	151	0	323777054	1054
1776361897691	S3_RebalanceSettlement	1932345	PASSED	50	1726	821	0	665	50	50	50	72	9	9	201	0	709473913	2011
1776361901887	S4_ExchangeRateFeeAccrual	1932345	PASSED	50	184	107	18	0	0	0	0	0	50	9	50	0	59929586	281
1776361907540	S5_SanctionedUserInterlace	1932345	PASSED	50	2249	1883	308	16	16	16	0	0	6	4	51	0	560465369	1750
1776361911943	S6_InFlightEdgeCases	1932345	PASSED	50	365	121	11	61	25	25	58	36	16	12	51	0	131557520	498
1776361916557	S7_FullProtocolEndurance	1932345	PASSED	15	861	492	115	175	15	15	15	15	15	4	17	0	214816340	726
1776361920863	S8_InvestSettlementEdge	1932345	PASSED	50	238	100	0	0	0	0	50	60	16	12	51	0	98496879	392
1776361926329	S9_MultiAdapterMix	1932345	PASSED	50	1561	933	0	399	50	50	50	57	9	13	102	0	516663418	1543
1776361931314	S10_InterleavedOperations	1932345	PASSED	50	707	213	38	222	54	54	50	32	21	23	145	0	297882061	1062
1776361936424	S1_DepositRedeemMix	1942345	PASSED	50	1358	849	503	0	0	0	0	0	4	2	51	0	320490692	1223
1776361941328	S2_AsyncRedeemFullCycle	1942345	PASSED	50	523	59	0	349	50	50	0	0	9	6	151	0	299564792	993
1776361947223	S3_RebalanceSettlement	1942345	PASSED	50	1755	878	0	645	49	49	50	66	9	9	201	0	707742462	1998
1776361951419	S4_ExchangeRateFeeAccrual	1942345	PASSED	50	207	119	29	0	0	0	0	0	50	9	50	0	63768293	301
1776361957115	S5_SanctionedUserInterlace	1942345	PASSED	50	2153	1665	427	17	17	17	0	0	6	4	51	0	538290581	1715
1776361961552	S6_InFlightEdgeCases	1942345	PASSED	50	401	134	14	79	27	27	58	34	16	12	51	0	145070542	540
1776361966151	S7_FullProtocolEndurance	1942345	PASSED	15	863	493	110	183	14	14	15	15	15	4	17	0	217600457	707
1776361970455	S8_InvestSettlementEdge	1942345	PASSED	50	246	100	0	0	0	0	50	68	16	12	51	0	101944861	401
1776361975862	S9_MultiAdapterMix	1942345	PASSED	50	1519	873	0	427	49	49	50	49	9	13	102	0	509335441	1494
1776361980754	S10_InterleavedOperations	1942345	PASSED	50	638	184	43	175	57	57	50	28	21	23	146	0	270255992	1004
1776361985734	S1_DepositRedeemMix	1952345	PASSED	50	1161	782	373	0	0	0	0	0	4	2	51	0	273335569	1071
1776361990618	S2_AsyncRedeemFullCycle	1952345	PASSED	50	443	50	0	280	49	49	0	0	9	6	151	0	261260173	952
1776361996345	S3_RebalanceSettlement	1952345	PASSED	50	1561	837	0	505	49	49	50	53	9	9	201	0	603632420	1802
1776362000526	S4_ExchangeRateFeeAccrual	1952345	PASSED	50	149	78	12	0	0	0	0	0	50	9	50	0	54821754	258
1776362006164	S5_SanctionedUserInterlace	1952345	PASSED	50	2191	1728	402	17	17	17	0	0	6	4	51	0	543580190	1722
1776362010658	S6_InFlightEdgeCases	1952345	PASSED	50	377	131	13	63	24	24	58	36	16	12	51	0	135816786	531
1776362015384	S7_FullProtocolEndurance	1952345	PASSED	15	984	585	134	182	15	15	15	19	15	4	17	0	242277036	803
1776362019678	S8_InvestSettlementEdge	1952345	PASSED	50	239	100	0	0	0	0	50	61	16	12	51	0	99124357	402
1776362024974	S9_MultiAdapterMix	1952345	PASSED	50	1409	788	0	401	48	48	50	52	9	13	102	0	474872014	1399
1776362029887	S10_InterleavedOperations	1952345	PASSED	50	633	179	46	180	55	55	50	28	19	21	145	0	271656189	1000
1776362034919	S1_DepositRedeemMix	1962345	PASSED	50	1184	794	384	0	0	0	0	0	4	2	51	0	276965843	1088
1776362039739	S2_AsyncRedeemFullCycle	1962345	PASSED	50	437	52	0	274	48	48	0	0	9	6	151	0	256518773	903
1776362045638	S3_RebalanceSettlement	1962345	PASSED	50	1743	923	0	583	49	49	50	71	9	9	201	0	686897673	1984
1776362049867	S4_ExchangeRateFeeAccrual	1962345	PASSED	50	198	118	21	0	0	0	0	0	50	9	50	0	61940878	291
1776362055475	S5_SanctionedUserInterlace	1962345	PASSED	50	2180	1768	351	17	17	17	0	0	6	4	51	0	543655074	1711
1776362059940	S6_InFlightEdgeCases	1962345	PASSED	50	453	177	17	86	26	26	58	35	16	12	51	0	155732729	563
1776362064597	S7_FullProtocolEndurance	1962345	PASSED	15	928	510	139	202	15	15	15	13	15	4	17	0	236168188	755
1776362068898	S8_InvestSettlementEdge	1962345	PASSED	50	241	100	0	0	0	0	50	63	16	12	51	0	99908037	393
1776362074141	S9_MultiAdapterMix	1962345	PASSED	50	1311	715	0	387	48	48	50	41	9	13	102	0	444102421	1347
1776362079105	S10_InterleavedOperations	1962345	PASSED	50	724	221	48	213	59	59	50	30	21	23	147	0	300025284	1067
1776362084123	S1_DepositRedeemMix	1972345	PASSED	50	1167	756	405	0	0	0	0	0	4	2	51	0	274105574	1082
1776362089050	S2_AsyncRedeemFullCycle	1972345	PASSED	50	541	58	0	368	50	50	0	0	9	6	151	0	309865029	1015
1776362094919	S3_RebalanceSettlement	1972345	PASSED	50	1757	905	0	624	48	48	50	64	9	9	201	0	700793296	1979
1776362099097	S4_ExchangeRateFeeAccrual	1972345	PASSED	50	199	122	18	0	0	0	0	0	50	9	50	0	61882088	292
1776362104681	S5_SanctionedUserInterlace	1972345	PASSED	50	2113	1684	368	17	17	17	0	0	6	4	51	0	528485777	1685
1776362109119	S6_InFlightEdgeCases	1972345	PASSED	50	395	142	16	69	26	26	58	30	16	12	51	0	140014910	523
1776362113820	S7_FullProtocolEndurance	1972345	PASSED	15	891	452	135	227	15	15	15	13	15	4	17	0	236717235	774
1776362118141	S8_InvestSettlementEdge	1972345	PASSED	50	246	100	0	0	0	0	50	68	16	12	51	0	101981590	402
1776362123532	S9_MultiAdapterMix	1972345	PASSED	50	1521	854	0	442	50	50	50	53	9	13	102	0	515985953	1491
1776362128513	S10_InterleavedOperations	1972345	PASSED	50	673	206	39	186	59	59	50	32	20	22	148	0	283050589	1033
1776362133506	S1_DepositRedeemMix	1982345	PASSED	50	1115	734	375	0	0	0	0	0	4	2	51	0	261780669	1090
1776362138414	S2_AsyncRedeemFullCycle	1982345	PASSED	50	471	55	0	301	50	50	0	0	9	6	151	0	272095780	983
1776362144214	S3_RebalanceSettlement	1982345	PASSED	50	1651	802	0	615	48	48	50	70	9	9	201	0	670824238	1923
1776362148437	S4_ExchangeRateFeeAccrual	1982345	PASSED	50	195	119	17	0	0	0	0	0	50	9	50	0	61376740	303
1776362154216	S5_SanctionedUserInterlace	1982345	PASSED	50	2277	1871	345	17	17	17	0	0	6	4	51	0	569615266	1865
1776362158646	S6_InFlightEdgeCases	1982345	PASSED	50	380	122	14	71	28	28	58	31	16	12	51	0	138599098	510
1776362163363	S7_FullProtocolEndurance	1982345	PASSED	15	1010	578	157	197	15	15	15	14	15	4	17	0	252626178	821
1776362167693	S8_InvestSettlementEdge	1982345	PASSED	50	241	100	0	0	0	0	50	63	16	12	51	0	99967837	410
1776362173180	S9_MultiAdapterMix	1982345	PASSED	50	1509	787	0	500	50	50	50	50	9	13	102	0	531404214	1556
1776362178126	S10_InterleavedOperations	1982345	PASSED	50	648	197	36	176	57	57	50	31	21	23	146	0	273873577	1011
1776362183211	S1_DepositRedeemMix	1992345	PASSED	50	1283	861	416	0	0	0	0	0	4	2	51	0	300528635	1178
1776362188103	S2_AsyncRedeemFullCycle	1992345	PASSED	50	496	55	0	328	49	49	0	0	9	6	151	0	286065095	967
1776362194069	S3_RebalanceSettlement	1992345	PASSED	50	1823	937	0	648	50	50	50	70	9	9	201	0	727551189	2051
1776362198301	S4_ExchangeRateFeeAccrual	1992345	PASSED	50	191	112	20	0	0	0	0	0	50	9	50	0	61106694	287
1776362204023	S5_SanctionedUserInterlace	1992345	PASSED	50	2189	1703	425	17	17	17	0	0	6	4	51	0	544801047	1804
1776362208539	S6_InFlightEdgeCases	1992345	PASSED	50	436	158	22	85	25	25	58	35	16	12	51	0	152881026	578
1776362213187	S7_FullProtocolEndurance	1992345	PASSED	15	914	502	138	192	15	15	15	18	15	4	17	0	231737226	747
1776362217530	S8_InvestSettlementEdge	1992345	PASSED	50	241	100	0	0	0	0	50	63	16	12	51	0	99824629	415
1776362222842	S9_MultiAdapterMix	1992345	PASSED	50	1425	792	0	413	50	50	50	48	9	13	102	0	484081122	1413
1776362227770	S10_InterleavedOperations	1992345	PASSED	50	653	213	39	167	56	56	50	30	20	22	146	0	271762344	1011
1776362232922	S1_DepositRedeemMix	2002345	PASSED	50	1367	901	460	0	0	0	0	0	4	2	51	0	320925107	1207
1776362237825	S2_AsyncRedeemFullCycle	2002345	PASSED	50	501	58	0	332	48	48	0	0	9	6	151	0	288018628	982
1776362243708	S3_RebalanceSettlement	2002345	PASSED	50	1601	790	0	582	50	50	50	61	9	9	201	0	642817438	1985
1776362247901	S4_ExchangeRateFeeAccrual	2002345	PASSED	50	168	101	8	0	0	0	0	0	50	9	50	0	57192871	274
1776362253379	S5_SanctionedUserInterlace	2002345	PASSED	50	1931	1493	377	17	17	17	0	0	6	4	51	0	473849931	1561
1776362257862	S6_InFlightEdgeCases	2002345	PASSED	50	449	160	10	94	29	29	58	41	16	12	51	0	158801922	565
1776362262750	S7_FullProtocolEndurance	2002345	PASSED	15	1155	689	178	206	15	15	15	18	15	4	17	0	285225567	973
1776362267052	S8_InvestSettlementEdge	2002345	PASSED	50	246	100	0	0	0	0	50	68	16	12	51	0	101874348	404
1776362272449	S9_MultiAdapterMix	2002345	PASSED	50	1506	800	0	481	50	50	50	53	9	13	102	0	525674100	1513
1776362277487	S10_InterleavedOperations	2002345	PASSED	50	719	215	35	229	59	59	50	32	19	21	148	0	305783768	1145
1776362282570	S1_DepositRedeemMix	2012345	PASSED	50	1283	830	447	0	0	0	0	0	4	2	51	0	303140726	1157
1776362287517	S2_AsyncRedeemFullCycle	2012345	PASSED	50	538	58	0	365	50	50	0	0	9	6	151	0	309704816	1026
1776362293346	S3_RebalanceSettlement	2012345	PASSED	50	1587	766	0	590	50	50	50	63	9	9	201	0	644116633	1899
1776362297583	S4_ExchangeRateFeeAccrual	2012345	PASSED	50	246	157	30	0	0	0	0	0	50	9	50	0	68948284	328
1776362303123	S5_SanctionedUserInterlace	2012345	PASSED	50	2050	1721	268	17	17	17	0	0	6	4	51	0	507130211	1637
1776362307603	S6_InFlightEdgeCases	2012345	PASSED	50	402	138	13	72	27	27	58	39	16	12	51	0	143805058	561
1776362312263	S7_FullProtocolEndurance	2012345	PASSED	15	927	540	121	188	15	15	15	14	15	4	17	0	231480442	747
1776362316629	S8_InvestSettlementEdge	2012345	PASSED	50	244	100	0	0	0	0	50	66	16	12	51	0	101108530	402
1776362322074	S9_MultiAdapterMix	2012345	PASSED	50	1563	879	0	457	49	49	50	57	9	13	102	0	533048737	1553
1776362327032	S10_InterleavedOperations	2012345	PASSED	50	673	201	39	198	57	57	50	27	21	23	147	0	283192458	1035
1776362332043	S1_DepositRedeemMix	2022345	PASSED	50	1173	769	398	0	0	0	0	0	4	2	51	0	275136206	1097
1776362336904	S2_AsyncRedeemFullCycle	2022345	PASSED	50	459	55	0	291	49	49	0	0	9	6	151	0	265462007	911
1776362342869	S3_RebalanceSettlement	2022345	PASSED	50	1791	830	0	733	50	50	50	60	9	9	201	0	752736106	2038
1776362347082	S4_ExchangeRateFeeAccrual	2022345	PASSED	50	199	116	24	0	0	0	0	0	50	9	50	0	62213678	311
1776362352710	S5_SanctionedUserInterlace	2022345	PASSED	50	2158	1699	401	16	16	16	0	0	6	4	51	0	531449841	1715
1776362357179	S6_InFlightEdgeCases	2022345	PASSED	50	372	131	13	67	23	23	58	29	16	12	51	0	134260347	528
1776362361860	S7_FullProtocolEndurance	2022345	PASSED	15	926	520	153	177	15	15	15	12	15	4	17	0	228223293	761
1776362366218	S8_InvestSettlementEdge	2022345	PASSED	50	248	100	0	0	0	0	50	70	16	12	51	0	102828401	403
1776362371606	S9_MultiAdapterMix	2022345	PASSED	50	1470	820	0	437	50	50	50	41	9	13	102	0	497580070	1467
1776362376634	S10_InterleavedOperations	2022345	PASSED	50	748	206	47	242	62	62	50	35	21	23	150	0	316231722	1102
1776362381536	S1_DepositRedeemMix	2032345	PASSED	50	1013	669	338	0	0	0	0	0	4	2	51	0	238722707	992
1776362386436	S2_AsyncRedeemFullCycle	2032345	PASSED	50	510	58	0	339	49	49	0	0	9	6	151	0	294065520	975
1776362392344	S3_RebalanceSettlement	2032345	PASSED	50	1757	948	0	582	49	49	50	61	9	9	201	0	683625458	1971
1776362396610	S4_ExchangeRateFeeAccrual	2032345	PASSED	50	211	126	26	0	0	0	0	0	50	9	50	0	63942687	316
1776362402324	S5_SanctionedUserInterlace	2032345	PASSED	50	2221	1809	351	17	17	17	0	0	6	4	51	0	564668885	1820
1776362406773	S6_InFlightEdgeCases	2032345	PASSED	50	389	127	18	71	27	27	58	33	16	12	51	0	141434177	522
1776362411424	S7_FullProtocolEndurance	2032345	PASSED	15	833	395	113	251	15	15	15	10	15	4	17	0	232575976	726
1776362415736	S8_InvestSettlementEdge	2032345	PASSED	50	244	100	0	0	0	0	50	66	16	12	51	0	101086544	402
1776362421032	S9_MultiAdapterMix	2032345	PASSED	50	1389	817	0	359	50	50	50	41	9	13	102	0	454350557	1371
1776362426038	S10_InterleavedOperations	2032345	PASSED	50	657	198	40	191	56	56	50	22	21	23	148	0	278419662	1071
1776362430932	S1_DepositRedeemMix	2042345	PASSED	50	1036	696	334	0	0	0	0	0	4	2	51	0	244390171	974
1776362435790	S2_AsyncRedeemFullCycle	2042345	PASSED	50	450	56	0	285	47	47	0	0	9	6	151	0	264035081	923
1776362441851	S3_RebalanceSettlement	2042345	PASSED	50	1787	903	0	658	50	50	50	58	9	9	201	0	721809555	2113
1776362446068	S4_ExchangeRateFeeAccrual	2042345	PASSED	50	208	124	25	0	0	0	0	0	50	9	50	0	63610568	297
1776362451647	S5_SanctionedUserInterlace	2042345	PASSED	50	2160	1715	384	17	17	17	0	0	6	4	51	0	541613536	1691
1776362456128	S6_InFlightEdgeCases	2042345	PASSED	50	455	164	20	91	27	27	58	40	16	12	51	0	158039277	562
1776362460856	S7_FullProtocolEndurance	2042345	PASSED	15	995	518	150	250	15	15	15	13	15	4	17	0	267410621	818
1776362465185	S8_InvestSettlementEdge	2042345	PASSED	50	238	100	0	0	0	0	50	60	16	12	51	0	98917178	419
1776362470578	S9_MultiAdapterMix	2042345	PASSED	50	1474	838	0	417	47	47	50	53	9	13	102	0	501725309	1456
1776362475496	S10_InterleavedOperations	2042345	PASSED	50	638	180	41	184	57	57	50	25	21	23	147	0	275237731	1016
1776362480612	S1_DepositRedeemMix	2052345	PASSED	50	1346	872	468	0	0	0	0	0	4	2	51	0	318558582	1204
1776362485535	S2_AsyncRedeemFullCycle	2052345	PASSED	50	512	58	0	341	49	49	0	0	9	6	151	0	295207648	985
1776362491503	S3_RebalanceSettlement	2052345	PASSED	50	1760	881	0	644	50	50	50	67	9	9	201	0	712377870	2097
1776362495708	S4_ExchangeRateFeeAccrual	2052345	PASSED	50	189	111	19	0	0	0	0	0	50	9	50	0	60351602	286
1776362501359	S5_SanctionedUserInterlace	2052345	PASSED	50	2205	1808	336	17	17	17	0	0	6	4	51	0	553589969	1731
1776362505864	S6_InFlightEdgeCases	2052345	PASSED	50	386	133	9	75	28	28	58	27	16	12	51	0	138604771	564
1776362510404	S7_FullProtocolEndurance	2052345	PASSED	15	757	444	83	151	15	15	15	15	15	4	17	0	187489702	625
1776362514690	S8_InvestSettlementEdge	2052345	PASSED	50	240	100	0	0	0	0	50	62	16	12	51	0	99543673	401
1776362520074	S9_MultiAdapterMix	2052345	PASSED	50	1427	738	0	470	50	50	50	47	9	13	102	0	502757743	1449
1776362525113	S10_InterleavedOperations	2052345	PASSED	50	712	215	45	207	59	59	50	35	20	22	148	0	299413745	1075
1776362530257	S1_DepositRedeemMix	2062345	PASSED	50	1328	848	474	0	0	0	0	0	4	2	51	0	316400400	1194
1776362535075	S2_AsyncRedeemFullCycle	2062345	PASSED	50	454	52	0	287	50	50	0	0	9	6	151	0	263759565	907
1776362540996	S3_RebalanceSettlement	2062345	PASSED	50	1833	924	0	681	50	50	50	60	9	9	201	0	743589682	2038
1776362545230	S4_ExchangeRateFeeAccrual	2062345	PASSED	50	183	112	12	0	0	0	0	0	50	9	50	0	59635400	306
1776362550984	S5_SanctionedUserInterlace	2062345	PASSED	50	2178	1781	336	17	17	17	0	0	6	4	51	0	549453246	1855
1776362555479	S6_InFlightEdgeCases	2062345	PASSED	50	433	154	27	78	26	26	58	36	16	12	51	0	150108112	564
1776362560058	S7_FullProtocolEndurance	2062345	PASSED	15	826	448	108	192	15	15	15	14	15	4	17	0	214713445	689
1776362564374	S8_InvestSettlementEdge	2062345	PASSED	50	244	100	0	0	0	0	50	66	16	12	51	0	101187159	402
1776362569807	S9_MultiAdapterMix	2062345	PASSED	50	1540	915	0	411	49	49	50	44	9	13	102	0	510019840	1535
1776362574737	S10_InterleavedOperations	2062345	PASSED	50	671	220	34	177	57	57	50	34	20	22	146	0	279538677	1016
1776362579815	S1_DepositRedeemMix	2072345	PASSED	50	1254	836	412	0	0	0	0	0	4	2	51	0	295530414	1147
1776362584677	S2_AsyncRedeemFullCycle	2072345	PASSED	50	473	53	0	307	49	49	0	0	9	6	151	0	275979685	949
1776362590738	S3_RebalanceSettlement	2072345	PASSED	50	1938	1026	0	674	50	50	50	70	9	9	201	0	777830139	2141
1776362594962	S4_ExchangeRateFeeAccrual	2072345	PASSED	50	175	101	15	0	0	0	0	0	50	9	50	0	58487586	277
1776362600563	S5_SanctionedUserInterlace	2072345	PASSED	50	2171	1725	388	16	16	16	0	0	6	4	51	0	541780334	1726
1776362605097	S6_InFlightEdgeCases	2072345	PASSED	50	424	142	21	81	28	28	58	38	16	12	51	0	149886473	584
1776362609816	S7_FullProtocolEndurance	2072345	PASSED	15	998	585	121	215	15	15	15	13	15	4	17	0	254425345	825
1776362614132	S8_InvestSettlementEdge	2072345	PASSED	50	244	100	0	0	0	0	50	66	16	12	51	0	101141849	412
1776362619481	S9_MultiAdapterMix	2072345	PASSED	50	1422	800	0	411	49	49	50	41	9	13	102	0	480837400	1426
1776362624442	S10_InterleavedOperations	2072345	PASSED	50	720	224	40	216	58	58	50	30	21	23	148	0	301298229	1066
1776362629501	S1_DepositRedeemMix	2082345	PASSED	50	1225	788	431	0	0	0	0	0	4	2	51	0	289538863	1127
1776362634441	S2_AsyncRedeemFullCycle	2082345	PASSED	50	474	54	0	305	50	50	0	0	9	6	151	0	275331376	1033
1776362640277	S3_RebalanceSettlement	2082345	PASSED	50	1653	793	0	630	49	49	50	64	9	9	201	0	679510258	1932
1776362644467	S4_ExchangeRateFeeAccrual	2082345	PASSED	50	177	99	19	0	0	0	0	0	50	9	50	0	58939620	278
1776362650120	S5_SanctionedUserInterlace	2082345	PASSED	50	2213	1777	375	17	17	17	0	0	6	4	51	0	561846559	1744
1776362654573	S6_InFlightEdgeCases	2082345	PASSED	50	412	156	12	79	25	25	58	29	16	12	51	0	144219226	554
1776362659268	S7_FullProtocolEndurance	2082345	PASSED	15	956	535	134	212	15	15	15	11	15	4	17	0	245607725	784
1776362663592	S8_InvestSettlementEdge	2082345	PASSED	50	237	100	0	0	0	0	50	59	16	12	51	0	98294775	397
1776362668973	S9_MultiAdapterMix	2082345	PASSED	50	1501	883	0	381	50	50	50	65	9	13	102	0	497612268	1452
1776362673954	S10_InterleavedOperations	2082345	PASSED	50	672	212	30	198	53	53	50	32	21	23	144	0	285246930	1071
1776362678937	S1_DepositRedeemMix	2092345	PASSED	50	1151	794	351	0	0	0	0	0	4	2	51	0	270591914	1052
1776362683862	S2_AsyncRedeemFullCycle	2092345	PASSED	50	536	57	0	364	50	50	0	0	9	6	151	0	309310565	1012
1776362689972	S3_RebalanceSettlement	2092345	PASSED	50	1789	887	0	672	50	50	50	62	9	9	201	0	728927032	2209
1776362694179	S4_ExchangeRateFeeAccrual	2092345	PASSED	50	207	128	20	0	0	0	0	0	50	9	50	0	63935082	298
1776362699905	S5_SanctionedUserInterlace	2092345	PASSED	50	2326	1835	430	17	17	17	0	0	6	4	51	0	589697594	1827
1776362704334	S6_InFlightEdgeCases	2092345	PASSED	50	417	155	15	70	30	30	58	31	16	12	51	0	142519795	530
1776362709005	S7_FullProtocolEndurance	2092345	PASSED	15	921	525	139	181	15	15	15	12	15	4	17	0	229264714	750
1776362713345	S8_InvestSettlementEdge	2092345	PASSED	50	242	100	0	0	0	0	50	64	16	12	51	0	100332033	404
1776362718823	S9_MultiAdapterMix	2092345	PASSED	50	1580	903	0	447	50	50	50	58	9	13	102	0	536834147	1532
1776362723925	S10_InterleavedOperations	2092345	PASSED	50	790	256	47	236	61	61	50	35	21	23	150	0	322753747	1136
1776362728859	S1_DepositRedeemMix	2102345	PASSED	50	1082	700	376	0	0	0	0	0	4	2	51	0	255952915	1020
1776362733708	S2_AsyncRedeemFullCycle	2102345	PASSED	50	458	52	0	293	49	49	0	0	9	6	151	0	268099714	922
1776362739613	S3_RebalanceSettlement	2102345	PASSED	50	1740	839	0	670	49	49	50	65	9	9	201	0	717232210	2013
1776362743823	S4_ExchangeRateFeeAccrual	2102345	PASSED	50	211	125	27	0	0	0	0	0	50	9	50	0	64389688	318
1776362749488	S5_SanctionedUserInterlace	2102345	PASSED	50	2215	1771	383	17	17	17	0	0	6	4	51	0	553807199	1773
1776362753883	S6_InFlightEdgeCases	2102345	PASSED	50	399	143	18	69	26	26	58	31	16	12	51	0	138332378	522
1776362758540	S7_FullProtocolEndurance	2102345	PASSED	15	912	540	132	164	15	15	15	12	15	4	17	0	221820645	740
1776362762876	S8_InvestSettlementEdge	2102345	PASSED	50	240	100	0	0	0	0	50	62	16	12	51	0	99563159	396
1776362768239	S9_MultiAdapterMix	2102345	PASSED	50	1420	796	0	418	50	50	50	34	9	13	102	0	482551584	1428
1776362773162	S10_InterleavedOperations	2102345	PASSED	50	636	204	37	176	52	52	50	25	19	21	141	0	268505202	987
1776362778230	S1_DepositRedeemMix	2112345	PASSED	50	1261	829	426	0	0	0	0	0	4	2	51	0	297687515	1147
1776362783109	S2_AsyncRedeemFullCycle	2112345	PASSED	50	480	55	0	314	48	48	0	0	9	6	151	0	280034984	945
1776362788944	S3_RebalanceSettlement	2112345	PASSED	50	1634	772	0	637	49	49	50	59	9	9	201	0	675420982	1910
1776362793196	S4_ExchangeRateFeeAccrual	2112345	PASSED	50	195	114	22	0	0	0	0	0	50	9	50	0	61469415	308
1776362799037	S5_SanctionedUserInterlace	2112345	PASSED	50	2397	1888	448	17	17	17	0	0	6	4	51	0	609381830	1927
1776362803502	S6_InFlightEdgeCases	2112345	PASSED	50	414	146	21	73	27	27	58	34	16	12	51	0	146295975	542
1776362808161	S7_FullProtocolEndurance	2112345	PASSED	15	911	488	140	202	15	15	15	17	15	4	17	0	234802619	748
1776362812501	S8_InvestSettlementEdge	2112345	PASSED	50	239	100	0	0	0	0	50	61	16	12	51	0	99068670	425
1776362817965	S9_MultiAdapterMix	2112345	PASSED	50	1583	914	0	452	50	50	50	45	9	13	102	0	534763346	1531
1776362822998	S10_InterleavedOperations	2112345	PASSED	50	718	219	61	201	57	57	50	29	21	23	148	0	296776687	1065
1776362828040	S1_DepositRedeemMix	2122345	PASSED	50	1229	800	423	0	0	0	0	0	4	2	51	0	292066200	1134
1776362832980	S2_AsyncRedeemFullCycle	2122345	PASSED	50	543	62	0	368	49	49	0	0	9	6	151	0	310624128	1008
1776362838837	S3_RebalanceSettlement	2122345	PASSED	50	1660	807	0	623	50	50	50	62	9	9	201	0	677751529	1923
1776362843078	S4_ExchangeRateFeeAccrual	2122345	PASSED	50	200	122	19	0	0	0	0	0	50	9	50	0	62004005	310
1776362848832	S5_SanctionedUserInterlace	2122345	PASSED	50	2260	1806	393	17	17	17	0	0	6	4	51	0	573177558	1794
1776362853297	S6_InFlightEdgeCases	2122345	PASSED	50	413	151	19	73	26	26	58	32	16	12	51	0	143095651	534
1776362857959	S7_FullProtocolEndurance	2122345	PASSED	15	923	504	144	198	15	15	15	13	15	4	17	0	235336061	754
1776362862242	S8_InvestSettlementEdge	2122345	PASSED	50	238	100	0	0	0	0	50	60	16	12	51	0	98754873	400
1776362867587	S9_MultiAdapterMix	2122345	PASSED	50	1489	849	0	419	49	49	50	51	9	13	102	0	503140579	1465
1776362872536	S10_InterleavedOperations	2122345	PASSED	50	662	215	30	187	54	54	50	28	21	23	143	0	276182948	1046
1776362877475	S1_DepositRedeemMix	2132345	PASSED	50	1050	714	330	0	0	0	0	0	4	2	51	0	247862590	996
1776362882329	S2_AsyncRedeemFullCycle	2132345	PASSED	50	468	55	0	300	49	49	0	0	9	6	151	0	272268199	928
1776362888302	S3_RebalanceSettlement	2132345	PASSED	50	1826	935	0	659	50	50	50	64	9	9	201	0	740499033	2044
1776362892522	S4_ExchangeRateFeeAccrual	2132345	PASSED	50	218	129	30	0	0	0	0	0	50	9	50	0	65496472	305
1776362898094	S5_SanctionedUserInterlace	2132345	PASSED	50	2095	1688	346	17	17	17	0	0	6	4	51	0	518371420	1663
1776362902582	S6_InFlightEdgeCases	2132345	PASSED	50	473	175	23	90	28	28	58	43	16	12	51	0	161222671	579
1776362907250	S7_FullProtocolEndurance	2132345	PASSED	15	858	488	129	163	15	15	15	14	15	4	17	0	211913584	701
1776362911545	S8_InvestSettlementEdge	2132345	PASSED	50	246	100	0	0	0	0	50	68	16	12	51	0	102082551	404
1776362916882	S9_MultiAdapterMix	2132345	PASSED	50	1410	757	0	428	50	50	50	53	9	13	102	0	486728536	1414
1776362921913	S10_InterleavedOperations	2132345	PASSED	50	744	229	45	227	57	57	50	35	21	23	146	0	310212452	1104
1776362926792	S1_DepositRedeemMix	2142345	PASSED	50	1012	688	318	0	0	0	0	0	4	2	51	0	239301499	967
1776362931680	S2_AsyncRedeemFullCycle	2142345	PASSED	50	502	58	0	329	50	50	0	0	9	6	151	0	289085386	969
1776362937639	S3_RebalanceSettlement	2142345	PASSED	50	1841	937	0	672	48	48	50	68	9	9	201	0	746629420	2059
1776362941844	S4_ExchangeRateFeeAccrual	2142345	PASSED	50	182	106	17	0	0	0	0	0	50	9	50	0	59588609	280
1776362947421	S5_SanctionedUserInterlace	2142345	PASSED	50	2069	1628	380	17	17	17	0	0	6	4	51	0	526995749	1658
1776362951850	S6_InFlightEdgeCases	2142345	PASSED	50	392	134	17	74	25	25	58	31	16	12	51	0	140084110	522
1776362956477	S7_FullProtocolEndurance	2142345	PASSED	15	875	531	108	162	15	15	15	10	15	4	17	0	212538757	707
1776362960839	S8_InvestSettlementEdge	2142345	PASSED	50	238	100	0	0	0	0	50	60	16	12	51	0	98790127	394
1776362966355	S9_MultiAdapterMix	2142345	PASSED	50	1557	903	0	433	50	50	50	49	9	13	102	0	523889604	1600
1776362971405	S10_InterleavedOperations	2142345	PASSED	50	778	222	63	246	59	59	50	35	21	23	148	0	324498387	1142
1776362976547	S1_DepositRedeemMix	2152345	PASSED	50	1347	890	451	0	0	0	0	0	4	2	51	0	318566622	1230
1776362981471	S2_AsyncRedeemFullCycle	2152345	PASSED	50	521	58	0	348	50	50	0	0	9	6	151	0	299441848	1005
1776362987324	S3_RebalanceSettlement	2152345	PASSED	50	1733	870	0	636	49	49	50	61	9	9	201	0	702464313	1966
1776362991536	S4_ExchangeRateFeeAccrual	2152345	PASSED	50	198	117	22	0	0	0	0	0	50	9	50	0	62192095	296
1776362997104	S5_SanctionedUserInterlace	2152345	PASSED	50	2093	1635	397	17	17	17	0	0	6	4	51	0	522010233	1658
1776363001557	S6_InFlightEdgeCases	2152345	PASSED	50	412	146	15	79	27	27	58	32	16	12	51	0	145249317	545
1776363006330	S7_FullProtocolEndurance	2152345	PASSED	15	1052	605	136	228	15	15	15	19	15	4	17	0	271915753	846
1776363010615	S8_InvestSettlementEdge	2152345	PASSED	50	242	100	0	0	0	0	50	64	16	12	51	0	100302493	398
1776363016041	S9_MultiAdapterMix	2152345	PASSED	50	1574	921	0	424	50	50	50	57	9	13	102	0	524494779	1527
1776363021028	S10_InterleavedOperations	2152345	PASSED	50	728	223	50	203	61	61	50	36	21	23	151	0	301220430	1078
1776363025976	S1_DepositRedeemMix	2162345	PASSED	50	1090	718	366	0	0	0	0	0	4	2	51	0	255929787	1020
1776363030799	S2_AsyncRedeemFullCycle	2162345	PASSED	50	442	55	0	278	47	47	0	0	9	6	151	0	259293236	900
1776363036566	S3_RebalanceSettlement	2162345	PASSED	50	1554	819	0	518	49	49	50	51	9	9	201	0	605809663	1834
1776363040804	S4_ExchangeRateFeeAccrual	2162345	PASSED	50	223	136	28	0	0	0	0	0	50	9	50	0	65845086	310
1776363046334	S5_SanctionedUserInterlace	2162345	PASSED	50	1975	1578	339	16	16	16	0	0	6	4	51	0	487205988	1609
1776363050770	S6_InFlightEdgeCases	2162345	PASSED	50	406	148	22	67	25	25	58	33	16	12	51	0	140303137	529
1776363055517	S7_FullProtocolEndurance	2162345	PASSED	15	1028	572	149	227	15	15	15	16	15	4	17	0	265493148	834
1776363059820	S8_InvestSettlementEdge	2162345	PASSED	50	243	100	0	0	0	0	50	65	16	12	51	0	100727191	398
1776363065159	S9_MultiAdapterMix	2162345	PASSED	50	1469	841	0	416	49	49	50	42	9	13	102	0	493741894	1449
1776363070111	S10_InterleavedOperations	2162345	PASSED	50	692	205	37	204	59	59	50	34	21	23	148	0	291090882	1039
1776363075128	S1_DepositRedeemMix	2172345	PASSED	50	1213	798	409	0	0	0	0	0	4	2	51	0	284314286	1120
1776363080022	S2_AsyncRedeemFullCycle	2172345	PASSED	50	516	57	0	344	50	50	0	0	9	6	151	0	296612183	984
1776363085959	S3_RebalanceSettlement	2172345	PASSED	50	1810	904	0	663	50	50	50	75	9	9	201	0	732821688	2032
1776363090170	S4_ExchangeRateFeeAccrual	2172345	PASSED	50	208	126	23	0	0	0	0	0	50	9	50	0	63719683	299
1776363095796	S5_SanctionedUserInterlace	2172345	PASSED	50	2133	1756	316	17	17	17	0	0	6	4	51	0	526045712	1699
1776363100244	S6_InFlightEdgeCases	2172345	PASSED	50	389	128	14	74	28	28	58	31	16	12	51	0	140450419	518
1776363104840	S7_FullProtocolEndurance	2172345	PASSED	15	828	473	96	182	15	15	15	13	15	4	17	0	209483052	687
1776363109161	S8_InvestSettlementEdge	2172345	PASSED	50	246	100	0	0	0	0	50	68	16	12	51	0	101978431	400
1776363114556	S9_MultiAdapterMix	2172345	PASSED	50	1516	886	0	417	48	48	50	45	9	13	102	0	504240446	1501
1776363119629	S10_InterleavedOperations	2172345	PASSED	50	757	231	41	241	59	59	50	32	21	23	148	0	315938277	1126
1776363124638	S1_DepositRedeemMix	2182345	PASSED	50	1185	758	421	0	0	0	0	0	4	2	51	0	280133230	1097
1776363129519	S2_AsyncRedeemFullCycle	2182345	PASSED	50	509	57	0	339	49	49	0	0	9	6	151	0	294033824	982
1776363135449	S3_RebalanceSettlement	2182345	PASSED	50	1703	801	0	667	50	50	50	67	9	9	201	0	703265785	1975
1776363139648	S4_ExchangeRateFeeAccrual	2182345	PASSED	50	212	130	23	0	0	0	0	0	50	9	50	0	64119273	312
1776363145321	S5_SanctionedUserInterlace	2182345	PASSED	50	2188	1755	372	17	17	17	0	0	6	4	51	0	548007333	1730
1776363149765	S6_InFlightEdgeCases	2182345	PASSED	50	378	122	11	63	29	29	58	38	16	12	51	0	136320892	521
1776363154424	S7_FullProtocolEndurance	2182345	PASSED	15	913	503	158	175	15	15	15	13	15	4	17	0	225940358	744
1776363158750	S8_InvestSettlementEdge	2182345	PASSED	50	242	100	0	0	0	0	50	64	16	12	51	0	100427462	395
1776363164120	S9_MultiAdapterMix	2182345	PASSED	50	1489	869	0	400	48	48	50	52	9	13	102	0	494141769	1449
1776363169095	S10_InterleavedOperations	2182345	PASSED	50	688	189	41	205	60	60	50	41	20	22	149	0	294980717	1047
1776363173996	S1_DepositRedeemMix	2192345	PASSED	50	1059	695	358	0	0	0	0	0	4	2	51	0	249046207	1008
1776363178867	S2_AsyncRedeemFullCycle	2192345	PASSED	50	486	55	0	320	48	48	0	0	9	6	151	0	282746290	953
1776363184756	S3_RebalanceSettlement	2192345	PASSED	50	1690	796	0	655	50	50	50	71	9	9	201	0	699902670	1982
1776363188949	S4_ExchangeRateFeeAccrual	2192345	PASSED	50	183	103	21	0	0	0	0	0	50	9	50	0	60044402	283
1776363194613	S5_SanctionedUserInterlace	2192345	PASSED	50	2215	1794	360	17	17	17	0	0	6	4	51	0	542353482	1740
1776363199077	S6_InFlightEdgeCases	2192345	PASSED	50	381	127	29	66	24	24	58	25	16	12	51	0	133922932	510
1776363203715	S7_FullProtocolEndurance	2192345	PASSED	15	810	419	112	210	15	15	15	5	15	4	17	0	213083480	704
1776363208022	S8_InvestSettlementEdge	2192345	PASSED	50	233	100	0	0	0	0	50	55	16	12	51	0	96518926	392
1776363213312	S9_MultiAdapterMix	2192345	PASSED	50	1381	729	0	434	49	49	50	48	9	13	102	0	478471426	1404
1776363218268	S10_InterleavedOperations	2192345	PASSED	50	676	188	59	183	58	58	50	36	21	23	149	0	283425374	1039
1776363223344	S1_DepositRedeemMix	2202345	PASSED	50	1266	847	413	0	0	0	0	0	4	2	51	0	296336207	1149
1776363228233	S2_AsyncRedeemFullCycle	2202345	PASSED	50	504	54	0	335	50	50	0	0	9	6	151	0	291866902	983
1776363234148	S3_RebalanceSettlement	2202345	PASSED	50	1793	937	0	625	49	49	50	65	9	9	201	0	710763998	2038
1776363238344	S4_ExchangeRateFeeAccrual	2202345	PASSED	50	211	130	22	0	0	0	0	0	50	9	50	0	63864791	314
1776363244002	S5_SanctionedUserInterlace	2202345	PASSED	50	2269	1850	358	17	17	17	0	0	6	4	51	0	573573687	1779
1776363248500	S6_InFlightEdgeCases	2202345	PASSED	50	410	135	26	82	25	25	58	31	16	12	51	0	145260412	542
1776363253153	S7_FullProtocolEndurance	2202345	PASSED	15	917	532	135	173	15	15	15	13	15	4	17	0	224827228	739
1776363257434	S8_InvestSettlementEdge	2202345	PASSED	50	238	100	0	0	0	0	50	60	16	12	51	0	98668555	405
1776363262724	S9_MultiAdapterMix	2202345	PASSED	50	1406	806	0	380	50	50	50	48	9	13	102	0	465409993	1421
1776363267709	S10_InterleavedOperations	2202345	PASSED	50	720	236	41	215	56	56	50	26	19	21	146	0	298331681	1084
1776363272803	S1_DepositRedeemMix	2212345	PASSED	50	1264	847	411	0	0	0	0	0	4	2	51	0	295706277	1176
1776363277688	S2_AsyncRedeemFullCycle	2212345	PASSED	50	529	58	0	358	49	49	0	0	9	6	151	0	304049658	1020
1776363283574	S3_RebalanceSettlement	2212345	PASSED	50	1756	882	0	641	48	48	50	69	9	9	201	0	708564496	2014
1776363287763	S4_ExchangeRateFeeAccrual	2212345	PASSED	50	205	115	31	0	0	0	0	0	50	9	50	0	63159543	298
1776363293380	S5_SanctionedUserInterlace	2212345	PASSED	50	2174	1776	337	17	17	17	0	0	6	4	51	0	542207239	1721
1776363297863	S6_InFlightEdgeCases	2212345	PASSED	50	418	147	12	79	29	29	58	36	16	12	51	0	148482790	557
1776363302547	S7_FullProtocolEndurance	2212345	PASSED	15	912	479	135	222	15	15	15	12	15	4	17	0	239908996	782
1776363306852	S8_InvestSettlementEdge	2212345	PASSED	50	238	100	0	0	0	0	50	60	16	12	51	0	98855866	417
1776363312118	S9_MultiAdapterMix	2212345	PASSED	50	1346	715	0	425	49	49	50	36	9	13	102	0	462242387	1374
1776363317069	S10_InterleavedOperations	2212345	PASSED	50	707	214	54	208	56	56	50	25	21	23	144	0	291451216	1067
1776363322112	S1_DepositRedeemMix	2222345	PASSED	50	1246	812	428	0	0	0	0	0	4	2	51	0	292630933	1147
1776363326966	S2_AsyncRedeemFullCycle	2222345	PASSED	50	481	54	0	312	50	50	0	0	9	6	151	0	277764677	938
1776363332815	S3_RebalanceSettlement	2222345	PASSED	50	1717	886	0	601	50	50	50	62	9	9	201	0	680644278	1957
1776363337009	S4_ExchangeRateFeeAccrual	2222345	PASSED	50	213	134	20	0	0	0	0	0	50	9	50	0	63965422	302
1776363342692	S5_SanctionedUserInterlace	2222345	PASSED	50	2196	1754	381	17	17	17	0	0	6	4	51	0	543403314	1807
1776363347121	S6_InFlightEdgeCases	2222345	PASSED	50	413	148	13	80	28	28	58	30	16	12	51	0	144444143	533
1776363351870	S7_FullProtocolEndurance	2222345	PASSED	15	997	528	136	257	15	15	15	12	15	4	17	0	266391629	864
1776363356150	S8_InvestSettlementEdge	2222345	PASSED	50	242	100	0	0	0	0	50	64	16	12	51	0	100257349	397
1776363361522	S9_MultiAdapterMix	2222345	PASSED	50	1492	800	0	479	50	50	50	41	9	13	102	0	519992049	1489
1776363366419	S10_InterleavedOperations	2222345	PASSED	50	639	189	34	176	59	59	50	28	21	23	149	0	273173284	1001
1776363371489	S1_DepositRedeemMix	2232345	PASSED	50	1255	806	443	0	0	0	0	0	4	2	51	0	295022026	1169
1776363376367	S2_AsyncRedeemFullCycle	2232345	PASSED	50	462	57	0	290	50	50	0	0	9	6	151	0	266792060	986
1776363382097	S3_RebalanceSettlement	2232345	PASSED	50	1582	826	0	535	49	49	50	55	9	9	201	0	620072561	1837
1776363386299	S4_ExchangeRateFeeAccrual	2232345	PASSED	50	191	114	18	0	0	0	0	0	50	9	50	0	60936437	286
1776363392040	S5_SanctionedUserInterlace	2232345	PASSED	50	2352	1845	446	17	17	17	0	0	6	4	51	0	586149203	1825
1776363396422	S6_InFlightEdgeCases	2232345	PASSED	50	376	131	17	63	25	25	58	29	16	12	51	0	133842854	508
1776363400989	S7_FullProtocolEndurance	2232345	PASSED	15	855	518	83	173	15	15	15	17	15	4	17	0	213451937	703
1776363405289	S8_InvestSettlementEdge	2232345	PASSED	50	246	100	0	0	0	0	50	68	16	12	51	0	102014731	399
1776363410573	S9_MultiAdapterMix	2232345	PASSED	50	1392	802	0	372	49	49	50	48	9	13	102	0	459766464	1387
1776363415498	S10_InterleavedOperations	2232345	PASSED	50	636	202	49	162	53	53	50	25	20	22	143	0	263568438	1046
1776363420384	S1_DepositRedeemMix	2242345	PASSED	50	1031	703	322	0	0	0	0	0	4	2	51	0	242478099	979
1776363425242	S2_AsyncRedeemFullCycle	2242345	PASSED	50	483	52	0	316	50	50	0	0	9	6	151	0	283153903	957
1776363431123	S3_RebalanceSettlement	2242345	PASSED	50	1610	804	0	571	49	49	50	69	9	9	201	0	646111630	1976
1776363435354	S4_ExchangeRateFeeAccrual	2242345	PASSED	50	213	128	26	0	0	0	0	0	50	9	50	0	64202196	324
1776363440970	S5_SanctionedUserInterlace	2242345	PASSED	50	2197	1733	403	17	17	17	0	0	6	4	51	0	546081900	1733
1776363445444	S6_InFlightEdgeCases	2242345	PASSED	50	433	161	17	80	27	27	58	35	16	12	51	0	149849400	560
1776363450106	S7_FullProtocolEndurance	2242345	PASSED	15	962	500	161	225	15	15	15	12	15	4	17	0	250944050	793
1776363454403	S8_InvestSettlementEdge	2242345	PASSED	50	242	100	0	0	0	0	50	64	16	12	51	0	100418940	398
1776363459788	S9_MultiAdapterMix	2242345	PASSED	50	1513	923	0	363	49	49	50	57	9	13	102	0	489274601	1474
1776363464766	S10_InterleavedOperations	2242345	PASSED	50	721	227	61	197	59	59	50	26	20	22	148	0	293415781	1071
1776363469713	S1_DepositRedeemMix	2252345	PASSED	50	1143	752	385	0	0	0	0	0	4	2	51	0	268038620	1060
1776363474552	S2_AsyncRedeemFullCycle	2252345	PASSED	50	439	52	0	276	48	48	0	0	9	6	151	0	259223749	906
1776363480514	S3_RebalanceSettlement	2252345	PASSED	50	1784	828	0	724	47	47	50	70	9	9	201	0	746651803	2053
1776363484773	S4_ExchangeRateFeeAccrual	2252345	PASSED	50	228	136	33	0	0	0	0	0	50	9	50	0	67010873	343
1776363490410	S5_SanctionedUserInterlace	2252345	PASSED	50	2199	1785	353	17	17	17	0	0	6	4	51	0	551806208	1738
1776363494833	S6_InFlightEdgeCases	2252345	PASSED	50	412	158	13	73	24	24	58	34	16	12	51	0	144135235	534
1776363499361	S7_FullProtocolEndurance	2252345	PASSED	15	741	395	91	176	15	15	15	15	15	4	17	0	193142105	639
1776363503701	S8_InvestSettlementEdge	2252345	PASSED	50	243	100	0	0	0	0	50	65	16	12	51	0	100572781	432
1776363509003	S9_MultiAdapterMix	2252345	PASSED	50	1397	721	0	460	50	50	50	44	9	13	102	0	488445306	1412
1776363513988	S10_InterleavedOperations	2252345	PASSED	50	683	207	48	191	57	57	50	31	20	22	147	0	286217528	1064
1776363519092	S1_DepositRedeemMix	2262345	PASSED	50	1356	915	435	0	0	0	0	0	4	2	51	0	317832370	1213
1776363524039	S2_AsyncRedeemFullCycle	2262345	PASSED	50	528	57	0	358	49	49	0	0	9	6	151	0	301901557	1056
1776363529879	S3_RebalanceSettlement	2262345	PASSED	50	1676	888	0	559	48	48	50	65	9	9	201	0	657387748	1938
1776363534067	S4_ExchangeRateFeeAccrual	2262345	PASSED	50	220	130	31	0	0	0	0	0	50	9	50	0	65392826	307
1776363539847	S5_SanctionedUserInterlace	2262345	PASSED	50	2415	1943	411	17	17	17	0	0	6	4	51	0	611697514	1904
1776363544275	S6_InFlightEdgeCases	2262345	PASSED	50	409	138	20	75	26	26	58	38	16	12	51	0	146953813	535
1776363548835	S7_FullProtocolEndurance	2262345	PASSED	15	817	444	124	170	15	15	15	15	15	4	17	0	205907560	676
1776363553139	S8_InvestSettlementEdge	2262345	PASSED	50	240	100	0	0	0	0	50	62	16	12	51	0	99536850	399
1776363558411	S9_MultiAdapterMix	2262345	PASSED	50	1381	790	0	377	48	48	50	46	9	13	102	0	459099447	1380
1776363563335	S10_InterleavedOperations	2262345	PASSED	50	690	211	36	212	55	55	50	29	20	22	145	0	291874127	1042
1776363568440	S1_DepositRedeemMix	2272345	PASSED	50	1337	916	415	0	0	0	0	0	4	2	51	0	312535444	1210
1776363573301	S2_AsyncRedeemFullCycle	2272345	PASSED	50	507	55	0	337	50	50	0	0	9	6	151	0	292031992	973
1776363579366	S3_RebalanceSettlement	2272345	PASSED	50	1781	866	0	690	50	50	50	57	9	9	201	0	727483088	2199
1776363583575	S4_ExchangeRateFeeAccrual	2272345	PASSED	50	181	107	15	0	0	0	0	0	50	9	50	0	59375275	281
1776363589060	S5_SanctionedUserInterlace	2272345	PASSED	50	2009	1579	369	17	17	17	0	0	6	4	51	0	495501987	1597
1776363593492	S6_InFlightEdgeCases	2272345	PASSED	50	390	133	17	74	24	24	58	32	16	12	51	0	141039411	540
1776363598110	S7_FullProtocolEndurance	2272345	PASSED	15	868	523	106	156	15	15	15	19	15	4	17	0	211372332	703
1776363602421	S8_InvestSettlementEdge	2272345	PASSED	50	247	100	0	0	0	0	50	69	16	12	51	0	102484572	401
1776363607743	S9_MultiAdapterMix	2272345	PASSED	50	1399	792	0	396	47	47	50	45	9	13	102	0	471768370	1413
1776363612669	S10_InterleavedOperations	2272345	PASSED	50	640	176	39	191	57	57	50	28	20	22	146	0	276939917	1003
1776363617781	S1_DepositRedeemMix	2282345	PASSED	50	1205	792	407	0	0	0	0	0	4	2	51	0	282315626	1133
1776363622650	S2_AsyncRedeemFullCycle	2282345	PASSED	50	489	55	0	321	49	49	0	0	9	6	151	0	284901564	960
1776363628559	S3_RebalanceSettlement	2282345	PASSED	50	1778	887	0	650	50	50	50	73	9	9	201	0	718093486	2000
1776363632758	S4_ExchangeRateFeeAccrual	2282345	PASSED	50	178	101	18	0	0	0	0	0	50	9	50	0	58791886	278
1776363638255	S5_SanctionedUserInterlace	2282345	PASSED	50	2028	1562	405	17	17	17	0	0	6	4	51	0	499714789	1632
1776363642718	S6_InFlightEdgeCases	2282345	PASSED	50	387	128	18	66	27	27	58	35	16	12	51	0	139132259	518
1776363647384	S7_FullProtocolEndurance	2282345	PASSED	15	896	476	132	213	15	15	15	11	15	4	17	0	233000410	757
1776363651692	S8_InvestSettlementEdge	2282345	PASSED	50	243	100	0	0	0	0	50	65	16	12	51	0	100757917	411
1776363657153	S9_MultiAdapterMix	2282345	PASSED	50	1615	925	0	466	50	50	50	52	9	13	102	0	547621475	1558
1776363662086	S10_InterleavedOperations	2282345	PASSED	50	656	193	35	188	58	58	50	32	20	22	147	0	280599214	1034
1776363667156	S1_DepositRedeemMix	2292345	PASSED	50	1265	857	402	0	0	0	0	0	4	2	51	0	297805615	1164
1776363672021	S2_AsyncRedeemFullCycle	2292345	PASSED	50	481	54	0	312	50	50	0	0	9	6	151	0	278780251	942
1776363677795	S3_RebalanceSettlement	2292345	PASSED	50	1591	762	0	605	50	50	50	56	9	9	201	0	647472188	1881
1776363682010	S4_ExchangeRateFeeAccrual	2292345	PASSED	50	205	122	24	0	0	0	0	0	50	9	50	0	62968051	297
1776363687616	S5_SanctionedUserInterlace	2292345	PASSED	50	2137	1708	368	17	17	17	0	0	6	4	51	0	527722811	1701
1776363692061	S6_InFlightEdgeCases	2292345	PASSED	50	421	146	12	87	27	27	58	36	16	12	51	0	150678240	542
1776363696651	S7_FullProtocolEndurance	2292345	PASSED	15	844	469	115	179	15	15	15	17	15	4	17	0	213058006	688
1776363700987	S8_InvestSettlementEdge	2292345	PASSED	50	244	100	0	0	0	0	50	66	16	12	51	0	101021578	405
1776363706416	S9_MultiAdapterMix	2292345	PASSED	50	1601	908	0	483	50	50	50	38	9	13	102	0	544563577	1552
1776363711411	S10_InterleavedOperations	2292345	PASSED	50	721	219	57	202	59	59	50	33	20	22	147	0	296568715	1077
1776363716398	S1_DepositRedeemMix	2302345	PASSED	50	1168	751	411	0	0	0	0	0	4	2	51	0	274077447	1086
1776363721295	S2_AsyncRedeemFullCycle	2302345	PASSED	50	490	58	0	317	50	50	0	0	9	6	151	0	281716258	997
1776363727167	S3_RebalanceSettlement	2302345	PASSED	50	1697	844	0	631	50	50	50	54	9	9	201	0	686944464	1959
1776363731322	S4_ExchangeRateFeeAccrual	2302345	PASSED	50	175	101	15	0	0	0	0	0	50	9	50	0	58469908	276
1776363736956	S5_SanctionedUserInterlace	2302345	PASSED	50	2158	1716	381	17	17	17	0	0	6	4	51	0	534850862	1720
1776363741437	S6_InFlightEdgeCases	2302345	PASSED	50	448	172	13	87	26	26	58	38	16	12	51	0	156725691	583
1776363746127	S7_FullProtocolEndurance	2302345	PASSED	15	965	535	157	196	15	15	15	13	15	4	17	0	241418506	782
1776363750450	S8_InvestSettlementEdge	2302345	PASSED	50	244	100	0	0	0	0	50	66	16	12	51	0	101267546	423
1776363755930	S9_MultiAdapterMix	2302345	PASSED	50	1576	953	0	411	49	49	50	42	9	13	102	0	515371764	1546
1776363760889	S10_InterleavedOperations	2302345	PASSED	50	694	188	48	219	58	58	50	33	19	21	147	0	298065306	1049
1776363765868	S1_DepositRedeemMix	2312345	PASSED	50	1141	771	364	0	0	0	0	0	4	2	51	0	267054613	1079
1776363770710	S2_AsyncRedeemFullCycle	2312345	PASSED	50	477	56	0	308	49	49	0	0	9	6	151	0	275032817	934
1776363776537	S3_RebalanceSettlement	2312345	PASSED	50	1670	825	0	619	49	49	50	60	9	9	201	0	673512967	1961
1776363780739	S4_ExchangeRateFeeAccrual	2312345	PASSED	50	221	135	27	0	0	0	0	0	50	9	50	0	65502146	309
1776363786328	S5_SanctionedUserInterlace	2312345	PASSED	50	2100	1710	329	17	17	17	0	0	6	4	51	0	519002693	1695
1776363790731	S6_InFlightEdgeCases	2312345	PASSED	50	390	132	14	67	26	26	58	39	16	12	51	0	139069846	517
1776363795336	S7_FullProtocolEndurance	2312345	PASSED	15	858	458	119	204	15	15	15	13	15	4	17	0	223689992	717
1776363799662	S8_InvestSettlementEdge	2312345	PASSED	50	242	100	0	0	0	0	50	64	16	12	51	0	100437529	406
1776363804990	S9_MultiAdapterMix	2312345	PASSED	50	1426	780	0	422	50	50	50	52	9	13	102	0	485602710	1412
1776363809996	S10_InterleavedOperations	2312345	PASSED	50	664	190	46	187	60	60	50	27	21	23	148	0	279733251	1035
1776363814964	S1_DepositRedeemMix	2322345	PASSED	50	1129	751	372	0	0	0	0	0	4	2	51	0	264602588	1041
1776363819874	S2_AsyncRedeemFullCycle	2322345	PASSED	50	518	56	0	347	50	50	0	0	9	6	151	0	300257106	1026
1776363825751	S3_RebalanceSettlement	2322345	PASSED	50	1703	883	0	606	48	48	50	50	9	9	201	0	674595335	1964
1776363829981	S4_ExchangeRateFeeAccrual	2322345	PASSED	50	215	131	25	0	0	0	0	0	50	9	50	0	64243480	305
1776363835677	S5_SanctionedUserInterlace	2322345	PASSED	50	2130	1744	325	17	17	17	0	0	6	4	51	0	526752980	1778
1776363840127	S6_InFlightEdgeCases	2322345	PASSED	50	414	145	8	84	29	29	58	33	16	12	51	0	149640618	543
1776363844659	S7_FullProtocolEndurance	2322345	PASSED	15	809	475	111	144	15	15	15	15	15	4	17	0	196581397	654
1776363848967	S8_InvestSettlementEdge	2322345	PASSED	50	244	100	0	0	0	0	50	66	16	12	51	0	101288589	400
1776363854442	S9_MultiAdapterMix	2322345	PASSED	50	1586	918	0	447	50	50	50	49	9	13	102	0	532892756	1544
1776363859405	S10_InterleavedOperations	2322345	PASSED	50	644	179	55	180	52	52	50	32	21	23	144	0	274181783	1049
1776363864482	S1_DepositRedeemMix	2332345	PASSED	50	1293	838	449	0	0	0	0	0	4	2	51	0	303596989	1181
1776363869354	S2_AsyncRedeemFullCycle	2332345	PASSED	50	522	59	0	348	50	50	0	0	9	6	151	0	301436951	996
1776363875035	S3_RebalanceSettlement	2332345	PASSED	50	1526	787	0	520	49	49	50	53	9	9	201	0	599543364	1808
1776363879230	S4_ExchangeRateFeeAccrual	2332345	PASSED	50	213	127	27	0	0	0	0	0	50	9	50	0	64539563	301
1776363884807	S5_SanctionedUserInterlace	2332345	PASSED	50	2139	1668	410	17	17	17	0	0	6	4	51	0	529290386	1709
1776363889275	S6_InFlightEdgeCases	2332345	PASSED	50	425	146	16	84	29	29	58	35	16	12	51	0	149545183	547
1776363893944	S7_FullProtocolEndurance	2332345	PASSED	15	919	517	132	191	15	15	15	15	15	4	17	0	231184911	755
1776363898261	S8_InvestSettlementEdge	2332345	PASSED	50	238	100	0	0	0	0	50	60	16	12	51	0	98661373	425
1776363903661	S9_MultiAdapterMix	2332345	PASSED	50	1545	877	0	450	50	50	50	46	9	13	102	0	525131759	1516
1776363908607	S10_InterleavedOperations	2332345	PASSED	50	676	191	34	206	61	61	50	29	21	23	150	0	290123600	1038
1776363913670	S1_DepositRedeemMix	2342345	PASSED	50	1266	819	441	0	0	0	0	0	4	2	51	0	297129669	1160
1776363918500	S2_AsyncRedeemFullCycle	2342345	PASSED	50	481	56	0	310	50	50	0	0	9	6	151	0	277794602	951
1776363924653	S3_RebalanceSettlement	2342345	PASSED	50	1960	957	0	770	50	50	50	65	9	9	201	0	809845537	2182
1776363928917	S4_ExchangeRateFeeAccrual	2342345	PASSED	50	210	126	25	0	0	0	0	0	50	9	50	0	63872876	314
1776363934557	S5_SanctionedUserInterlace	2342345	PASSED	50	2119	1722	336	17	17	17	0	0	6	4	51	0	518278872	1738
1776363939047	S6_InFlightEdgeCases	2342345	PASSED	50	362	119	11	62	25	25	58	34	16	12	51	0	133280939	520
1776363943713	S7_FullProtocolEndurance	2342345	PASSED	15	920	534	116	193	15	15	15	13	15	4	17	0	231645565	752
1776363948023	S8_InvestSettlementEdge	2342345	PASSED	50	238	100	0	0	0	0	50	60	16	12	51	0	98695797	429
1776363953483	S9_MultiAdapterMix	2342345	PASSED	50	1547	885	0	451	50	50	50	39	9	13	102	0	520934963	1559
1776363958513	S10_InterleavedOperations	2342345	PASSED	50	804	241	58	250	62	62	50	37	21	23	150	0	331335307	1145
1776363963554	S1_DepositRedeemMix	2352345	PASSED	50	1243	811	426	0	0	0	0	0	4	2	51	0	293268233	1149
1776363968432	S2_AsyncRedeemFullCycle	2352345	PASSED	50	513	60	0	338	50	50	0	0	9	6	151	0	293785786	975
1776363974200	S3_RebalanceSettlement	2352345	PASSED	50	1621	819	0	578	49	49	50	58	9	9	201	0	646356064	1880
1776363978374	S4_ExchangeRateFeeAccrual	2352345	PASSED	50	215	136	20	0	0	0	0	0	50	9	50	0	64439114	302
1776363983972	S5_SanctionedUserInterlace	2352345	PASSED	50	2140	1719	360	17	17	17	0	0	6	4	51	0	531385884	1698
1776363988382	S6_InFlightEdgeCases	2352345	PASSED	50	385	127	14	68	25	25	58	40	16	12	51	0	141221022	520
1776363993088	S7_FullProtocolEndurance	2352345	PASSED	15	1005	545	176	209	15	15	15	11	15	4	17	0	253820020	818
1776363997435	S8_InvestSettlementEdge	2352345	PASSED	50	237	100	0	0	0	0	50	59	16	12	51	0	98297372	410
1776364002848	S9_MultiAdapterMix	2352345	PASSED	50	1518	870	0	428	47	47	50	54	9	13	102	0	511284149	1504
1776364007775	S10_InterleavedOperations	2352345	PASSED	50	638	182	32	183	58	58	50	33	20	22	146	0	273673826	1042
1776364012795	S1_DepositRedeemMix	2362345	PASSED	50	1242	837	399	0	0	0	0	0	4	2	51	0	290117341	1140
1776364017707	S2_AsyncRedeemFullCycle	2362345	PASSED	50	513	55	0	343	50	50	0	0	9	6	151	0	294702906	1017
1776364023757	S3_RebalanceSettlement	2362345	PASSED	50	1826	872	0	722	50	50	50	64	9	9	201	0	759461564	2171
1776364027944	S4_ExchangeRateFeeAccrual	2362345	PASSED	50	178	106	13	0	0	0	0	0	50	9	50	0	58735065	276
1776364033568	S5_SanctionedUserInterlace	2362345	PASSED	50	2081	1713	307	17	17	17	0	0	6	4	51	0	512007095	1720
1776364038004	S6_InFlightEdgeCases	2362345	PASSED	50	400	143	24	70	23	23	58	31	16	12	51	0	139796904	527
1776364042757	S7_FullProtocolEndurance	2362345	PASSED	15	1048	586	158	223	15	15	15	17	15	4	17	0	269164430	850
1776364047100	S8_InvestSettlementEdge	2362345	PASSED	50	242	100	0	0	0	0	50	64	16	12	51	0	100313868	405
1776364052545	S9_MultiAdapterMix	2362345	PASSED	50	1587	894	0	461	50	50	50	60	9	13	102	0	541677848	1539
1776364057445	S10_InterleavedOperations	2362345	PASSED	50	640	170	41	186	58	58	50	33	21	23	146	0	275670120	999
1776364062495	S1_DepositRedeemMix	2372345	PASSED	50	1194	770	418	0	0	0	0	0	4	2	51	0	280520496	1103
1776364067275	S2_AsyncRedeemFullCycle	2372345	PASSED	50	448	56	0	279	49	49	0	0	9	6	151	0	260292999	910
1776364073072	S3_RebalanceSettlement	2372345	PASSED	50	1642	877	0	543	48	48	50	58	9	9	201	0	639036386	1893
1776364077284	S4_ExchangeRateFeeAccrual	2372345	PASSED	50	207	123	25	0	0	0	0	0	50	9	50	0	63373743	317
1776364082926	S5_SanctionedUserInterlace	2372345	PASSED	50	2229	1705	463	17	17	17	0	0	6	4	51	0	556029085	1751
1776364087349	S6_InFlightEdgeCases	2372345	PASSED	50	379	120	12	72	27	27	58	35	16	12	51	0	142324435	536
1776364092008	S7_FullProtocolEndurance	2372345	PASSED	15	863	475	116	197	15	15	15	11	15	4	17	0	221625440	725
1776364096322	S8_InvestSettlementEdge	2372345	PASSED	50	241	100	0	0	0	0	50	63	16	12	51	0	99902146	399
1776364101725	S9_MultiAdapterMix	2372345	PASSED	50	1460	815	0	420	48	48	50	57	9	13	102	0	495441789	1460
1776364106682	S10_InterleavedOperations	2372345	PASSED	50	737	250	32	216	58	58	50	29	21	23	146	0	301043177	1059
1776364111804	S1_DepositRedeemMix	2382345	PASSED	50	1294	873	415	0	0	0	0	0	4	2	51	0	302598661	1210
1776364116732	S2_AsyncRedeemFullCycle	2382345	PASSED	50	539	58	0	366	50	50	0	0	9	6	151	0	309730787	1017
1776364122610	S3_RebalanceSettlement	2382345	PASSED	50	1738	889	0	617	50	50	50	64	9	9	201	0	692190516	1983
1776364126784	S4_ExchangeRateFeeAccrual	2382345	PASSED	50	188	108	21	0	0	0	0	0	50	9	50	0	60293948	285
1776364132229	S5_SanctionedUserInterlace	2382345	PASSED	50	1847	1492	294	17	17	17	0	0	6	4	51	0	455810935	1503
1776364136633	S6_InFlightEdgeCases	2382345	PASSED	50	399	143	19	70	25	25	58	31	16	12	51	0	140108663	527
1776364141301	S7_FullProtocolEndurance	2382345	PASSED	15	952	563	117	197	15	15	15	11	15	4	17	0	238474331	772
1776364145644	S8_InvestSettlementEdge	2382345	PASSED	50	241	100	0	0	0	0	50	63	16	12	51	0	100015836	424
1776364150999	S9_MultiAdapterMix	2382345	PASSED	50	1478	823	0	434	50	50	50	49	9	13	102	0	501359380	1466
1776364155942	S10_InterleavedOperations	2382345	PASSED	50	608	171	32	175	54	54	50	30	20	22	143	0	265096607	976
1776364160981	S1_DepositRedeemMix	2392345	PASSED	50	1209	803	400	0	0	0	0	0	4	2	51	0	282978888	1140
1776364165876	S2_AsyncRedeemFullCycle	2392345	PASSED	50	488	56	0	319	49	49	0	0	9	6	151	0	280742834	953
1776364171748	S3_RebalanceSettlement	2392345	PASSED	50	1697	832	0	636	50	50	50	61	9	9	201	0	687309373	1962
1776364175912	S4_ExchangeRateFeeAccrual	2392345	PASSED	50	184	113	12	0	0	0	0	0	50	9	50	0	59504929	294
1776364181629	S5_SanctionedUserInterlace	2392345	PASSED	50	2145	1691	393	17	17	17	0	0	6	4	51	0	528506277	1769
1776364186072	S6_InFlightEdgeCases	2392345	PASSED	50	407	136	22	74	28	28	58	33	16	12	51	0	143716448	537
1776364190765	S7_FullProtocolEndurance	2392345	PASSED	15	968	542	104	245	15	15	15	13	15	4	17	0	256501419	788
1776364195058	S8_InvestSettlementEdge	2392345	PASSED	50	240	100	0	0	0	0	50	62	16	12	51	0	99458413	398
1776364200463	S9_MultiAdapterMix	2392345	PASSED	50	1505	878	0	406	50	50	50	49	9	13	102	0	499572676	1487
1776364205432	S10_InterleavedOperations	2392345	PASSED	50	699	237	44	178	59	59	50	28	21	23	148	0	283897629	1050
1776364210402	S1_DepositRedeemMix	2402345	PASSED	50	1137	741	390	0	0	0	0	0	4	2	51	0	267997801	1059
1776364215286	S2_AsyncRedeemFullCycle	2402345	PASSED	50	499	55	0	331	49	49	0	0	9	6	151	0	289991867	975
1776364221184	S3_RebalanceSettlement	2402345	PASSED	50	1758	889	0	630	49	49	50	73	9	9	201	0	705100905	1984
1776364225444	S4_ExchangeRateFeeAccrual	2402345	PASSED	50	202	121	22	0	0	0	0	0	50	9	50	0	62224902	304
1776364231044	S5_SanctionedUserInterlace	2402345	PASSED	50	2191	1785	345	17	17	17	0	0	6	4	51	0	541370100	1719
1776364235504	S6_InFlightEdgeCases	2402345	PASSED	50	430	164	12	79	27	27	58	35	16	12	51	0	148484328	555
1776364240021	S7_FullProtocolEndurance	2402345	PASSED	15	773	476	97	124	14	14	15	14	15	4	17	0	182459724	632
1776364244365	S8_InvestSettlementEdge	2402345	PASSED	50	240	100	0	0	0	0	50	62	16	12	51	0	99582872	412
1776364249728	S9_MultiAdapterMix	2402345	PASSED	50	1444	841	0	384	50	50	50	47	9	13	102	0	475883965	1487
1776364254687	S10_InterleavedOperations	2402345	PASSED	50	697	216	43	203	59	59	50	23	21	23	147	0	289443489	1043
1776364259708	S1_DepositRedeemMix	2412345	PASSED	50	1259	846	407	0	0	0	0	0	4	2	51	0	294336280	1140
1776364264511	S2_AsyncRedeemFullCycle	2412345	PASSED	50	478	54	0	309	50	50	0	0	9	6	151	0	277110197	935
1776364270265	S3_RebalanceSettlement	2412345	PASSED	50	1582	803	0	549	50	50	50	62	9	9	201	0	630238708	1855
1776364274458	S4_ExchangeRateFeeAccrual	2412345	PASSED	50	194	109	26	0	0	0	0	0	50	9	50	0	61295205	288
1776364279941	S5_SanctionedUserInterlace	2412345	PASSED	50	2015	1627	327	17	17	17	0	0	6	4	51	0	489953997	1598
1776364284429	S6_InFlightEdgeCases	2412345	PASSED	50	421	151	13	86	28	28	58	29	16	12	51	0	150494954	557
1776364288981	S7_FullProtocolEndurance	2412345	PASSED	15	787	448	89	175	15	15	15	11	15	4	17	0	199463807	650
1776364293236	S8_InvestSettlementEdge	2412345	PASSED	50	244	100	0	0	0	0	50	66	16	12	51	0	101171936	402
1776364298571	S9_MultiAdapterMix	2412345	PASSED	50	1496	879	0	396	50	50	50	49	9	13	102	0	493491698	1462
1776364303522	S10_InterleavedOperations	2412345	PASSED	50	668	194	44	192	59	59	50	28	20	22	148	0	282333991	1038
1776364308568	S1_DepositRedeemMix	2422345	PASSED	50	1275	894	375	0	0	0	0	0	4	2	51	0	296956458	1136
1776364313398	S2_AsyncRedeemFullCycle	2422345	PASSED	50	462	54	0	293	50	50	0	0	9	6	151	0	269727308	926
1776364319199	S3_RebalanceSettlement	2422345	PASSED	50	1640	805	0	612	49	49	50	57	9	9	201	0	662780907	1904
1776364323398	S4_ExchangeRateFeeAccrual	2422345	PASSED	50	175	98	18	0	0	0	0	0	50	9	50	0	58633199	286
1776364329019	S5_SanctionedUserInterlace	2422345	PASSED	50	2178	1718	399	17	17	17	0	0	6	4	51	0	547767235	1737
1776364333491	S6_InFlightEdgeCases	2422345	PASSED	50	415	141	19	80	27	27	58	35	16	12	51	0	145832463	556
1776364338018	S7_FullProtocolEndurance	2422345	PASSED	15	780	439	116	145	15	15	15	16	15	4	17	0	191147087	640
1776364342325	S8_InvestSettlementEdge	2422345	PASSED	50	244	100	0	0	0	0	50	66	16	12	51	0	101119800	414
1776364347788	S9_MultiAdapterMix	2422345	PASSED	50	1548	928	0	406	49	49	50	44	9	13	102	0	507667646	1567
1776364352798	S10_InterleavedOperations	2422345	PASSED	50	730	214	48	223	59	59	50	33	21	23	149	0	305743887	1088
1776364357765	S1_DepositRedeemMix	2432345	PASSED	50	1138	732	400	0	0	0	0	0	4	2	51	0	267128134	1075
1776364362691	S2_AsyncRedeemFullCycle	2432345	PASSED	50	529	54	0	360	50	50	0	0	9	6	151	0	306518919	1003
1776364368623	S3_RebalanceSettlement	2432345	PASSED	50	1704	780	0	692	50	50	50	64	9	9	201	0	710315011	1993
1776364372821	S4_ExchangeRateFeeAccrual	2432345	PASSED	50	227	140	28	0	0	0	0	0	50	9	50	0	66236466	311
1776364378395	S5_SanctionedUserInterlace	2432345	PASSED	50	2109	1711	337	17	17	17	0	0	6	4	51	0	517896662	1674
1776364382838	S6_InFlightEdgeCases	2432345	PASSED	50	387	131	16	72	25	25	58	32	16	12	51	0	139463247	521
1776364387449	S7_FullProtocolEndurance	2432345	PASSED	15	872	475	123	196	15	15	15	14	15	4	17	0	224431414	734
1776364391771	S8_InvestSettlementEdge	2432345	PASSED	50	242	100	0	0	0	0	50	64	16	12	51	0	100250150	399
1776364397253	S9_MultiAdapterMix	2432345	PASSED	50	1608	950	0	438	48	48	50	52	9	13	102	0	536421373	1549
1776364402215	S10_InterleavedOperations	2432345	PASSED	50	680	194	52	196	57	57	50	32	20	22	147	0	286381232	1034
1776364407279	S1_DepositRedeemMix	2442345	PASSED	50	1224	822	396	0	0	0	0	0	4	2	51	0	286351214	1116
1776364412162	S2_AsyncRedeemFullCycle	2442345	PASSED	50	469	55	0	303	48	48	0	0	9	6	151	0	274168475	937
1776364418133	S3_RebalanceSettlement	2442345	PASSED	50	1739	875	0	630	49	49	50	68	9	9	201	0	698933984	2057
1776364422331	S4_ExchangeRateFeeAccrual	2442345	PASSED	50	221	136	26	0	0	0	0	0	50	9	50	0	65491703	310
1776364427886	S5_SanctionedUserInterlace	2442345	PASSED	50	2096	1621	417	16	16	16	0	0	6	4	51	0	515152011	1673
1776364432315	S6_InFlightEdgeCases	2442345	PASSED	50	399	152	18	64	22	22	58	35	16	12	51	0	139833827	522
1776364436954	S7_FullProtocolEndurance	2442345	PASSED	15	867	526	110	151	15	15	15	16	15	4	17	0	208277082	724
1776364441259	S8_InvestSettlementEdge	2442345	PASSED	50	243	100	0	0	0	0	50	65	16	12	51	0	100806753	415
1776364446594	S9_MultiAdapterMix	2442345	PASSED	50	1441	841	0	376	50	50	50	52	9	13	102	0	476691603	1421
1776364451682	S10_InterleavedOperations	2442345	PASSED	50	723	220	44	211	62	62	50	30	21	23	151	0	300494674	1105
1776364456794	S1_DepositRedeemMix	2452345	PASSED	50	1366	907	453	0	0	0	0	0	4	2	51	0	320580909	1218
1776364461695	S2_AsyncRedeemFullCycle	2452345	PASSED	50	482	52	0	319	48	48	0	0	9	6	151	0	281908881	948
1776364467694	S3_RebalanceSettlement	2452345	PASSED	50	1769	925	0	617	49	49	50	61	9	9	201	0	700070271	2086
1776364471883	S4_ExchangeRateFeeAccrual	2452345	PASSED	50	169	92	18	0	0	0	0	0	50	9	50	0	57596782	291
1776364477510	S5_SanctionedUserInterlace	2452345	PASSED	50	2117	1715	341	17	17	17	0	0	6	4	51	0	518239169	1736
1776364482005	S6_InFlightEdgeCases	2452345	PASSED	50	455	158	12	96	30	30	58	43	16	12	51	0	161894164	590
1776364486529	S7_FullProtocolEndurance	2452345	PASSED	15	769	431	128	135	15	15	15	11	15	4	17	0	185208557	635
1776364490853	S8_InvestSettlementEdge	2452345	PASSED	50	240	100	0	0	0	0	50	62	16	12	51	0	99461473	395
1776364496185	S9_MultiAdapterMix	2452345	PASSED	50	1453	815	0	419	50	50	50	47	9	13	102	0	488998121	1443
1776364501146	S10_InterleavedOperations	2452345	PASSED	50	722	221	45	214	60	60	50	28	21	23	148	0	299596714	1069
1776364506259	S1_DepositRedeemMix	2462345	PASSED	50	1318	876	436	0	0	0	0	0	4	2	51	0	311322648	1189
1776364511176	S2_AsyncRedeemFullCycle	2462345	PASSED	50	522	57	0	352	49	49	0	0	9	6	151	0	298547841	1015
1776364517122	S3_RebalanceSettlement	2462345	PASSED	50	1769	849	0	698	49	49	50	56	9	9	201	0	728648651	2026
1776364521336	S4_ExchangeRateFeeAccrual	2462345	PASSED	50	206	123	24	0	0	0	0	0	50	9	50	0	63406513	304
1776364526928	S5_SanctionedUserInterlace	2462345	PASSED	50	2124	1682	381	17	17	17	0	0	6	4	51	0	526473439	1704
1776364531404	S6_InFlightEdgeCases	2462345	PASSED	50	395	135	15	68	29	29	58	33	16	12	51	0	140350614	534
1776364536044	S7_FullProtocolEndurance	2462345	PASSED	15	858	492	122	169	15	15	15	11	15	4	17	0	211562444	701
1776364540336	S8_InvestSettlementEdge	2462345	PASSED	50	244	100	0	0	0	0	50	66	16	12	51	0	101181624	398
1776364545766	S9_MultiAdapterMix	2462345	PASSED	50	1501	875	0	406	49	49	50	50	9	13	102	0	497705142	1508
1776364550707	S10_InterleavedOperations	2462345	PASSED	50	686	204	35	211	56	56	50	32	20	22	145	0	291054368	1030
1776364555885	S1_DepositRedeemMix	2472345	PASSED	50	1337	881	450	0	0	0	0	0	4	2	51	0	313660608	1291
1776364560745	S2_AsyncRedeemFullCycle	2472345	PASSED	50	467	54	0	298	50	50	0	0	9	6	151	0	271463509	976
1776364566555	S3_RebalanceSettlement	2472345	PASSED	50	1611	816	0	563	49	49	50	66	9	9	201	0	644023775	1889
1776364570738	S4_ExchangeRateFeeAccrual	2472345	PASSED	50	165	92	14	0	0	0	0	0	50	9	50	0	56899747	269
1776364576393	S5_SanctionedUserInterlace	2472345	PASSED	50	2190	1775	354	17	17	17	0	0	6	4	51	0	540659089	1724
1776364580789	S6_InFlightEdgeCases	2472345	PASSED	50	331	95	8	63	24	24	58	31	16	12	51	0	127719174	504
1776364585454	S7_FullProtocolEndurance	2472345	PASSED	15	951	570	114	190	15	15	15	13	15	4	17	0	235650265	785
1776364589752	S8_InvestSettlementEdge	2472345	PASSED	50	246	100	0	0	0	0	50	68	16	12	51	0	102050831	404
1776364595016	S9_MultiAdapterMix	2472345	PASSED	50	1393	809	0	367	49	49	50	47	9	13	102	0	458830070	1377
1776364599996	S10_InterleavedOperations	2472345	PASSED	50	713	235	39	204	57	57	50	29	20	22	148	0	294257363	1068
1776364604974	S1_DepositRedeemMix	2482345	PASSED	50	1208	794	408	0	0	0	0	0	4	2	51	0	282970913	1108
1776364609915	S2_AsyncRedeemFullCycle	2482345	PASSED	50	537	57	0	365	50	50	0	0	9	6	151	0	309871578	1034
1776364615773	S3_RebalanceSettlement	2482345	PASSED	50	1726	814	0	677	50	50	50	67	9	9	201	0	711757417	1985
1776364619973	S4_ExchangeRateFeeAccrual	2482345	PASSED	50	214	131	24	0	0	0	0	0	50	9	50	0	64501658	301
1776364625528	S5_SanctionedUserInterlace	2482345	PASSED	50	2096	1679	356	17	17	17	0	0	6	4	51	0	522521220	1667
1776364629949	S6_InFlightEdgeCases	2482345	PASSED	50	422	150	19	79	29	29	58	30	16	12	51	0	145067850	540
1776364634629	S7_FullProtocolEndurance	2482345	PASSED	15	970	559	143	192	15	15	15	12	15	4	17	0	240269130	777
1776364638931	S8_InvestSettlementEdge	2482345	PASSED	50	242	100	0	0	0	0	50	64	16	12	51	0	100268407	399
1776364644218	S9_MultiAdapterMix	2482345	PASSED	50	1405	819	0	368	49	49	50	48	9	13	102	0	462590488	1403
1776364649104	S10_InterleavedOperations	2482345	PASSED	50	645	205	28	180	55	55	50	28	21	23	145	0	272477963	998
1776364654121	S1_DepositRedeemMix	2492345	PASSED	50	1215	812	397	0	0	0	0	0	4	2	51	0	284318077	1120
1776364658973	S2_AsyncRedeemFullCycle	2492345	PASSED	50	495	56	0	324	50	50	0	0	9	6	151	0	285907391	959
1776364664992	S3_RebalanceSettlement	2492345	PASSED	50	1831	924	0	678	50	50	50	61	9	9	201	0	738567348	2088
1776364669167	S4_ExchangeRateFeeAccrual	2492345	PASSED	50	191	113	19	0	0	0	0	0	50	9	50	0	60690467	302
1776364674755	S5_SanctionedUserInterlace	2492345	PASSED	50	2118	1701	356	17	17	17	0	0	6	4	51	0	523873928	1702
1776364679174	S6_InFlightEdgeCases	2492345	PASSED	50	367	116	13	71	25	25	58	31	16	12	51	0	136011396	505
1776364683887	S7_FullProtocolEndurance	2492345	PASSED	15	990	582	119	209	15	15	15	16	15	4	17	0	251744526	799
1776364688213	S8_InvestSettlementEdge	2492345	PASSED	50	246	100	0	0	0	0	50	68	16	12	51	0	102112759	403
1776364693589	S9_MultiAdapterMix	2492345	PASSED	50	1475	835	0	412	50	50	50	56	9	13	102	0	495478569	1458
1776364698571	S10_InterleavedOperations	2492345	PASSED	50	676	189	44	206	55	55	50	33	21	23	146	0	289791502	1039
1776364703577	S1_DepositRedeemMix	2502345	PASSED	50	1176	770	400	0	0	0	0	0	4	2	51	0	275770687	1094
1776364708433	S2_AsyncRedeemFullCycle	2502345	PASSED	50	513	60	0	338	50	50	0	0	9	6	151	0	294347511	972
1776364714363	S3_RebalanceSettlement	2502345	PASSED	50	1804	900	0	679	48	48	50	61	9	9	201	0	732339422	2035
1776364718582	S4_ExchangeRateFeeAccrual	2502345	PASSED	50	196	110	27	0	0	0	0	0	50	9	50	0	61903701	292
1776364724186	S5_SanctionedUserInterlace	2502345	PASSED	50	2089	1645	383	17	17	17	0	0	6	4	51	0	510386657	1658
1776364728610	S6_InFlightEdgeCases	2502345	PASSED	50	376	124	10	71	26	26	58	33	16	12	51	0	138004082	518
1776364733174	S7_FullProtocolEndurance	2502345	PASSED	15	828	501	142	108	15	15	15	13	15	4	17	0	188331164	661
1776364737508	S8_InvestSettlementEdge	2502345	PASSED	50	246	100	0	0	0	0	50	68	16	12	51	0	102005314	414
1776364742938	S9_MultiAdapterMix	2502345	PASSED	50	1574	880	0	472	49	49	50	52	9	13	102	0	542489952	1522
1776364747911	S10_InterleavedOperations	2502345	PASSED	50	688	214	32	199	57	57	50	35	21	23	147	0	289884879	1055
1776364752935	S1_DepositRedeemMix	2512345	PASSED	50	1226	809	411	0	0	0	0	0	4	2	51	0	287160599	1106
1776364757787	S2_AsyncRedeemFullCycle	2512345	PASSED	50	479	58	0	306	50	50	0	0	9	6	151	0	276562643	952
1776364763711	S3_RebalanceSettlement	2512345	PASSED	50	1736	887	0	613	49	49	50	70	9	9	201	0	693238275	1991
1776364767920	S4_ExchangeRateFeeAccrual	2512345	PASSED	50	203	121	23	0	0	0	0	0	50	9	50	0	62456574	295
1776364773563	S5_SanctionedUserInterlace	2512345	PASSED	50	2204	1735	408	17	17	17	0	0	6	4	51	0	551587563	1750
1776364777964	S6_InFlightEdgeCases	2512345	PASSED	50	389	131	8	77	28	28	58	31	16	12	51	0	140040403	518
1776364782587	S7_FullProtocolEndurance	2512345	PASSED	15	877	464	143	195	15	15	15	11	15	4	17	0	223548284	750
1776364786875	S8_InvestSettlementEdge	2512345	PASSED	50	240	100	0	0	0	0	50	62	16	12	51	0	99479164	397
1776364792283	S9_MultiAdapterMix	2512345	PASSED	50	1537	856	0	460	50	50	50	49	9	13	102	0	525195534	1518
1776364797251	S10_InterleavedOperations	2512345	PASSED	50	701	216	36	209	57	57	50	32	21	23	146	0	293488275	1046
1776364802333	S1_DepositRedeemMix	2522345	PASSED	50	1292	877	409	0	0	0	0	0	4	2	51	0	304069261	1183
1776364807168	S2_AsyncRedeemFullCycle	2522345	PASSED	50	468	55	0	298	50	50	0	0	9	6	151	0	272253773	930
1776364812951	S3_RebalanceSettlement	2522345	PASSED	50	1565	751	0	580	50	50	50	66	9	9	201	0	635286340	1871
1776364817143	S4_ExchangeRateFeeAccrual	2522345	PASSED	50	206	120	27	0	0	0	0	0	50	9	50	0	63414612	315
1776364822757	S5_SanctionedUserInterlace	2522345	PASSED	50	2146	1709	376	17	17	17	0	0	6	4	51	0	528702576	1707
1776364827276	S6_InFlightEdgeCases	2522345	PASSED	50	426	147	23	85	27	27	58	31	16	12	51	0	150665478	573
1776364831971	S7_FullProtocolEndurance	2522345	PASSED	15	905	545	108	172	15	15	15	16	15	4	17	0	222271264	770
1776364836286	S8_InvestSettlementEdge	2522345	PASSED	50	243	100	0	0	0	0	50	65	16	12	51	0	100774121	404
1776364841585	S9_MultiAdapterMix	2522345	PASSED	50	1368	760	0	392	50	50	50	44	9	13	102	0	460145547	1381
1776364846451	S10_InterleavedOperations	2522345	PASSED	50	619	188	30	171	57	57	50	24	20	22	146	0	264988060	981
1776364851474	S1_DepositRedeemMix	2532345	PASSED	50	1216	800	410	0	0	0	0	0	4	2	51	0	284967339	1154
1776364856341	S2_AsyncRedeemFullCycle	2532345	PASSED	50	496	52	0	333	48	48	0	0	9	6	151	0	287742838	969
1776364862098	S3_RebalanceSettlement	2532345	PASSED	50	1509	732	0	558	49	49	50	53	9	9	201	0	613041820	1841
1776364866329	S4_ExchangeRateFeeAccrual	2532345	PASSED	50	159	90	10	0	0	0	0	0	50	9	50	0	56041973	266
1776364871957	S5_SanctionedUserInterlace	2532345	PASSED	50	2198	1813	324	17	17	17	0	0	6	4	51	0	537648968	1718
1776364876425	S6_InFlightEdgeCases	2532345	PASSED	50	396	144	9	71	27	27	58	32	16	12	51	0	139655364	556
1776364881078	S7_FullProtocolEndurance	2532345	PASSED	15	823	434	138	177	15	15	15	10	15	4	17	0	207875006	742
1776364885389	S8_InvestSettlementEdge	2532345	PASSED	50	238	100	0	0	0	0	50	60	16	12	51	0	98678201	406
1776364890723	S9_MultiAdapterMix	2532345	PASSED	50	1390	747	0	429	50	50	50	42	9	13	102	0	475736567	1399
1776364895697	S10_InterleavedOperations	2532345	PASSED	50	710	195	67	201	60	60	50	33	21	23	149	0	295534863	1077
1776364900735	S1_DepositRedeemMix	2542345	PASSED	50	1281	849	426	0	0	0	0	0	4	2	51	0	300219601	1158
1776364905594	S2_AsyncRedeemFullCycle	2542345	PASSED	50	505	56	0	336	49	49	0	0	9	6	151	0	292563192	983
1776364911373	S3_RebalanceSettlement	2542345	PASSED	50	1635	787	0	620	50	50	50	60	9	9	201	0	665096924	1918
1776364915620	S4_ExchangeRateFeeAccrual	2542345	PASSED	50	229	134	36	0	0	0	0	0	50	9	50	0	66758935	323
1776364921290	S5_SanctionedUserInterlace	2542345	PASSED	50	2207	1800	349	16	16	16	0	0	6	4	51	0	552389269	1770
1776364925686	S6_InFlightEdgeCases	2542345	PASSED	50	367	108	9	72	30	30	58	32	16	12	51	0	137191140	526
1776364930370	S7_FullProtocolEndurance	2542345	PASSED	15	958	549	159	169	15	15	15	17	15	4	17	0	233988014	774
1776364934690	S8_InvestSettlementEdge	2542345	PASSED	50	246	100	0	0	0	0	50	68	16	12	51	0	101991123	403
1776364940093	S9_MultiAdapterMix	2542345	PASSED	50	1496	837	0	442	49	49	50	47	9	13	102	0	507970519	1493
1776364945052	S10_InterleavedOperations	2542345	PASSED	50	652	199	34	191	53	53	50	30	20	22	143	0	277813184	1014
1776364950163	S1_DepositRedeemMix	2552345	PASSED	50	1345	892	447	0	0	0	0	0	4	2	51	0	315487380	1199
1776364955027	S2_AsyncRedeemFullCycle	2552345	PASSED	50	500	55	0	332	49	49	0	0	9	6	151	0	287193714	975
1776364960986	S3_RebalanceSettlement	2552345	PASSED	50	1832	908	0	685	50	50	50	71	9	9	201	0	744225718	2056
1776364965207	S4_ExchangeRateFeeAccrual	2552345	PASSED	50	208	128	21	0	0	0	0	0	50	9	50	0	63457160	318
1776364970849	S5_SanctionedUserInterlace	2552345	PASSED	50	2217	1829	327	17	17	17	0	0	6	4	51	0	546275972	1759
1776364975273	S6_InFlightEdgeCases	2552345	PASSED	50	378	124	13	72	25	25	58	33	16	12	51	0	139428004	521
1776364979998	S7_FullProtocolEndurance	2552345	PASSED	15	1028	563	173	217	15	15	15	11	15	4	17	0	260905343	837
1776364984282	S8_InvestSettlementEdge	2552345	PASSED	50	239	100	0	0	0	0	50	61	16	12	51	0	99204927	396
1776364989740	S9_MultiAdapterMix	2552345	PASSED	50	1529	842	0	464	49	49	50	53	9	13	102	0	528716868	1512
1776364994723	S10_InterleavedOperations	2552345	PASSED	50	711	224	45	202	57	57	50	32	21	23	146	0	293563035	1051
1776364999717	S1_DepositRedeemMix	2562345	PASSED	50	1157	753	398	0	0	0	0	0	4	2	51	0	271393184	1078
1776365004597	S2_AsyncRedeemFullCycle	2562345	PASSED	50	505	56	0	336	49	49	0	0	9	6	151	0	291366716	970
1776365010483	S3_RebalanceSettlement	2562345	PASSED	50	1681	819	0	638	49	49	50	58	9	9	201	0	682657421	1962
1776365014684	S4_ExchangeRateFeeAccrual	2562345	PASSED	50	192	118	15	0	0	0	0	0	50	9	50	0	61248814	285
1776365020391	S5_SanctionedUserInterlace	2562345	PASSED	50	2245	1848	336	17	17	17	0	0	6	4	51	0	559274337	1757
1776365024795	S6_InFlightEdgeCases	2562345	PASSED	50	375	120	16	68	26	26	58	33	16	12	51	0	136067889	508
1776365029459	S7_FullProtocolEndurance	2562345	PASSED	15	916	493	143	203	15	15	15	13	15	4	17	0	234599768	760
1776365033772	S8_InvestSettlementEdge	2562345	PASSED	50	239	100	0	0	0	0	50	61	16	12	51	0	99051737	403
1776365039166	S9_MultiAdapterMix	2562345	PASSED	50	1509	867	0	412	50	50	50	58	9	13	102	0	504930602	1481
1776365044074	S10_InterleavedOperations	2562345	PASSED	50	656	207	39	180	55	55	50	28	20	22	145	0	275765304	1010
1776365049091	S1_DepositRedeemMix	2572345	PASSED	50	1171	783	382	0	0	0	0	0	4	2	51	0	276053361	1093
1776365054021	S2_AsyncRedeemFullCycle	2572345	PASSED	50	509	57	0	337	50	50	0	0	9	6	151	0	292772258	983
1776365059847	S3_RebalanceSettlement	2572345	PASSED	50	1614	788	0	590	50	50	50	68	9	9	201	0	651739481	1911
1776365064072	S4_ExchangeRateFeeAccrual	2572345	PASSED	50	252	163	30	0	0	0	0	0	50	9	50	0	70229545	325
1776365069717	S5_SanctionedUserInterlace	2572345	PASSED	50	2207	1762	384	17	17	17	0	0	6	4	51	0	547564013	1738
1776365074186	S6_InFlightEdgeCases	2572345	PASSED	50	435	157	20	95	25	25	58	27	16	12	51	0	152073718	557
1776365078797	S7_FullProtocolEndurance	2572345	PASSED	15	811	488	120	125	15	15	15	14	15	4	17	0	189498676	662
1776365083104	S8_InvestSettlementEdge	2572345	PASSED	50	243	100	0	0	0	0	50	65	16	12	51	0	100614407	398
1776365088579	S9_MultiAdapterMix	2572345	PASSED	50	1612	952	0	449	50	50	50	39	9	13	102	0	536417939	1557
1776365093559	S10_InterleavedOperations	2572345	PASSED	50	691	198	50	202	56	56	50	35	21	23	145	0	290621894	1063
1776365098764	S1_DepositRedeemMix	2582345	PASSED	50	1462	937	519	0	0	0	0	0	4	2	51	0	345504916	1285
1776365103573	S2_AsyncRedeemFullCycle	2582345	PASSED	50	420	51	0	254	50	50	0	0	9	6	151	0	249803448	899
1776365109543	S3_RebalanceSettlement	2582345	PASSED	50	1776	813	0	735	50	50	50	60	9	9	201	0	748972403	2050
1776365113770	S4_ExchangeRateFeeAccrual	2582345	PASSED	50	210	126	25	0	0	0	0	0	50	9	50	0	64068418	298
1776365119281	S5_SanctionedUserInterlace	2582345	PASSED	50	2015	1649	308	16	16	16	0	0	6	4	51	0	494767432	1605
1776365123739	S6_InFlightEdgeCases	2582345	PASSED	50	384	140	15	62	23	23	58	35	16	12	51	0	136592763	520
1776365128453	S7_FullProtocolEndurance	2582345	PASSED	15	979	586	116	200	15	15	15	13	15	4	17	0	244128574	791
1776365132747	S8_InvestSettlementEdge	2582345	PASSED	50	242	100	0	0	0	0	50	64	16	12	51	0	100261579	398
1776365138109	S9_MultiAdapterMix	2582345	PASSED	50	1468	838	0	406	48	48	50	56	9	13	102	0	492647552	1467
1776365143152	S10_InterleavedOperations	2582345	PASSED	50	775	228	54	243	62	62	50	32	21	23	151	0	320933808	1126
1776365148251	S1_DepositRedeemMix	2592345	PASSED	50	1365	901	458	0	0	0	0	0	4	2	51	0	320485437	1208
1776365153058	S2_AsyncRedeemFullCycle	2592345	PASSED	50	473	54	0	304	50	50	0	0	9	6	151	0	273487496	930
1776365158961	S3_RebalanceSettlement	2592345	PASSED	50	1740	871	0	642	48	48	50	63	9	9	201	0	701830777	1984
1776365163138	S4_ExchangeRateFeeAccrual	2592345	PASSED	50	173	97	17	0	0	0	0	0	50	9	50	0	58085478	281
1776365168742	S5_SanctionedUserInterlace	2592345	PASSED	50	2135	1756	318	17	17	17	0	0	6	4	51	0	528861242	1696
1776365173164	S6_InFlightEdgeCases	2592345	PASSED	50	434	158	12	89	27	27	58	35	16	12	51	0	151487200	548
1776365177914	S7_FullProtocolEndurance	2592345	PASSED	15	1033	605	143	207	15	15	15	14	15	4	17	0	257677775	837
1776365182210	S8_InvestSettlementEdge	2592345	PASSED	50	237	100	0	0	0	0	50	59	16	12	51	0	98197880	409
1776365187528	S9_MultiAdapterMix	2592345	PASSED	50	1452	828	0	397	50	50	50	55	9	13	102	0	484957554	1438
1776365192432	S10_InterleavedOperations	2592345	PASSED	50	647	192	56	173	53	53	50	28	20	22	145	0	271582141	1003
1776365197395	S1_DepositRedeemMix	2602345	PASSED	50	1116	751	359	0	0	0	0	0	4	2	51	0	261464718	1057
1776365202278	S2_AsyncRedeemFullCycle	2602345	PASSED	50	480	53	0	314	49	49	0	0	9	6	151	0	278776051	965
1776365208079	S3_RebalanceSettlement	2602345	PASSED	50	1641	852	0	562	48	48	50	63	9	9	201	0	647862494	1900
1776365212244	S4_ExchangeRateFeeAccrual	2602345	PASSED	50	183	105	19	0	0	0	0	0	50	9	50	0	59716524	281
1776365217804	S5_SanctionedUserInterlace	2602345	PASSED	50	2087	1695	331	17	17	17	0	0	6	4	51	0	512980387	1659
1776365222244	S6_InFlightEdgeCases	2602345	PASSED	50	393	131	15	79	24	24	58	34	16	12	51	0	142029915	524
1776365226915	S7_FullProtocolEndurance	2602345	PASSED	15	976	563	110	226	15	15	15	13	15	4	17	0	253125436	795
1776365231275	S8_InvestSettlementEdge	2602345	PASSED	50	240	100	0	0	0	0	50	62	16	12	51	0	99425943	404
1776365236608	S9_MultiAdapterMix	2602345	PASSED	50	1458	818	0	432	49	49	50	38	9	13	102	0	492160789	1444
1776365241584	S10_InterleavedOperations	2602345	PASSED	50	701	210	47	207	58	58	50	29	20	22	146	0	292429663	1068
1776365246681	S1_DepositRedeemMix	2612345	PASSED	50	1308	866	436	0	0	0	0	0	4	2	51	0	306612502	1171
1776365251540	S2_AsyncRedeemFullCycle	2612345	PASSED	50	477	55	0	307	50	50	0	0	9	6	151	0	276191803	952
1776365257276	S3_RebalanceSettlement	2612345	PASSED	50	1487	749	0	511	50	50	50	59	9	9	201	0	589849431	1845
1776365261507	S4_ExchangeRateFeeAccrual	2612345	PASSED	50	236	155	22	0	0	0	0	0	50	9	50	0	67439063	321
1776365267142	S5_SanctionedUserInterlace	2612345	PASSED	50	2153	1750	342	17	17	17	0	0	6	4	51	0	532059962	1750
1776365271577	S6_InFlightEdgeCases	2612345	PASSED	50	435	155	13	86	28	28	58	39	16	12	51	0	153232519	556
1776365276201	S7_FullProtocolEndurance	2612345	PASSED	15	901	493	119	212	15	15	15	13	15	4	17	0	233599128	742
1776365280514	S8_InvestSettlementEdge	2612345	PASSED	50	245	100	0	0	0	0	50	67	16	12	51	0	101508019	413
1776365285838	S9_MultiAdapterMix	2612345	PASSED	50	1446	783	0	449	50	50	50	42	9	13	102	0	499252423	1441
1776365290788	S10_InterleavedOperations	2612345	PASSED	50	688	197	50	200	56	56	50	35	21	23	146	0	289756340	1049
1776365295819	S1_DepositRedeemMix	2622345	PASSED	50	1207	799	402	0	0	0	0	0	4	2	51	0	282527891	1125
1776365300749	S2_AsyncRedeemFullCycle	2622345	PASSED	50	525	57	0	353	50	50	0	0	9	6	151	0	302941196	1009
1776365306626	S3_RebalanceSettlement	2622345	PASSED	50	1685	845	0	606	50	50	50	66	9	9	201	0	674651964	1950
1776365310836	S4_ExchangeRateFeeAccrual	2622345	PASSED	50	197	113	25	0	0	0	0	0	50	9	50	0	61899981	293
1776365316479	S5_SanctionedUserInterlace	2622345	PASSED	50	2124	1735	328	17	17	17	0	0	6	4	51	0	523419985	1756
1776365320903	S6_InFlightEdgeCases	2622345	PASSED	50	396	145	22	62	24	24	58	33	16	12	51	0	138649346	521
1776365325549	S7_FullProtocolEndurance	2622345	PASSED	15	897	497	126	199	15	15	15	11	15	4	17	0	228213113	770
1776365329851	S8_InvestSettlementEdge	2622345	PASSED	50	246	100	0	0	0	0	50	68	16	12	51	0	101949286	400
1776365335190	S9_MultiAdapterMix	2622345	PASSED	50	1469	824	0	423	50	50	50	50	9	13	102	0	496419634	1457
1776365340067	S10_InterleavedOperations	2622345	PASSED	50	621	171	36	179	55	55	50	31	21	23	146	0	269843520	992
1776365345093	S1_DepositRedeemMix	2632345	PASSED	50	1214	790	418	0	0	0	0	0	4	2	51	0	286821088	1114
1776365349951	S2_AsyncRedeemFullCycle	2632345	PASSED	50	501	55	0	333	49	49	0	0	9	6	151	0	289838229	981
1776365355809	S3_RebalanceSettlement	2632345	PASSED	50	1677	848	0	604	50	50	50	57	9	9	201	0	669146711	1942
1776365360038	S4_ExchangeRateFeeAccrual	2632345	PASSED	50	190	109	22	0	0	0	0	0	50	9	50	0	60869946	299
1776365365710	S5_SanctionedUserInterlace	2632345	PASSED	50	2259	1835	363	17	17	17	0	0	6	4	51	0	561852083	1766
1776365370122	S6_InFlightEdgeCases	2632345	PASSED	50	384	129	18	69	24	24	58	34	16	12	51	0	138732400	512
1776365374825	S7_FullProtocolEndurance	2632345	PASSED	15	974	515	149	234	15	15	15	12	15	4	17	0	255432759	805
1776365379152	S8_InvestSettlementEdge	2632345	PASSED	50	244	100	0	0	0	0	50	66	16	12	51	0	101142965	401
1776365384529	S9_MultiAdapterMix	2632345	PASSED	50	1512	866	0	425	50	50	50	49	9	13	102	0	506355442	1477
1776365389435	S10_InterleavedOperations	2632345	PASSED	50	550	148	31	149	52	52	50	26	20	22	143	0	245079280	1024
1776365394423	S1_DepositRedeemMix	2642345	PASSED	50	1178	796	376	0	0	0	0	0	4	2	51	0	275301435	1082
1776365399299	S2_AsyncRedeemFullCycle	2642345	PASSED	50	508	55	0	338	50	50	0	0	9	6	151	0	292842104	977
1776365405162	S3_RebalanceSettlement	2642345	PASSED	50	1724	883	0	613	50	50	50	60	9	9	201	0	689646902	1972
1776365409361	S4_ExchangeRateFeeAccrual	2642345	PASSED	50	186	112	15	0	0	0	0	0	50	9	50	0	60083741	284
1776365414984	S5_SanctionedUserInterlace	2642345	PASSED	50	2067	1644	362	17	17	17	0	0	6	4	51	0	502581836	1705
1776365419436	S6_InFlightEdgeCases	2642345	PASSED	50	405	147	11	79	26	26	58	30	16	12	51	0	143004529	531
1776365424118	S7_FullProtocolEndurance	2642345	PASSED	15	902	506	109	210	15	15	15	13	15	4	17	0	233577964	768
1776365428419	S8_InvestSettlementEdge	2642345	PASSED	50	239	100	0	0	0	0	50	61	16	12	51	0	98984934	396
1776365433942	S9_MultiAdapterMix	2642345	PASSED	50	1642	945	0	468	49	49	50	59	9	13	102	0	557167043	1617
1776365438842	S10_InterleavedOperations	2642345	PASSED	50	655	207	42	168	55	55	50	34	21	23	146	0	272987297	999
1776365443761	S1_DepositRedeemMix	2652345	PASSED	50	1059	699	354	0	0	0	0	0	4	2	51	0	248993315	1004
1776365448588	S2_AsyncRedeemFullCycle	2652345	PASSED	50	452	51	0	288	49	49	0	0	9	6	151	0	264763931	909
1776365454527	S3_RebalanceSettlement	2652345	PASSED	50	1814	868	0	710	50	50	50	68	9	9	201	0	746621102	2041
1776365458715	S4_ExchangeRateFeeAccrual	2652345	PASSED	50	209	128	22	0	0	0	0	0	50	9	50	0	63653733	299
1776365464220	S5_SanctionedUserInterlace	2652345	PASSED	50	2035	1670	307	16	16	16	0	0	6	4	51	0	509168782	1626
1776365468616	S6_InFlightEdgeCases	2652345	PASSED	50	376	132	11	67	26	26	58	28	16	12	51	0	134448288	504
1776365473298	S7_FullProtocolEndurance	2652345	PASSED	15	896	463	118	237	15	15	15	14	15	4	17	0	241070643	745
1776365477605	S8_InvestSettlementEdge	2652345	PASSED	50	246	100	0	0	0	0	50	68	16	12	51	0	101953544	404
1776365482999	S9_MultiAdapterMix	2652345	PASSED	50	1526	848	0	466	49	49	50	42	9	13	102	0	521669299	1489
1776365487973	S10_InterleavedOperations	2652345	PASSED	50	683	206	40	199	56	56	50	32	21	23	146	0	287426430	1042
1776365493034	S1_DepositRedeemMix	2662345	PASSED	50	1322	871	445	0	0	0	0	0	4	2	51	0	310015216	1188
1776365497962	S2_AsyncRedeemFullCycle	2662345	PASSED	50	558	58	0	385	50	50	0	0	9	6	151	0	319791503	1050
1776365503951	S3_RebalanceSettlement	2662345	PASSED	50	1891	906	0	748	50	50	50	69	9	9	201	0	782535128	2115
1776365508135	S4_ExchangeRateFeeAccrual	2662345	PASSED	50	174	101	14	0	0	0	0	0	50	9	50	0	58001932	275
1776365513745	S5_SanctionedUserInterlace	2662345	PASSED	50	2221	1759	401	17	17	17	0	0	6	4	51	0	546741498	1757
1776365518165	S6_InFlightEdgeCases	2662345	PASSED	50	369	126	17	60	24	24	58	32	16	12	51	0	131748022	520
1776365522827	S7_FullProtocolEndurance	2662345	PASSED	15	837	475	96	187	15	15	15	15	15	4	17	0	214580951	696
1776365527153	S8_InvestSettlementEdge	2662345	PASSED	50	242	100	0	0	0	0	50	64	16	12	51	0	100429346	401
1776365532498	S9_MultiAdapterMix	2662345	PASSED	50	1477	908	0	359	48	48	50	42	9	13	102	0	474882263	1455
1776365537537	S10_InterleavedOperations	2662345	PASSED	50	697	209	36	202	61	61	50	34	21	23	149	0	291487850	1130
1776365542399	S1_DepositRedeemMix	2672345	PASSED	50	1022	714	302	0	0	0	0	0	4	2	51	0	239682426	968
1776365547229	S2_AsyncRedeemFullCycle	2672345	PASSED	50	461	54	0	294	49	49	0	0	9	6	151	0	266778190	914
1776365553116	S3_RebalanceSettlement	2672345	PASSED	50	1792	925	0	625	49	49	50	76	9	9	201	0	712781348	2009
1776365557310	S4_ExchangeRateFeeAccrual	2672345	PASSED	50	197	112	26	0	0	0	0	0	50	9	50	0	61887790	296
1776365562922	S5_SanctionedUserInterlace	2672345	PASSED	50	2122	1673	388	17	17	17	0	0	6	4	51	0	526894792	1679
1776365567327	S6_InFlightEdgeCases	2672345	PASSED	50	415	152	19	77	25	25	58	31	16	12	51	0	145444069	536
1776365571936	S7_FullProtocolEndurance	2672345	PASSED	15	865	414	123	250	15	15	15	14	15	4	17	0	239196758	740
1776365576193	S8_InvestSettlementEdge	2672345	PASSED	50	241	100	0	0	0	0	50	63	16	12	51	0	99876058	395
1776365581628	S9_MultiAdapterMix	2672345	PASSED	50	1487	871	0	407	48	48	50	41	9	13	102	0	494568282	1515
1776365586578	S10_InterleavedOperations	2672345	PASSED	50	651	172	40	200	57	57	50	33	20	22	148	0	283544628	1026
1776365591600	S1_DepositRedeemMix	2682345	PASSED	50	1190	774	410	0	0	0	0	0	4	2	51	0	278987167	1091
1776365596487	S2_AsyncRedeemFullCycle	2682345	PASSED	50	500	54	0	331	50	50	0	0	9	6	151	0	289002433	962
1776365602334	S3_RebalanceSettlement	2682345	PASSED	50	1696	897	0	560	50	50	50	71	9	9	201	0	663989907	1939
1776365606560	S4_ExchangeRateFeeAccrual	2682345	PASSED	50	198	116	23	0	0	0	0	0	50	9	50	0	61946529	307
1776365612201	S5_SanctionedUserInterlace	2682345	PASSED	50	2201	1751	389	17	17	17	0	0	6	4	51	0	543659627	1751
1776365616672	S6_InFlightEdgeCases	2682345	PASSED	50	443	156	20	89	27	27	58	38	16	12	51	0	155915930	557
1776365621361	S7_FullProtocolEndurance	2682345	PASSED	15	935	529	156	177	15	15	15	9	15	4	17	0	228770357	765
1776365625686	S8_InvestSettlementEdge	2682345	PASSED	50	241	100	0	0	0	0	50	63	16	12	51	0	99948122	430
1776365631060	S9_MultiAdapterMix	2682345	PASSED	50	1502	865	0	408	49	49	50	59	9	13	102	0	502033825	1461
1776365635965	S10_InterleavedOperations	2682345	PASSED	50	612	172	31	174	56	56	50	29	21	23	146	0	265913582	986
1776365640972	S1_DepositRedeemMix	2692345	PASSED	50	1160	764	390	0	0	0	0	0	4	2	51	0	273137207	1068
1776365645893	S2_AsyncRedeemFullCycle	2692345	PASSED	50	508	57	0	336	50	50	0	0	9	6	151	0	291267933	978
1776365651761	S3_RebalanceSettlement	2692345	PASSED	50	1613	743	0	646	47	47	50	62	9	9	201	0	670195893	1941
1776365655968	S4_ExchangeRateFeeAccrual	2692345	PASSED	50	207	124	24	0	0	0	0	0	50	9	50	0	63498175	296
1776365661481	S5_SanctionedUserInterlace	2692345	PASSED	50	1983	1578	344	17	17	17	0	0	6	4	51	0	482712698	1599
1776365665990	S6_InFlightEdgeCases	2692345	PASSED	50	438	166	7	84	31	31	58	33	16	12	51	0	149607635	591
1776365670510	S7_FullProtocolEndurance	2692345	PASSED	15	757	422	105	151	15	15	15	15	15	4	17	0	188394006	628
1776365674843	S8_InvestSettlementEdge	2692345	PASSED	50	241	100	0	0	0	0	50	63	16	12	51	0	99811877	403
1776365680105	S9_MultiAdapterMix	2692345	PASSED	50	1335	700	0	423	48	48	50	44	9	13	102	0	462131450	1370
1776365685016	S10_InterleavedOperations	2692345	PASSED	50	661	210	42	178	55	55	50	27	21	23	147	0	275867708	1020
1776365689997	S1_DepositRedeemMix	2702345	PASSED	50	1159	781	372	0	0	0	0	0	4	2	51	0	270871873	1086
1776365694842	S2_AsyncRedeemFullCycle	2702345	PASSED	50	452	54	0	285	49	49	0	0	9	6	151	0	262653780	961
1776365700689	S3_RebalanceSettlement	2702345	PASSED	50	1670	854	0	585	50	50	50	63	9	9	201	0	664291100	1913
1776365704886	S4_ExchangeRateFeeAccrual	2702345	PASSED	50	208	121	28	0	0	0	0	0	50	9	50	0	63772197	300
1776365710555	S5_SanctionedUserInterlace	2702345	PASSED	50	2234	1847	326	17	17	17	0	0	6	4	51	0	557410882	1760
1776365715030	S6_InFlightEdgeCases	2702345	PASSED	50	392	143	10	72	25	25	58	31	16	12	51	0	140094239	527
1776365719600	S7_FullProtocolEndurance	2702345	PASSED	15	794	432	105	178	15	15	15	15	15	4	17	0	202632517	674
1776365723904	S8_InvestSettlementEdge	2702345	PASSED	50	243	100	0	0	0	0	50	65	16	12	51	0	100653685	398
1776365729363	S9_MultiAdapterMix	2702345	PASSED	50	1523	847	0	457	49	49	50	49	9	13	102	0	520383140	1583
1776365734291	S10_InterleavedOperations	2702345	PASSED	50	656	193	48	174	58	58	50	31	21	23	147	0	274572679	1029
1776365739355	S1_DepositRedeemMix	2712345	PASSED	50	1278	839	433	0	0	0	0	0	4	2	51	0	299471505	1149
1776365744239	S2_AsyncRedeemFullCycle	2712345	PASSED	50	490	55	0	322	49	49	0	0	9	6	151	0	284068655	957
1776365750067	S3_RebalanceSettlement	2712345	PASSED	50	1685	819	0	633	49	49	50	67	9	9	201	0	684511512	1962
1776365754251	S4_ExchangeRateFeeAccrual	2712345	PASSED	50	194	117	18	0	0	0	0	0	50	9	50	0	61375002	287
1776365759860	S5_SanctionedUserInterlace	2712345	PASSED	50	2102	1696	345	17	17	17	0	0	6	4	51	0	520089139	1671
1776365764261	S6_InFlightEdgeCases	2712345	PASSED	50	358	118	9	64	25	25	58	31	16	12	51	0	132244290	498
1776365768926	S7_FullProtocolEndurance	2712345	PASSED	15	879	443	123	236	15	15	15	13	15	4	17	0	237748684	744
1776365773240	S8_InvestSettlementEdge	2712345	PASSED	50	246	100	0	0	0	0	50	68	16	12	51	0	101999748	411
1776365778584	S9_MultiAdapterMix	2712345	PASSED	50	1447	820	0	404	50	50	50	51	9	13	102	0	484544463	1430
1776365783541	S10_InterleavedOperations	2712345	PASSED	50	670	203	30	199	58	58	50	28	21	23	146	0	282422445	1021
1776365788564	S1_DepositRedeemMix	2722345	PASSED	50	1215	803	406	0	0	0	0	0	4	2	51	0	284481476	1105
1776365793375	S2_AsyncRedeemFullCycle	2722345	PASSED	50	448	55	0	280	49	49	0	0	9	6	151	0	260336579	909
1776365799242	S3_RebalanceSettlement	2722345	PASSED	50	1730	879	0	628	50	50	50	55	9	9	201	0	690640025	1966
1776365803440	S4_ExchangeRateFeeAccrual	2722345	PASSED	50	173	101	13	0	0	0	0	0	50	9	50	0	58425712	282
1776365808974	S5_SanctionedUserInterlace	2722345	PASSED	50	2056	1611	384	17	17	17	0	0	6	4	51	0	505796403	1638
1776365813447	S6_InFlightEdgeCases	2722345	PASSED	50	408	150	15	67	26	26	58	38	16	12	51	0	142009407	544
1776365818030	S7_FullProtocolEndurance	2722345	PASSED	15	838	459	100	199	15	15	15	16	15	4	17	0	217550954	695
1776365822364	S8_InvestSettlementEdge	2722345	PASSED	50	241	100	0	0	0	0	50	63	16	12	51	0	100087909	399
1776365827794	S9_MultiAdapterMix	2722345	PASSED	50	1585	919	0	429	49	49	50	67	9	13	102	0	535583865	1541
1776365832731	S10_InterleavedOperations	2722345	PASSED	50	663	196	43	192	55	55	50	30	20	22	144	0	279816895	1013
1776365837728	S1_DepositRedeemMix	2732345	PASSED	50	1159	776	377	0	0	0	0	0	4	2	51	0	271211377	1108
1776365842607	S2_AsyncRedeemFullCycle	2732345	PASSED	50	475	55	0	307	49	49	0	0	9	6	151	0	276891369	938
1776365848550	S3_RebalanceSettlement	2732345	PASSED	50	1823	884	0	691	50	50	50	80	9	9	201	0	746631683	2051
1776365852757	S4_ExchangeRateFeeAccrual	2732345	PASSED	50	210	119	32	0	0	0	0	0	50	9	50	0	64104102	314
1776365858448	S5_SanctionedUserInterlace	2732345	PASSED	50	2277	1819	397	17	17	17	0	0	6	4	51	0	571691456	1785
1776365862953	S6_InFlightEdgeCases	2732345	PASSED	50	430	163	10	80	26	26	58	39	16	12	51	0	148678037	539
1776365867570	S7_FullProtocolEndurance	2732345	PASSED	15	894	506	140	167	15	15	15	17	15	4	17	0	220360920	731
1776365871885	S8_InvestSettlementEdge	2732345	PASSED	50	242	100	0	0	0	0	50	64	16	12	51	0	100316480	399
1776365877187	S9_MultiAdapterMix	2732345	PASSED	50	1418	775	0	431	49	49	50	42	9	13	102	0	484243453	1442
1776365882113	S10_InterleavedOperations	2732345	PASSED	50	624	171	44	170	59	59	50	27	21	23	147	0	266601730	1004
1776365887185	S1_DepositRedeemMix	2742345	PASSED	50	1345	884	455	0	0	0	0	0	4	2	51	0	318255484	1193
1776365892149	S2_AsyncRedeemFullCycle	2742345	PASSED	50	513	58	0	342	49	49	0	0	9	6	151	0	295942569	1040
1776365898140	S3_RebalanceSettlement	2742345	PASSED	50	1756	778	0	748	50	50	50	62	9	9	201	0	744424594	2084
1776365902335	S4_ExchangeRateFeeAccrual	2742345	PASSED	50	181	102	20	0	0	0	0	0	50	9	50	0	59102278	279
1776365907981	S5_SanctionedUserInterlace	2742345	PASSED	50	2194	1716	417	17	17	17	0	0	6	4	51	0	544940309	1739
1776365912401	S6_InFlightEdgeCases	2742345	PASSED	50	401	134	14	76	29	29	58	33	16	12	51	0	139844325	521
1776365917027	S7_FullProtocolEndurance	2742345	PASSED	15	903	524	102	195	15	15	15	18	15	4	17	0	229227632	739
1776365921391	S8_InvestSettlementEdge	2742345	PASSED	50	242	100	0	0	0	0	50	64	16	12	51	0	100486751	468
1776365926787	S9_MultiAdapterMix	2742345	PASSED	50	1446	811	0	420	50	50	50	43	9	13	102	0	487135181	1499
1776365931705	S10_InterleavedOperations	2742345	PASSED	50	647	194	47	173	56	56	50	27	21	23	147	0	272389241	1006
1776365936626	S1_DepositRedeemMix	2752345	PASSED	50	1095	751	338	0	0	0	0	0	4	2	51	0	256214018	1019
1776365941553	S2_AsyncRedeemFullCycle	2752345	PASSED	50	512	58	0	339	50	50	0	0	9	6	151	0	292776510	985
1776365947425	S3_RebalanceSettlement	2752345	PASSED	50	1717	826	0	672	49	49	50	53	9	9	201	0	707631735	1985
1776365951633	S4_ExchangeRateFeeAccrual	2752345	PASSED	50	193	109	25	0	0	0	0	0	50	9	50	0	61153827	292
1776365957277	S5_SanctionedUserInterlace	2752345	PASSED	50	2041	1638	342	17	17	17	0	0	6	4	51	0	507729891	1691
1776365961730	S6_InFlightEdgeCases	2752345	PASSED	50	399	146	6	79	27	27	58	28	16	12	51	0	143598131	564
1776365966455	S7_FullProtocolEndurance	2752345	PASSED	15	983	558	104	242	15	15	15	15	15	4	17	0	259407633	825
1776365970792	S8_InvestSettlementEdge	2752345	PASSED	50	242	100	0	0	0	0	50	64	16	12	51	0	100386671	400
1776365976122	S9_MultiAdapterMix	2752345	PASSED	50	1419	811	0	385	49	49	50	53	9	13	102	0	472470573	1425
1776365981075	S10_InterleavedOperations	2752345	PASSED	50	697	211	50	199	56	56	50	33	20	22	145	0	289221895	1034
1776365986169	S1_DepositRedeemMix	2762345	PASSED	50	1266	836	424	0	0	0	0	0	4	2	51	0	296843246	1167
1776365991022	S2_AsyncRedeemFullCycle	2762345	PASSED	50	459	52	0	292	50	50	0	0	9	6	151	0	267726183	936
1776365996852	S3_RebalanceSettlement	2762345	PASSED	50	1671	799	0	640	49	49	50	66	9	9	201	0	683677980	1960
1776366001041	S4_ExchangeRateFeeAccrual	2762345	PASSED	50	175	102	14	0	0	0	0	0	50	9	50	0	58327414	274
1776366006650	S5_SanctionedUserInterlace	2762345	PASSED	50	2051	1639	354	16	16	16	0	0	6	4	51	0	521721777	1722
1776366011129	S6_InFlightEdgeCases	2762345	PASSED	50	433	149	20	82	30	30	58	36	16	12	51	0	150719659	552
1776366015757	S7_FullProtocolEndurance	2762345	PASSED	15	846	522	99	145	15	15	15	16	15	4	17	0	202729709	692
1776366020076	S8_InvestSettlementEdge	2762345	PASSED	50	244	100	0	0	0	0	50	66	16	12	51	0	101083004	428
1776366025400	S9_MultiAdapterMix	2762345	PASSED	50	1414	758	0	440	49	49	50	46	9	13	102	0	489442008	1438
1776366030304	S10_InterleavedOperations	2762345	PASSED	50	648	199	37	180	58	58	50	24	20	22	147	0	273293198	999
1776366035416	S1_DepositRedeemMix	2772345	PASSED	50	1379	915	458	0	0	0	0	0	4	2	51	0	325125424	1226
1776366040230	S2_AsyncRedeemFullCycle	2772345	PASSED	50	457	54	0	290	49	49	0	0	9	6	151	0	264782339	924
1776366046255	S3_RebalanceSettlement	2772345	PASSED	50	1772	816	0	720	50	50	50	68	9	9	201	0	742727311	2111
1776366050425	S4_ExchangeRateFeeAccrual	2772345	PASSED	50	186	109	18	0	0	0	0	0	50	9	50	0	60023221	286
1776366055898	S5_SanctionedUserInterlace	2772345	PASSED	50	1971	1574	336	17	17	17	0	0	6	4	51	0	486455245	1591
1776366060336	S6_InFlightEdgeCases	2772345	PASSED	50	392	138	22	67	25	25	58	29	16	12	51	0	137502146	517
1776366064939	S7_FullProtocolEndurance	2772345	PASSED	15	864	509	103	174	15	15	15	14	15	4	17	0	215677336	702
1776366069308	S8_InvestSettlementEdge	2772345	PASSED	50	240	100	0	0	0	0	50	62	16	12	51	0	99689478	427
1776366074726	S9_MultiAdapterMix	2772345	PASSED	50	1529	861	0	445	50	50	50	51	9	13	102	0	520742544	1493
1776366079736	S10_InterleavedOperations	2772345	PASSED	50	758	236	56	217	60	60	50	37	20	22	148	0	311304011	1120
1776366084745	S1_DepositRedeemMix	2782345	PASSED	50	1227	793	428	0	0	0	0	0	4	2	51	0	289670696	1112
1776366089614	S2_AsyncRedeemFullCycle	2782345	PASSED	50	482	58	0	311	49	49	0	0	9	6	151	0	278311919	947
1776366095363	S3_RebalanceSettlement	2782345	PASSED	50	1618	888	0	504	50	50	50	58	9	9	201	0	622531862	1860
1776366099570	S4_ExchangeRateFeeAccrual	2782345	PASSED	50	183	109	15	0	0	0	0	0	50	9	50	0	59371848	290
1776366105233	S5_SanctionedUserInterlace	2782345	PASSED	50	2089	1670	358	17	17	17	0	0	6	4	51	0	516060467	1802
1776366109679	S6_InFlightEdgeCases	2782345	PASSED	50	422	149	15	79	27	27	58	39	16	12	51	0	149422666	545
1776366114251	S7_FullProtocolEndurance	2782345	PASSED	15	790	456	108	151	14	14	15	13	15	4	17	0	194611789	674
1776366118550	S8_InvestSettlementEdge	2782345	PASSED	50	244	100	0	0	0	0	50	66	16	12	51	0	101321206	403
1776366123860	S9_MultiAdapterMix	2782345	PASSED	50	1397	823	0	353	47	47	50	55	9	13	102	0	462261840	1378
1776366128886	S10_InterleavedOperations	2782345	PASSED	50	675	194	32	210	58	58	50	31	20	22	147	0	290775220	1125
1776366133915	S1_DepositRedeemMix	2792345	PASSED	50	1185	792	387	0	0	0	0	0	4	2	51	0	278867414	1089
1776366138861	S2_AsyncRedeemFullCycle	2792345	PASSED	50	537	59	0	363	50	50	0	0	9	6	151	0	307438487	1059
1776366144611	S3_RebalanceSettlement	2792345	PASSED	50	1505	776	0	509	50	50	50	52	9	9	201	0	594117158	1869
1776366148829	S4_ExchangeRateFeeAccrual	2792345	PASSED	50	204	130	15	0	0	0	0	0	50	9	50	0	62876467	293
1776366154569	S5_SanctionedUserInterlace	2792345	PASSED	50	2362	1956	345	17	17	17	0	0	6	4	51	0	598316781	1849
1776366158977	S6_InFlightEdgeCases	2792345	PASSED	50	380	133	21	59	24	24	58	33	16	12	51	0	134504654	512
1776366163662	S7_FullProtocolEndurance	2792345	PASSED	15	967	563	142	186	15	15	15	12	15	4	17	0	239635838	786
1776366168000	S8_InvestSettlementEdge	2792345	PASSED	50	235	100	0	0	0	0	50	57	16	12	51	0	97549994	399
1776366173301	S9_MultiAdapterMix	2792345	PASSED	50	1364	787	0	360	49	49	50	47	9	13	102	0	451780201	1370
1776366178271	S10_InterleavedOperations	2792345	PASSED	50	698	210	27	213	59	59	50	36	21	23	148	0	297288417	1067
1776366183347	S1_DepositRedeemMix	2802345	PASSED	50	1338	887	445	0	0	0	0	0	4	2	51	0	318473870	1194
1776366188183	S2_AsyncRedeemFullCycle	2802345	PASSED	50	461	54	0	294	49	49	0	0	9	6	151	0	266852064	913
1776366194219	S3_RebalanceSettlement	2802345	PASSED	50	1837	880	0	723	50	50	50	66	9	9	201	0	762910597	2092
1776366198432	S4_ExchangeRateFeeAccrual	2802345	PASSED	50	216	131	26	0	0	0	0	0	50	9	50	0	64958391	302
1776366204056	S5_SanctionedUserInterlace	2802345	PASSED	50	2200	1739	400	17	17	17	0	0	6	4	51	0	554549500	1743
1776366208518	S6_InFlightEdgeCases	2802345	PASSED	50	396	133	9	84	27	27	58	30	16	12	51	0	143836030	530
1776366213138	S7_FullProtocolEndurance	2802345	PASSED	15	823	439	133	173	15	15	15	14	15	4	17	0	208439071	687
1776366217450	S8_InvestSettlementEdge	2802345	PASSED	50	244	100	0	0	0	0	50	66	16	12	51	0	101291343	410
1776366222818	S9_MultiAdapterMix	2802345	PASSED	50	1495	842	0	440	48	48	50	45	9	13	102	0	508890192	1475
1776366227736	S10_InterleavedOperations	2802345	PASSED	50	660	192	36	190	59	59	50	30	21	23	149	0	282349328	1033
1776366232643	S1_DepositRedeemMix	2812345	PASSED	50	1100	746	348	0	0	0	0	0	4	2	51	0	259300416	1022
1776366237525	S2_AsyncRedeemFullCycle	2812345	PASSED	50	461	54	0	292	50	50	0	0	9	6	151	0	266581583	925
1776366243395	S3_RebalanceSettlement	2812345	PASSED	50	1752	946	0	580	49	49	50	60	9	9	201	0	688865490	1982
1776366247640	S4_ExchangeRateFeeAccrual	2812345	PASSED	50	203	117	27	0	0	0	0	0	50	9	50	0	62944648	303
1776366253227	S5_SanctionedUserInterlace	2812345	PASSED	50	2123	1645	417	17	17	17	0	0	6	4	51	0	531615332	1684
1776366257717	S6_InFlightEdgeCases	2812345	PASSED	50	421	155	16	75	24	24	58	41	16	12	51	0	147859359	549
1776366262412	S7_FullProtocolEndurance	2812345	PASSED	15	947	525	134	214	15	15	15	10	15	4	17	0	243631523	775
1776366266724	S8_InvestSettlementEdge	2812345	PASSED	50	241	100	0	0	0	0	50	63	16	12	51	0	99976608	407
1776366272140	S9_MultiAdapterMix	2812345	PASSED	50	1526	872	0	435	49	49	50	49	9	13	102	0	516459111	1500
1776366277139	S10_InterleavedOperations	2812345	PASSED	50	741	230	42	221	58	58	50	38	21	23	147	0	308144197	1085
1776366282196	S1_DepositRedeemMix	2822345	PASSED	50	1226	825	395	0	0	0	0	0	4	2	51	0	288626045	1130
1776366287018	S2_AsyncRedeemFullCycle	2822345	PASSED	50	455	53	0	287	50	50	0	0	9	6	151	0	264381905	910
1776366292780	S3_RebalanceSettlement	2822345	PASSED	50	1595	757	0	618	49	49	50	54	9	9	201	0	656741138	1871
1776366297007	S4_ExchangeRateFeeAccrual	2822345	PASSED	50	221	134	28	0	0	0	0	0	50	9	50	0	65484783	309
1776366302704	S5_SanctionedUserInterlace	2822345	PASSED	50	2310	1798	451	17	17	17	0	0	6	4	51	0	583840997	1803
1776366307138	S6_InFlightEdgeCases	2822345	PASSED	50	424	158	13	80	28	28	58	31	16	12	51	0	148754298	549
1776366311793	S7_FullProtocolEndurance	2822345	PASSED	15	841	487	114	161	15	15	15	15	15	4	17	0	207557417	758
1776366316107	S8_InvestSettlementEdge	2822345	PASSED	50	244	100	0	0	0	0	50	66	16	12	51	0	101277318	397
1776366321576	S9_MultiAdapterMix	2822345	PASSED	50	1563	860	0	478	50	50	50	53	9	13	102	0	541472403	1546
1776366326479	S10_InterleavedOperations	2822345	PASSED	50	659	170	45	207	58	58	50	29	20	22	146	0	285557510	1014
1776366331672	S1_DepositRedeemMix	2832345	PASSED	50	1406	906	494	0	0	0	0	0	4	2	51	0	333844754	1254
1776366336557	S2_AsyncRedeemFullCycle	2832345	PASSED	50	540	60	0	365	50	50	0	0	9	6	151	0	309758379	1006
1776366342300	S3_RebalanceSettlement	2832345	PASSED	50	1501	672	0	605	50	50	50	56	9	9	201	0	627797559	1799
1776366346521	S4_ExchangeRateFeeAccrual	2832345	PASSED	50	223	138	26	0	0	0	0	0	50	9	50	0	65811774	311
1776366352220	S5_SanctionedUserInterlace	2832345	PASSED	50	2227	1771	398	16	16	16	0	0	6	4	51	0	564519363	1781
1776366356676	S6_InFlightEdgeCases	2832345	PASSED	50	459	163	22	90	31	31	58	36	16	12	51	0	156874063	570
1776366361366	S7_FullProtocolEndurance	2832345	PASSED	15	965	526	118	248	15	15	15	9	15	4	17	0	257697815	800
1776366365688	S8_InvestSettlementEdge	2832345	PASSED	50	244	100	0	0	0	0	50	66	16	12	51	0	101424603	430
1776366371064	S9_MultiAdapterMix	2832345	PASSED	50	1534	878	0	440	50	50	50	44	9	13	102	0	519334079	1490
1776366376147	S10_InterleavedOperations	2832345	PASSED	50	733	233	32	224	58	58	50	34	21	23	150	0	308031594	1159
1776366381144	S1_DepositRedeemMix	2842345	PASSED	50	1154	771	377	0	0	0	0	0	4	2	51	0	271855480	1074
1776366386039	S2_AsyncRedeemFullCycle	2842345	PASSED	50	493	55	0	327	48	48	0	0	9	6	151	0	286761806	985
1776366391920	S3_RebalanceSettlement	2842345	PASSED	50	1759	950	0	579	48	48	50	66	9	9	201	0	688581577	1988
1776366396153	S4_ExchangeRateFeeAccrual	2842345	PASSED	50	188	107	22	0	0	0	0	0	50	9	50	0	60560396	287
1776366401768	S5_SanctionedUserInterlace	2842345	PASSED	50	2099	1686	352	17	17	17	0	0	6	4	51	0	519201116	1679
1776366406216	S6_InFlightEdgeCases	2842345	PASSED	50	379	132	21	64	24	24	58	28	16	12	51	0	133386786	514
1776366410900	S7_FullProtocolEndurance	2842345	PASSED	15	959	563	124	200	14	14	15	10	15	4	17	0	241503899	777
1776366415194	S8_InvestSettlementEdge	2842345	PASSED	50	241	100	0	0	0	0	50	63	16	12	51	0	100002370	412
1776366420544	S9_MultiAdapterMix	2842345	PASSED	50	1460	848	0	398	48	48	50	46	9	13	102	0	487884444	1449
1776366425390	S10_InterleavedOperations	2842345	PASSED	50	584	175	22	161	53	53	50	32	18	20	143	0	256319558	953
1776366430529	S1_DepositRedeemMix	2852345	PASSED	50	1332	888	438	0	0	0	0	0	4	2	51	0	315631536	1200
1776366435479	S2_AsyncRedeemFullCycle	2852345	PASSED	50	527	58	0	354	50	50	0	0	9	6	151	0	302628123	1017
1776366441281	S3_RebalanceSettlement	2852345	PASSED	50	1626	797	0	610	49	49	50	53	9	9	201	0	661525132	1893
1776366445496	S4_ExchangeRateFeeAccrual	2852345	PASSED	50	178	107	12	0	0	0	0	0	50	9	50	0	58854312	280
1776366451175	S5_SanctionedUserInterlace	2852345	PASSED	50	2266	1816	389	17	17	17	0	0	6	4	51	0	575204044	1782
1776366455657	S6_InFlightEdgeCases	2852345	PASSED	50	405	144	16	71	26	26	58	36	16	12	51	0	143781573	547
1776366460401	S7_FullProtocolEndurance	2852345	PASSED	15	1001	617	132	174	15	15	15	14	15	4	17	0	242528573	792
1776366464749	S8_InvestSettlementEdge	2852345	PASSED	50	240	100	0	0	0	0	50	62	16	12	51	0	99450653	408
1776366470089	S9_MultiAdapterMix	2852345	PASSED	50	1392	760	0	413	49	49	50	49	9	13	102	0	475995414	1414
1776366474941	S10_InterleavedOperations	2852345	PASSED	50	589	179	18	166	53	53	50	26	21	23	144	0	256890513	959
1776366479970	S1_DepositRedeemMix	2862345	PASSED	50	1166	779	381	0	0	0	0	0	4	2	51	0	274865786	1084
1776366484808	S2_AsyncRedeemFullCycle	2862345	PASSED	50	473	55	0	305	49	49	0	0	9	6	151	0	274810390	938
1776366490559	S3_RebalanceSettlement	2862345	PASSED	50	1548	778	0	535	48	48	50	71	9	9	201	0	622589992	1832
1776366494760	S4_ExchangeRateFeeAccrual	2862345	PASSED	50	182	104	19	0	0	0	0	0	50	9	50	0	59662429	282
1776366500333	S5_SanctionedUserInterlace	2862345	PASSED	50	2106	1672	373	17	17	17	0	0	6	4	51	0	523596668	1672
1776366504748	S6_InFlightEdgeCases	2862345	PASSED	50	384	129	20	68	23	23	58	35	16	12	51	0	137614660	515
1776366509441	S7_FullProtocolEndurance	2862345	PASSED	15	977	562	145	188	15	15	15	18	15	4	17	0	244166711	808
1776366513708	S8_InvestSettlementEdge	2862345	PASSED	50	244	100	0	0	0	0	50	66	16	12	51	0	101287882	403
1776366519169	S9_MultiAdapterMix	2862345	PASSED	50	1544	881	0	442	50	50	50	49	9	13	102	0	523500122	1558
1776366524125	S10_InterleavedOperations	2862345	PASSED	50	683	204	44	187	62	62	50	30	21	23	150	0	284160805	1038
1776366529141	S1_DepositRedeemMix	2872345	PASSED	50	1228	782	440	0	0	0	0	0	4	2	51	0	290492460	1121
1776366534001	S2_AsyncRedeemFullCycle	2872345	PASSED	50	449	53	0	285	48	48	0	0	9	6	151	0	262740514	922
1776366539792	S3_RebalanceSettlement	2872345	PASSED	50	1660	864	0	560	50	50	50	68	9	9	201	0	655412081	1899
1776366544011	S4_ExchangeRateFeeAccrual	2872345	PASSED	50	230	140	31	0	0	0	0	0	50	9	50	0	67289199	313
1776366549765	S5_SanctionedUserInterlace	2872345	PASSED	50	2168	1740	367	17	17	17	0	0	6	4	51	0	547801141	1849
1776366554223	S6_InFlightEdgeCases	2872345	PASSED	50	390	145	15	66	25	25	58	28	16	12	51	0	136049253	513
1776366558863	S7_FullProtocolEndurance	2872345	PASSED	15	901	497	126	200	15	15	15	14	15	4	17	0	230889054	740
1776366563174	S8_InvestSettlementEdge	2872345	PASSED	50	242	100	0	0	0	0	50	64	16	12	51	0	100318781	399
1776366568559	S9_MultiAdapterMix	2872345	PASSED	50	1513	849	0	435	50	50	50	57	9	13	102	0	515675528	1483
1776366573491	S10_InterleavedOperations	2872345	PASSED	50	651	178	46	183	58	58	50	34	21	23	149	0	279491127	1038
1776366578574	S1_DepositRedeemMix	2882345	PASSED	50	1277	854	417	0	0	0	0	0	4	2	51	0	300879314	1159
1776366583488	S2_AsyncRedeemFullCycle	2882345	PASSED	50	536	57	0	364	50	50	0	0	9	6	151	0	307094431	1002
1776366589441	S3_RebalanceSettlement	2882345	PASSED	50	1810	891	0	684	49	49	50	69	9	9	201	0	742399628	2032
1776366593659	S4_ExchangeRateFeeAccrual	2882345	PASSED	50	223	137	27	0	0	0	0	0	50	9	50	0	66047664	314
1776366599284	S5_SanctionedUserInterlace	2882345	PASSED	50	2151	1707	383	17	17	17	0	0	6	4	51	0	540130401	1713
1776366603745	S6_InFlightEdgeCases	2882345	PASSED	50	402	138	8	77	28	28	58	37	16	12	51	0	143800581	525
1776366608403	S7_FullProtocolEndurance	2882345	PASSED	15	871	489	95	211	15	15	15	12	15	4	17	0	227383609	719
1776366612733	S8_InvestSettlementEdge	2882345	PASSED	50	242	100	0	0	0	0	50	64	16	12	51	0	100375503	399
1776366618154	S9_MultiAdapterMix	2882345	PASSED	50	1441	845	0	374	48	48	50	54	9	13	102	0	474933039	1482
1776366623131	S10_InterleavedOperations	2882345	PASSED	50	718	218	38	211	59	59	50	39	21	23	148	0	301163642	1070
1776366628254	S1_DepositRedeemMix	2892345	PASSED	50	1330	872	452	0	0	0	0	0	4	2	51	0	312386223	1199
1776366633140	S2_AsyncRedeemFullCycle	2892345	PASSED	50	518	54	0	351	49	49	0	0	9	6	151	0	300990930	994
1776366639055	S3_RebalanceSettlement	2892345	PASSED	50	1765	886	0	653	49	49	50	60	9	9	201	0	711106790	1991
1776366643302	S4_ExchangeRateFeeAccrual	2892345	PASSED	50	208	128	21	0	0	0	0	0	50	9	50	0	63211904	309
1776366648933	S5_SanctionedUserInterlace	2892345	PASSED	50	2114	1767	286	17	17	17	0	0	6	4	51	0	520596036	1721
1776366653379	S6_InFlightEdgeCases	2892345	PASSED	50	426	157	16	72	27	27	58	41	16	12	51	0	149089077	549
1776366658002	S7_FullProtocolEndurance	2892345	PASSED	15	918	547	143	143	15	15	15	21	15	4	17	0	217668694	746
1776366662299	S8_InvestSettlementEdge	2892345	PASSED	50	240	100	0	0	0	0	50	62	16	12	51	0	99667365	415
1776366667693	S9_MultiAdapterMix	2892345	PASSED	50	1501	827	0	451	49	49	50	53	9	13	102	0	517609183	1504
1776366672635	S10_InterleavedOperations	2892345	PASSED	50	670	207	36	188	56	56	50	33	21	23	145	0	280344330	1014
1776366677723	S1_DepositRedeemMix	2902345	PASSED	50	1296	856	434	0	0	0	0	0	4	2	51	0	303889954	1175
1776366682577	S2_AsyncRedeemFullCycle	2902345	PASSED	50	477	56	0	308	49	49	0	0	9	6	151	0	275374705	937
1776366688326	S3_RebalanceSettlement	2902345	PASSED	50	1549	771	0	559	47	47	50	57	9	9	201	0	622510005	1835
1776366692604	S4_ExchangeRateFeeAccrual	2902345	PASSED	50	211	131	21	0	0	0	0	0	50	9	50	0	63867958	302
1776366698198	S5_SanctionedUserInterlace	2902345	PASSED	50	2182	1792	329	17	17	17	0	0	6	4	51	0	540059340	1707
1776366702673	S6_InFlightEdgeCases	2902345	PASSED	50	445	174	15	77	29	29	58	35	16	12	51	0	150467241	557
1776366707316	S7_FullProtocolEndurance	2902345	PASSED	15	927	537	114	195	15	15	15	17	15	4	17	0	234026242	750
1776366711612	S8_InvestSettlementEdge	2902345	PASSED	50	240	100	0	0	0	0	50	62	16	12	51	0	99566252	406
1776366717003	S9_MultiAdapterMix	2902345	PASSED	50	1491	766	0	504	50	50	50	49	9	13	102	0	527783956	1493
1776366721948	S10_InterleavedOperations	2902345	PASSED	50	697	220	44	198	57	57	50	29	20	22	145	0	287936587	1038
1776366726932	S1_DepositRedeemMix	2912345	PASSED	50	1124	742	376	0	0	0	0	0	4	2	51	0	265272802	1052
1776366731903	S2_AsyncRedeemFullCycle	2912345	PASSED	50	548	58	0	375	50	50	0	0	9	6	151	0	314738950	1032
1776366737781	S3_RebalanceSettlement	2912345	PASSED	50	1698	846	0	623	50	50	50	61	9	9	201	0	682281647	1964
1776366742016	S4_ExchangeRateFeeAccrual	2912345	PASSED	50	228	144	25	0	0	0	0	0	50	9	50	0	66463298	316
1776366747615	S5_SanctionedUserInterlace	2912345	PASSED	50	2152	1740	351	17	17	17	0	0	6	4	51	0	536054198	1713
1776366752083	S6_InFlightEdgeCases	2912345	PASSED	50	415	153	11	80	24	24	58	37	16	12	51	0	145622300	531
1776366756596	S7_FullProtocolEndurance	2912345	PASSED	15	742	385	106	176	15	15	15	11	15	4	17	0	192694330	625
1776366760918	S8_InvestSettlementEdge	2912345	PASSED	50	242	100	0	0	0	0	50	64	16	12	51	0	100287926	405
1776366766464	S9_MultiAdapterMix	2912345	PASSED	50	1589	909	0	464	48	48	50	48	9	13	102	0	538887725	1598
1776366771424	S10_InterleavedOperations	2912345	PASSED	50	684	196	47	207	56	56	50	30	20	22	145	0	290565844	1045
1776366776440	S1_DepositRedeemMix	2922345	PASSED	50	1216	811	399	0	0	0	0	0	4	2	51	0	284459525	1143
1776366781214	S2_AsyncRedeemFullCycle	2922345	PASSED	50	428	52	0	267	47	47	0	0	9	6	151	0	252721864	893
1776366787027	S3_RebalanceSettlement	2922345	PASSED	50	1536	715	0	598	47	47	50	61	9	9	201	0	636512615	1884
1776366791276	S4_ExchangeRateFeeAccrual	2922345	PASSED	50	212	127	26	0	0	0	0	0	50	9	50	0	64322536	303
1776366796958	S5_SanctionedUserInterlace	2922345	PASSED	50	2170	1741	368	17	17	17	0	0	6	4	51	0	534008329	1764
1776366801351	S6_InFlightEdgeCases	2922345	PASSED	50	362	119	12	61	25	25	58	34	16	12	51	0	133428150	504
1776366806077	S7_FullProtocolEndurance	2922345	PASSED	15	913	527	99	207	15	15	15	16	15	4	17	0	234239193	803
1776366810444	S8_InvestSettlementEdge	2922345	PASSED	50	242	100	0	0	0	0	50	64	16	12	51	0	100295015	414
1776366815824	S9_MultiAdapterMix	2922345	PASSED	50	1510	825	0	452	48	48	50	65	9	13	102	0	521202012	1495
1776366820836	S10_InterleavedOperations	2922345	PASSED	50	747	221	56	225	60	60	50	31	21	23	150	0	309880538	1091
1776366826141	S1_DepositRedeemMix	2932345	PASSED	50	1451	937	508	0	0	0	0	0	4	2	51	0	342603702	1387
1776366830906	S2_AsyncRedeemFullCycle	2932345	PASSED	50	429	56	0	260	49	49	0	0	9	6	151	0	249773450	876
1776366836778	S3_RebalanceSettlement	2932345	PASSED	50	1774	929	0	607	49	49	50	72	9	9	201	0	701279674	2001
1776366840991	S4_ExchangeRateFeeAccrual	2932345	PASSED	50	213	128	26	0	0	0	0	0	50	9	50	0	64565465	316
1776366846699	S5_SanctionedUserInterlace	2932345	PASSED	50	2311	1873	377	17	17	17	0	0	6	4	51	0	577269540	1802
1776366851159	S6_InFlightEdgeCases	2932345	PASSED	50	414	142	14	81	28	28	58	35	16	12	51	0	148017194	541
1776366855831	S7_FullProtocolEndurance	2932345	PASSED	15	928	533	126	194	15	15	15	11	15	4	17	0	232094974	766
1776366860135	S8_InvestSettlementEdge	2932345	PASSED	50	240	100	0	0	0	0	50	62	16	12	51	0	99510241	395
1776366865523	S9_MultiAdapterMix	2932345	PASSED	50	1559	911	0	428	48	48	50	52	9	13	102	0	520804838	1526
1776366870448	S10_InterleavedOperations	2932345	PASSED	50	664	221	36	181	53	53	50	30	19	21	143	0	277006896	1004
1776366875538	S1_DepositRedeemMix	2942345	PASSED	50	1258	850	402	0	0	0	0	0	4	2	51	0	294144357	1168
1776366880365	S2_AsyncRedeemFullCycle	2942345	PASSED	50	456	55	0	288	49	49	0	0	9	6	151	0	265436495	916
1776366886353	S3_RebalanceSettlement	2942345	PASSED	50	1745	880	0	645	48	48	50	56	9	9	201	0	702259632	2094
1776366890596	S4_ExchangeRateFeeAccrual	2942345	PASSED	50	199	120	20	0	0	0	0	0	50	9	50	0	61998361	292
1776366896173	S5_SanctionedUserInterlace	2942345	PASSED	50	2080	1652	367	17	17	17	0	0	6	4	51	0	511777951	1672
1776366900651	S6_InFlightEdgeCases	2942345	PASSED	50	400	144	14	75	27	27	58	27	16	12	51	0	139936114	524
1776366905314	S7_FullProtocolEndurance	2942345	PASSED	15	892	499	101	209	15	15	15	19	15	4	17	0	233127273	767
1776366909646	S8_InvestSettlementEdge	2942345	PASSED	50	241	100	0	0	0	0	50	63	16	12	51	0	99885545	416
1776366915304	S9_MultiAdapterMix	2942345	PASSED	50	1687	963	0	492	50	50	50	60	9	13	102	0	578561560	1746
1776366920336	S10_InterleavedOperations	2942345	PASSED	50	753	220	52	237	59	59	50	34	20	22	148	0	315629767	1132
1776366925348	S1_DepositRedeemMix	2952345	PASSED	50	1172	785	381	0	0	0	0	0	4	2	51	0	274312951	1081
1776366930245	S2_AsyncRedeemFullCycle	2952345	PASSED	50	520	58	0	349	49	49	0	0	9	6	151	0	298496576	993
1776366936138	S3_RebalanceSettlement	2952345	PASSED	50	1705	850	0	636	50	50	50	51	9	9	201	0	686808429	1980
1776366940362	S4_ExchangeRateFeeAccrual	2952345	PASSED	50	195	116	20	0	0	0	0	0	50	9	50	0	61365712	289
1776366945838	S5_SanctionedUserInterlace	2952345	PASSED	50	1959	1543	355	17	17	17	0	0	6	4	51	0	479397118	1574
1776366950250	S6_InFlightEdgeCases	2952345	PASSED	50	385	132	16	73	25	25	58	28	16	12	51	0	139224940	518
1776366954865	S7_FullProtocolEndurance	2952345	PASSED	15	846	488	94	190	15	15	15	10	15	4	17	0	213876398	689
1776366959146	S8_InvestSettlementEdge	2952345	PASSED	50	241	100	0	0	0	0	50	63	16	12	51	0	99867179	398
1776366964608	S9_MultiAdapterMix	2952345	PASSED	50	1581	881	0	476	50	50	50	52	9	13	102	0	546604738	1568
1776366969660	S10_InterleavedOperations	2952345	PASSED	50	743	224	45	232	60	60	50	28	21	23	150	0	310803439	1155
1776366974756	S1_DepositRedeemMix	2962345	PASSED	50	1368	888	474	0	0	0	0	0	4	2	51	0	321905172	1219
1776366979675	S2_AsyncRedeemFullCycle	2962345	PASSED	50	519	57	0	351	48	48	0	0	9	6	151	0	299333263	986
1776366985536	S3_RebalanceSettlement	2962345	PASSED	50	1714	806	0	679	50	50	50	61	9	9	201	0	707367431	1972
1776366989734	S4_ExchangeRateFeeAccrual	2962345	PASSED	50	186	109	18	0	0	0	0	0	50	9	50	0	59955938	285
1776366995339	S5_SanctionedUserInterlace	2962345	PASSED	50	2075	1708	306	17	17	17	0	0	6	4	51	0	509613944	1695
1776366999815	S6_InFlightEdgeCases	2962345	PASSED	50	407	145	9	70	28	28	58	41	16	12	51	0	142372925	543
1776367004443	S7_FullProtocolEndurance	2962345	PASSED	15	852	459	114	204	15	15	15	11	15	4	17	0	222087500	711
1776367008743	S8_InvestSettlementEdge	2962345	PASSED	50	237	100	0	0	0	0	50	59	16	12	51	0	98133888	395
1776367014111	S9_MultiAdapterMix	2962345	PASSED	50	1495	883	0	397	48	48	50	47	9	13	102	0	492738823	1486
1776367019022	S10_InterleavedOperations	2962345	PASSED	50	650	188	45	183	56	56	50	32	19	21	144	0	275735314	1002
1776367024113	S1_DepositRedeemMix	2972345	PASSED	50	1261	827	428	0	0	0	0	0	4	2	51	0	297805807	1146
1776367028939	S2_AsyncRedeemFullCycle	2972345	PASSED	50	461	53	0	295	49	49	0	0	9	6	151	0	268733150	929
1776367034783	S3_RebalanceSettlement	2972345	PASSED	50	1671	865	0	574	48	48	50	68	9	9	201	0	660259140	1944
1776367038991	S4_ExchangeRateFeeAccrual	2972345	PASSED	50	208	128	21	0	0	0	0	0	50	9	50	0	63196746	298
1776367044679	S5_SanctionedUserInterlace	2972345	PASSED	50	2183	1756	366	17	17	17	0	0	6	4	51	0	537034242	1736
1776367049178	S6_InFlightEdgeCases	2972345	PASSED	50	398	135	16	75	27	27	58	32	16	12	51	0	141679881	569
1776367053782	S7_FullProtocolEndurance	2972345	PASSED	15	823	490	88	164	15	15	15	17	15	4	17	0	204272974	681
1776367058110	S8_InvestSettlementEdge	2972345	PASSED	50	244	100	0	0	0	0	50	66	16	12	51	0	100966309	398
1776367063557	S9_MultiAdapterMix	2972345	PASSED	50	1515	817	0	485	50	50	50	41	9	13	102	0	524325187	1501
1776367068502	S10_InterleavedOperations	2972345	PASSED	50	678	202	36	197	57	57	50	35	21	23	147	0	286604853	1033
1776367073570	S1_DepositRedeemMix	2982345	PASSED	50	1308	853	449	0	0	0	0	0	4	2	51	0	306929268	1180
1776367078440	S2_AsyncRedeemFullCycle	2982345	PASSED	50	503	57	0	331	50	50	0	0	9	6	151	0	289696808	982
1776367084303	S3_RebalanceSettlement	2982345	PASSED	50	1661	795	0	634	49	49	50	66	9	9	201	0	682339221	1957
1776367088506	S4_ExchangeRateFeeAccrual	2982345	PASSED	50	192	112	21	0	0	0	0	0	50	9	50	0	61319859	291
1776367094131	S5_SanctionedUserInterlace	2982345	PASSED	50	2062	1666	335	17	17	17	0	0	6	4	51	0	508255701	1716
1776367098576	S6_InFlightEdgeCases	2982345	PASSED	50	367	110	18	64	29	29	58	31	16	12	51	0	132170850	496
1776367103189	S7_FullProtocolEndurance	2982345	PASSED	15	841	477	110	177	15	15	15	13	15	4	17	0	210879864	688
1776367107512	S8_InvestSettlementEdge	2982345	PASSED	50	244	100	0	0	0	0	50	66	16	12	51	0	101223161	412
1776367112796	S9_MultiAdapterMix	2982345	PASSED	50	1394	799	0	374	49	49	50	51	9	13	102	0	462820127	1387
1776367117791	S10_InterleavedOperations	2982345	PASSED	50	666	185	52	191	57	57	50	34	19	21	147	0	284405639	1047
1776367122831	S1_DepositRedeemMix	2992345	PASSED	50	1192	812	374	0	0	0	0	0	4	2	51	0	278410897	1085
1776367127815	S2_AsyncRedeemFullCycle	2992345	PASSED	50	531	57	0	359	50	50	0	0	9	6	151	0	303515417	1067
1776367133674	S3_RebalanceSettlement	2992345	PASSED	50	1742	927	0	584	50	50	50	63	9	9	201	0	681666958	1963
1776367137828	S4_ExchangeRateFeeAccrual	2992345	PASSED	50	160	90	11	0	0	0	0	0	50	9	50	0	56182040	267
1776367143503	S5_SanctionedUserInterlace	2992345	PASSED	50	2297	1861	375	17	17	17	0	0	6	4	51	0	577741630	1783
1776367147940	S6_InFlightEdgeCases	2992345	PASSED	50	403	139	7	81	30	30	58	30	16	12	51	0	143741010	525
1776367152708	S7_FullProtocolEndurance	2992345	PASSED	15	1026	557	171	225	15	15	15	9	15	4	17	0	262632985	863
1776367157052	S8_InvestSettlementEdge	2992345	PASSED	50	242	100	0	0	0	0	50	64	16	12	51	0	100237023	401
1776367162379	S9_MultiAdapterMix	2992345	PASSED	50	1454	820	0	428	50	50	50	34	9	13	102	0	488017297	1437
1776367167296	S10_InterleavedOperations	2992345	PASSED	50	674	213	37	190	55	55	50	32	20	22	144	0	281175653	1017
1776367172329	S1_DepositRedeemMix	3002345	PASSED	50	1158	774	378	0	0	0	0	0	4	2	51	0	270820425	1073
1776367177278	S2_AsyncRedeemFullCycle	3002345	PASSED	50	529	63	0	355	48	48	0	0	9	6	151	0	303769221	1006
1776367183198	S3_RebalanceSettlement	3002345	PASSED	50	1632	797	0	611	49	49	50	58	9	9	201	0	660621537	2004
1776367187412	S4_ExchangeRateFeeAccrual	3002345	PASSED	50	162	92	11	0	0	0	0	0	50	9	50	0	56641565	278
1776367192951	S5_SanctionedUserInterlace	3002345	PASSED	50	2073	1658	354	17	17	17	0	0	6	4	51	0	511150152	1640
1776367197426	S6_InFlightEdgeCases	3002345	PASSED	50	345	109	7	64	24	24	58	31	16	12	51	0	129380384	545
1776367201970	S7_FullProtocolEndurance	3002345	PASSED	15	758	423	105	157	14	14	15	11	15	4	17	0	190062422	634
1776367206250	S8_InvestSettlementEdge	3002345	PASSED	50	240	100	0	0	0	0	50	62	16	12	51	0	99536640	395
1776367211633	S9_MultiAdapterMix	3002345	PASSED	50	1497	869	0	405	50	50	50	51	9	13	102	0	496695409	1465
1776367216580	S10_InterleavedOperations	3002345	PASSED	50	638	176	32	190	58	58	50	30	21	23	147	0	274787184	997
1776367221604	S1_DepositRedeemMix	3012345	PASSED	50	1219	818	395	0	0	0	0	0	4	2	51	0	285034360	1124
1776367226489	S2_AsyncRedeemFullCycle	3012345	PASSED	50	526	59	0	354	49	49	0	0	9	6	151	0	301850920	992
1776367232447	S3_RebalanceSettlement	3012345	PASSED	50	1788	905	0	646	50	50	50	69	9	9	201	0	718140266	2033
1776367236680	S4_ExchangeRateFeeAccrual	3012345	PASSED	50	183	101	23	0	0	0	0	0	50	9	50	0	59943499	282
1776367242236	S5_SanctionedUserInterlace	3012345	PASSED	50	1997	1594	342	17	17	17	0	0	6	4	51	0	496135842	1647
1776367246725	S6_InFlightEdgeCases	3012345	PASSED	50	400	141	12	78	27	27	58	29	16	12	51	0	142389891	536
1776367251503	S7_FullProtocolEndurance	3012345	PASSED	15	1015	611	128	197	15	15	15	15	15	4	17	0	252095284	886
1776367255803	S8_InvestSettlementEdge	3012345	PASSED	50	240	100	0	0	0	0	50	62	16	12	51	0	99449018	398
1776367261263	S9_MultiAdapterMix	3012345	PASSED	50	1470	811	0	439	50	50	50	48	9	13	102	0	502213704	1564
1776367266281	S10_InterleavedOperations	3012345	PASSED	50	729	225	40	227	58	58	50	29	20	22	147	0	305597068	1100
1776367271285	S1_DepositRedeemMix	3022345	PASSED	50	1190	790	394	0	0	0	0	0	4	2	51	0	278344169	1089
1776367276237	S2_AsyncRedeemFullCycle	3022345	PASSED	50	509	56	0	338	50	50	0	0	9	6	151	0	294441212	1050
1776367282019	S3_RebalanceSettlement	3022345	PASSED	50	1624	846	0	545	50	50	50	65	9	9	201	0	636524346	1875
1776367286215	S4_ExchangeRateFeeAccrual	3022345	PASSED	50	210	127	24	0	0	0	0	0	50	9	50	0	63709599	301
1776367291974	S5_SanctionedUserInterlace	3022345	PASSED	50	2374	1905	408	17	17	17	0	0	6	4	51	0	584637295	1839
1776367296405	S6_InFlightEdgeCases	3022345	PASSED	50	410	139	16	85	28	28	58	28	16	12	51	0	145198717	538
1776367301110	S7_FullProtocolEndurance	3022345	PASSED	15	919	496	110	238	15	15	15	11	15	4	17	0	244201022	764
1776367305457	S8_InvestSettlementEdge	3022345	PASSED	50	242	100	0	0	0	0	50	64	16	12	51	0	100337388	438
1776367310831	S9_MultiAdapterMix	3022345	PASSED	50	1523	866	0	439	50	50	50	46	9	13	102	0	513045256	1485
1776367315750	S10_InterleavedOperations	3022345	PASSED	50	671	180	42	208	57	57	50	33	21	23	147	0	289674854	1032
1776367320758	S1_DepositRedeemMix	3032345	PASSED	50	1229	779	444	0	0	0	0	0	4	2	51	0	289756042	1127
1776367325662	S2_AsyncRedeemFullCycle	3032345	PASSED	50	522	58	0	351	49	49	0	0	9	6	151	0	301362075	1004
1776367331573	S3_RebalanceSettlement	3032345	PASSED	50	1816	939	0	644	49	49	50	67	9	9	201	0	724562362	2022
1776367335789	S4_ExchangeRateFeeAccrual	3032345	PASSED	50	202	122	21	0	0	0	0	0	50	9	50	0	62442934	301
1776367341400	S5_SanctionedUserInterlace	3032345	PASSED	50	2208	1789	358	17	17	17	0	0	6	4	51	0	548989890	1742
1776367345835	S6_InFlightEdgeCases	3032345	PASSED	50	415	145	18	75	28	28	58	35	16	12	51	0	145855701	550
1776367350485	S7_FullProtocolEndurance	3032345	PASSED	15	879	511	151	143	15	15	15	10	15	4	17	0	207599205	733
1776367354767	S8_InvestSettlementEdge	3032345	PASSED	50	242	100	0	0	0	0	50	64	16	12	51	0	100437203	399
1776367360251	S9_MultiAdapterMix	3032345	PASSED	50	1632	947	0	468	49	49	50	47	9	13	102	0	550562709	1594
1776367365248	S10_InterleavedOperations	3032345	PASSED	50	720	221	51	205	58	58	50	33	21	23	148	0	297436305	1075
1776367370224	S1_DepositRedeemMix	3042345	PASSED	50	1151	779	366	0	0	0	0	0	4	2	51	0	269087369	1071
1776367375051	S2_AsyncRedeemFullCycle	3042345	PASSED	50	493	55	0	323	50	50	0	0	9	6	151	0	285591485	957
1776367380945	S3_RebalanceSettlement	3042345	PASSED	50	1743	943	0	573	49	49	50	61	9	9	201	0	677658967	1966
1776367385106	S4_ExchangeRateFeeAccrual	3042345	PASSED	50	173	100	14	0	0	0	0	0	50	9	50	0	58103627	274
1776367390657	S5_SanctionedUserInterlace	3042345	PASSED	50	2070	1630	379	17	17	17	0	0	6	4	51	0	513343019	1659
1776367395089	S6_InFlightEdgeCases	3042345	PASSED	50	366	117	17	67	27	27	58	25	16	12	51	0	130335823	501
1776367399721	S7_FullProtocolEndurance	3042345	PASSED	15	871	458	128	209	15	15	15	12	15	4	17	0	226906923	734
1776367404031	S8_InvestSettlementEdge	3042345	PASSED	50	242	100	0	0	0	0	50	64	16	12	51	0	100359281	400
1776367409395	S9_MultiAdapterMix	3042345	PASSED	50	1446	791	0	440	49	49	50	45	9	13	102	0	494811240	1454
1776367414333	S10_InterleavedOperations	3042345	PASSED	50	650	206	35	174	55	55	50	33	20	22	143	0	272560036	1006
1776367419282	S1_DepositRedeemMix	3052345	PASSED	50	1123	771	346	0	0	0	0	0	4	2	51	0	262756956	1046
1776367424161	S2_AsyncRedeemFullCycle	3052345	PASSED	50	501	55	0	331	50	50	0	0	9	6	151	0	287943283	973
1776367430026	S3_RebalanceSettlement	3052345	PASSED	50	1621	772	0	624	50	50	50	57	9	9	201	0	662317699	1936
1776367434254	S4_ExchangeRateFeeAccrual	3052345	PASSED	50	180	107	14	0	0	0	0	0	50	9	50	0	59200572	306
1776367439820	S5_SanctionedUserInterlace	3052345	PASSED	50	2135	1696	378	17	17	17	0	0	6	4	51	0	521000162	1684
1776367444238	S6_InFlightEdgeCases	3052345	PASSED	50	412	145	12	88	26	26	58	29	16	12	51	0	147818179	537
1776367448852	S7_FullProtocolEndurance	3052345	PASSED	15	827	463	125	160	15	15	15	15	15	4	17	0	205138078	697
1776367453197	S8_InvestSettlementEdge	3052345	PASSED	50	240	100	0	0	0	0	50	62	16	12	51	0	99439934	397
1776367458594	S9_MultiAdapterMix	3052345	PASSED	50	1515	863	0	433	47	47	50	53	9	13	102	0	511626563	1486
1776367463524	S10_InterleavedOperations	3052345	PASSED	50	657	205	46	177	54	54	50	27	21	23	144	0	272767205	1014
1776367468489	S1_DepositRedeemMix	3062345	PASSED	50	1174	787	381	0	0	0	0	0	4	2	51	0	274797642	1072
1776367473353	S2_AsyncRedeemFullCycle	3062345	PASSED	50	502	58	0	329	50	50	0	0	9	6	151	0	286102397	983
1776367479312	S3_RebalanceSettlement	3062345	PASSED	50	1795	876	0	694	50	50	50	57	9	9	201	0	732579803	2042
1776367483519	S4_ExchangeRateFeeAccrual	3062345	PASSED	50	212	125	28	0	0	0	0	0	50	9	50	0	64090348	308
1776367489114	S5_SanctionedUserInterlace	3062345	PASSED	50	2119	1723	335	17	17	17	0	0	6	4	51	0	523754072	1691
1776367493579	S6_InFlightEdgeCases	3062345	PASSED	50	437	159	13	89	28	28	58	34	16	12	51	0	154202993	562
1776367498224	S7_FullProtocolEndurance	3062345	PASSED	15	954	517	107	252	15	15	15	14	15	4	17	0	256995375	786
1776367502530	S8_InvestSettlementEdge	3062345	PASSED	50	246	100	0	0	0	0	50	68	16	12	51	0	102029960	413
1776367507932	S9_MultiAdapterMix	3062345	PASSED	50	1475	860	0	403	47	47	50	46	9	13	102	0	492716161	1487
1776367512874	S10_InterleavedOperations	3062345	PASSED	50	689	197	43	208	58	58	50	31	21	23	146	0	289985962	1034
1776367517864	S1_DepositRedeemMix	3072345	PASSED	50	1146	758	382	0	0	0	0	0	4	2	51	0	268650820	1075
1776367522807	S2_AsyncRedeemFullCycle	3072345	PASSED	50	477	56	0	310	48	48	0	0	9	6	151	0	277492449	994
1776367528629	S3_RebalanceSettlement	3072345	PASSED	50	1619	732	0	655	50	50	50	64	9	9	201	0	675747727	1921
1776367532824	S4_ExchangeRateFeeAccrual	3072345	PASSED	50	178	96	23	0	0	0	0	0	50	9	50	0	59406644	282
1776367538483	S5_SanctionedUserInterlace	3072345	PASSED	50	2241	1826	354	17	17	17	0	0	6	4	51	0	557965491	1779
1776367542895	S6_InFlightEdgeCases	3072345	PASSED	50	356	115	13	62	24	24	58	32	16	12	51	0	132252307	493
1776367547482	S7_FullProtocolEndurance	3072345	PASSED	15	877	534	104	159	15	15	15	16	15	4	17	0	212911053	716
1776367551777	S8_InvestSettlementEdge	3072345	PASSED	50	246	100	0	0	0	0	50	68	16	12	51	0	101894268	402
1776367557172	S9_MultiAdapterMix	3072345	PASSED	50	1518	903	0	395	50	50	50	48	9	13	102	0	497844239	1490
1776367562138	S10_InterleavedOperations	3072345	PASSED	50	609	171	35	168	54	54	50	33	21	23	145	0	265165064	1019
1776367567148	S1_DepositRedeemMix	3082345	PASSED	50	1237	826	405	0	0	0	0	0	4	2	51	0	291390764	1123
1776367572050	S2_AsyncRedeemFullCycle	3082345	PASSED	50	486	52	0	319	50	50	0	0	9	6	151	0	283162236	962
1776367578001	S3_RebalanceSettlement	3082345	PASSED	50	1761	860	0	672	50	50	50	61	9	9	201	0	716701292	2022
1776367582182	S4_ExchangeRateFeeAccrual	3082345	PASSED	50	181	106	16	0	0	0	0	0	50	9	50	0	59266145	281
1776367587613	S5_SanctionedUserInterlace	3082345	PASSED	50	1913	1593	259	17	17	17	0	0	6	4	51	0	464191485	1532
1776367592072	S6_InFlightEdgeCases	3082345	PASSED	50	419	155	11	80	26	26	58	35	16	12	51	0	147201942	556
1776367596733	S7_FullProtocolEndurance	3082345	PASSED	15	860	483	131	170	15	15	15	12	15	4	17	0	213831552	735
1776367601070	S8_InvestSettlementEdge	3082345	PASSED	50	241	100	0	0	0	0	50	63	16	12	51	0	99862906	399
1776367606391	S9_MultiAdapterMix	3082345	PASSED	50	1415	822	0	376	48	48	50	49	9	13	102	0	466909058	1415
1776367611320	S10_InterleavedOperations	3082345	PASSED	50	624	177	41	170	55	55	50	32	21	23	144	0	266972270	1053
1776367616340	S1_DepositRedeemMix	3092345	PASSED	50	1209	776	427	0	0	0	0	0	4	2	51	0	283898103	1122
1776367621233	S2_AsyncRedeemFullCycle	3092345	PASSED	50	491	54	0	322	50	50	0	0	9	6	151	0	283198758	953
1776367627308	S3_RebalanceSettlement	3092345	PASSED	50	1897	965	0	697	50	50	50	67	9	9	201	0	771809264	2112
1776367631557	S4_ExchangeRateFeeAccrual	3092345	PASSED	50	227	133	35	0	0	0	0	0	50	9	50	0	66612395	318
1776367637148	S5_SanctionedUserInterlace	3092345	PASSED	50	2137	1723	356	16	16	16	0	0	6	4	51	0	525308512	1678
1776367641576	S6_InFlightEdgeCases	3092345	PASSED	50	378	125	17	68	26	26	58	30	16	12	51	0	136178471	517
1776367646134	S7_FullProtocolEndurance	3092345	PASSED	15	783	425	94	188	15	15	15	12	15	4	17	0	202822426	653
1776367650410	S8_InvestSettlementEdge	3092345	PASSED	50	240	100	0	0	0	0	50	62	16	12	51	0	99579695	397
1776367655826	S9_MultiAdapterMix	3092345	PASSED	50	1470	866	0	378	49	49	50	56	9	13	102	0	482883753	1521
1776367660830	S10_InterleavedOperations	3092345	PASSED	50	732	227	52	211	58	58	50	34	20	22	147	0	303227329	1085
1776367665853	S1_DepositRedeemMix	3102345	PASSED	50	1220	799	415	0	0	0	0	0	4	2	51	0	285947146	1119
1776367670725	S2_AsyncRedeemFullCycle	3102345	PASSED	50	522	56	0	351	50	50	0	0	9	6	151	0	301045242	991
1776367676581	S3_RebalanceSettlement	3102345	PASSED	50	1706	866	0	619	49	49	50	55	9	9	201	0	681731525	1967
1776367680813	S4_ExchangeRateFeeAccrual	3102345	PASSED	50	227	137	31	0	0	0	0	0	50	9	50	0	66731600	310
1776367686524	S5_SanctionedUserInterlace	3102345	PASSED	50	2171	1733	377	17	17	17	0	0	6	4	51	0	544455593	1775
1776367690949	S6_InFlightEdgeCases	3102345	PASSED	50	357	120	19	59	22	22	58	29	16	12	51	0	130899601	498
1776367695640	S7_FullProtocolEndurance	3102345	PASSED	15	956	525	153	199	15	15	15	15	15	4	17	0	241833681	789
1776367699952	S8_InvestSettlementEdge	3102345	PASSED	50	238	100	0	0	0	0	50	60	16	12	51	0	98577320	397
1776367705289	S9_MultiAdapterMix	3102345	PASSED	50	1458	804	0	434	49	49	50	50	9	13	102	0	497419164	1442
1776367710280	S10_InterleavedOperations	3102345	PASSED	50	742	221	46	230	59	59	50	33	21	23	148	0	310392554	1089
1776367715492	S1_DepositRedeemMix	3112345	PASSED	50	1439	935	498	0	0	0	0	0	4	2	51	0	339185286	1306
1776367720300	S2_AsyncRedeemFullCycle	3112345	PASSED	50	433	51	0	269	49	49	0	0	9	6	151	0	255683621	895
1776367726172	S3_RebalanceSettlement	3112345	PASSED	50	1696	816	0	651	50	50	50	61	9	9	201	0	693526316	1988
1776367730392	S4_ExchangeRateFeeAccrual	3112345	PASSED	50	227	141	27	0	0	0	0	0	50	9	50	0	66319058	311
1776367736026	S5_SanctionedUserInterlace	3112345	PASSED	50	2165	1721	383	17	17	17	0	0	6	4	51	0	533435759	1727
1776367740429	S6_InFlightEdgeCases	3112345	PASSED	50	367	122	15	60	25	25	58	34	16	12	51	0	133641986	499
1776367745189	S7_FullProtocolEndurance	3112345	PASSED	15	1010	552	144	234	15	15	15	16	15	4	17	0	265085400	854
1776367749537	S8_InvestSettlementEdge	3112345	PASSED	50	241	100	0	0	0	0	50	63	16	12	51	0	99927337	426
1776367755057	S9_MultiAdapterMix	3112345	PASSED	50	1707	973	0	512	50	50	50	50	9	13	102	0	585857066	1618
1776367760028	S10_InterleavedOperations	3112345	PASSED	50	669	201	33	197	57	57	50	30	21	23	149	0	285382332	1042
1776367765137	S1_DepositRedeemMix	3122345	PASSED	50	1352	918	428	0	0	0	0	0	4	2	51	0	316698711	1206
1776367770044	S2_AsyncRedeemFullCycle	3122345	PASSED	50	523	57	0	351	50	50	0	0	9	6	151	0	302081597	1007
1776367776085	S3_RebalanceSettlement	3122345	PASSED	50	1849	899	0	716	50	50	50	66	9	9	201	0	758977583	2108
1776367780270	S4_ExchangeRateFeeAccrual	3122345	PASSED	50	182	113	10	0	0	0	0	0	50	9	50	0	59353372	279
1776367785845	S5_SanctionedUserInterlace	3122345	PASSED	50	2091	1689	341	17	17	17	0	0	6	4	51	0	512563586	1661
1776367790275	S6_InFlightEdgeCases	3122345	PASSED	50	419	145	22	79	27	27	58	33	16	12	51	0	146179020	536
1776367794851	S7_FullProtocolEndurance	3122345	PASSED	15	824	455	94	203	15	15	15	8	15	4	17	0	213679928	689
1776367799195	S8_InvestSettlementEdge	3122345	PASSED	50	244	100	0	0	0	0	50	66	16	12	51	0	101157569	422
1776367804466	S9_MultiAdapterMix	3122345	PASSED	50	1387	793	0	373	48	48	50	53	9	13	102	0	463847377	1399
1776367809458	S10_InterleavedOperations	3122345	PASSED	50	676	208	41	188	58	58	50	29	21	23	147	0	282486989	1085
1776367814536	S1_DepositRedeemMix	3132345	PASSED	50	1272	828	438	0	0	0	0	0	4	2	51	0	298639668	1158
1776367819386	S2_AsyncRedeemFullCycle	3132345	PASSED	50	488	53	0	320	50	50	0	0	9	6	151	0	282066801	950
1776367825127	S3_RebalanceSettlement	3132345	PASSED	50	1551	743	0	587	47	47	50	59	9	9	201	0	632501115	1849
1776367829325	S4_ExchangeRateFeeAccrual	3132345	PASSED	50	193	111	23	0	0	0	0	0	50	9	50	0	61307977	290
1776367834994	S5_SanctionedUserInterlace	3132345	PASSED	50	2287	1945	281	17	17	17	0	0	6	4	51	0	569435916	1785
1776367839441	S6_InFlightEdgeCases	3132345	PASSED	50	404	145	19	72	24	24	58	34	16	12	51	0	141121423	532
1776367844055	S7_FullProtocolEndurance	3132345	PASSED	15	874	485	142	168	15	15	15	15	15	4	17	0	215563418	737
1776367848348	S8_InvestSettlementEdge	3132345	PASSED	50	242	100	0	0	0	0	50	64	16	12	51	0	100318320	400
1776367853686	S9_MultiAdapterMix	3132345	PASSED	50	1439	816	0	400	49	49	50	53	9	13	102	0	482461754	1442
1776367858634	S10_InterleavedOperations	3132345	PASSED	50	690	181	48	203	62	62	50	40	21	23	150	0	294063872	1054
1776367863674	S1_DepositRedeemMix	3142345	PASSED	50	1266	839	421	0	0	0	0	0	4	2	51	0	298780660	1143
1776367868506	S2_AsyncRedeemFullCycle	3142345	PASSED	50	466	52	0	299	50	50	0	0	9	6	151	0	271629275	927
1776367874346	S3_RebalanceSettlement	3142345	PASSED	50	1707	863	0	606	50	50	50	70	9	9	201	0	681686090	1947
1776367878578	S4_ExchangeRateFeeAccrual	3142345	PASSED	50	206	119	28	0	0	0	0	0	50	9	50	0	63788593	314
1776367884265	S5_SanctionedUserInterlace	3142345	PASSED	50	2244	1778	405	17	17	17	0	0	6	4	51	0	561098951	1779
1776367888709	S6_InFlightEdgeCases	3142345	PASSED	50	388	133	21	61	24	24	58	39	16	12	51	0	139210991	518
1776367893298	S7_FullProtocolEndurance	3142345	PASSED	15	771	431	128	134	15	15	15	14	15	4	17	0	185170338	677
1776367897598	S8_InvestSettlementEdge	3142345	PASSED	50	244	100	0	0	0	0	50	66	16	12	51	0	101133036	403
1776367902961	S9_MultiAdapterMix	3142345	PASSED	50	1492	855	0	418	48	48	50	51	9	13	102	0	500398088	1458
1776367907930	S10_InterleavedOperations	3142345	PASSED	50	681	218	52	181	52	52	50	32	21	23	144	0	280843272	1037
1776367913016	S1_DepositRedeemMix	3152345	PASSED	50	1272	833	433	0	0	0	0	0	4	2	51	0	298168872	1161
1776367917845	S2_AsyncRedeemFullCycle	3152345	PASSED	50	458	55	0	292	48	48	0	0	9	6	151	0	268660200	925
1776367923799	S3_RebalanceSettlement	3152345	PASSED	50	1822	927	0	656	50	50	50	71	9	9	201	0	735745705	2050
1776367927993	S4_ExchangeRateFeeAccrual	3152345	PASSED	50	191	115	17	0	0	0	0	0	50	9	50	0	61097938	286
1776367933607	S5_SanctionedUserInterlace	3152345	PASSED	50	2149	1699	389	17	17	17	0	0	6	4	51	0	530399078	1696
1776367938058	S6_InFlightEdgeCases	3152345	PASSED	50	405	138	22	72	26	26	58	35	16	12	51	0	144360877	548
1776367942663	S7_FullProtocolEndurance	3152345	PASSED	15	882	501	117	189	15	15	15	11	15	4	17	0	221853530	718
1776367946990	S8_InvestSettlementEdge	3152345	PASSED	50	242	100	0	0	0	0	50	64	16	12	51	0	100224549	401
1776367952419	S9_MultiAdapterMix	3152345	PASSED	50	1507	831	0	458	49	49	50	48	9	13	102	0	516480917	1498
1776367957412	S10_InterleavedOperations	3152345	PASSED	50	715	217	29	219	60	60	50	36	21	23	149	0	302754067	1089
1776367962372	S1_DepositRedeemMix	3162345	PASSED	50	1150	767	377	0	0	0	0	0	4	2	51	0	269371340	1066
1776367967181	S2_AsyncRedeemFullCycle	3162345	PASSED	50	462	55	0	294	49	49	0	0	9	6	151	0	267891258	915
1776367973153	S3_RebalanceSettlement	3162345	PASSED	50	1811	919	0	663	50	50	50	61	9	9	201	0	728104233	2071
1776367977392	S4_ExchangeRateFeeAccrual	3162345	PASSED	50	234	152	23	0	0	0	0	0	50	9	50	0	67455809	321
1776367983112	S5_SanctionedUserInterlace	3162345	PASSED	50	2355	1862	432	17	17	17	0	0	6	4	51	0	598741545	1860
1776367987538	S6_InFlightEdgeCases	3162345	PASSED	50	405	146	12	77	27	27	58	30	16	12	51	0	144259143	559
1776367992116	S7_FullProtocolEndurance	3162345	PASSED	15	807	455	103	176	15	15	15	9	15	4	17	0	203281839	662
1776367996437	S8_InvestSettlementEdge	3162345	PASSED	50	244	100	0	0	0	0	50	66	16	12	51	0	101208961	398
1776368001759	S9_MultiAdapterMix	3162345	PASSED	50	1425	811	0	395	49	49	50	49	9	13	102	0	475790834	1442
1776368006718	S10_InterleavedOperations	3162345	PASSED	50	674	189	41	199	58	58	50	37	20	22	149	0	290295677	1036
1776368011771	S1_DepositRedeemMix	3172345	PASSED	50	1236	782	448	0	0	0	0	0	4	2	51	0	290568318	1131
1776368016605	S2_AsyncRedeemFullCycle	3172345	PASSED	50	472	54	0	307	48	48	0	0	9	6	151	0	273889703	928
1776368022547	S3_RebalanceSettlement	3172345	PASSED	50	1772	829	0	711	50	50	50	64	9	9	201	0	736022411	2019
1776368026730	S4_ExchangeRateFeeAccrual	3172345	PASSED	50	193	117	17	0	0	0	0	0	50	9	50	0	61067817	290
1776368032384	S5_SanctionedUserInterlace	3172345	PASSED	50	2151	1788	302	17	17	17	0	0	6	4	51	0	529201936	1695
1776368036850	S6_InFlightEdgeCases	3172345	PASSED	50	407	138	12	81	29	29	58	32	16	12	51	0	145526360	547
1776368041416	S7_FullProtocolEndurance	3172345	PASSED	15	791	433	139	145	15	15	15	10	15	4	17	0	192136728	663
1776368045740	S8_InvestSettlementEdge	3172345	PASSED	50	242	100	0	0	0	0	50	64	16	12	51	0	100341839	422
1776368051154	S9_MultiAdapterMix	3172345	PASSED	50	1508	831	0	438	50	50	50	67	9	13	102	0	517696786	1480
1776368056134	S10_InterleavedOperations	3172345	PASSED	50	697	228	44	196	56	56	50	27	19	21	145	0	287361081	1038
1776368061095	S1_DepositRedeemMix	3182345	PASSED	50	1146	749	391	0	0	0	0	0	4	2	51	0	268941115	1067
1776368065962	S2_AsyncRedeemFullCycle	3182345	PASSED	50	483	55	0	313	50	50	0	0	9	6	151	0	279537815	960
1776368071793	S3_RebalanceSettlement	3182345	PASSED	50	1636	768	0	643	50	50	50	57	9	9	201	0	673608420	1924
1776368075961	S4_ExchangeRateFeeAccrual	3182345	PASSED	50	173	103	11	0	0	0	0	0	50	9	50	0	58051502	272
1776368081466	S5_SanctionedUserInterlace	3182345	PASSED	50	1954	1612	284	16	16	16	0	0	6	4	51	0	480802701	1579
1776368085938	S6_InFlightEdgeCases	3182345	PASSED	50	400	137	10	75	29	29	58	34	16	12	51	0	143357532	525
1776368090536	S7_FullProtocolEndurance	3182345	PASSED	15	848	472	127	175	15	15	15	10	15	4	17	0	211382405	698
1776368094848	S8_InvestSettlementEdge	3182345	PASSED	50	246	100	0	0	0	0	50	68	16	12	51	0	102023576	401
1776368100150	S9_MultiAdapterMix	3182345	PASSED	50	1359	795	0	352	48	48	50	44	9	13	102	0	444441422	1422
1776368105076	S10_InterleavedOperations	3182345	PASSED	50	643	186	35	181	58	58	50	31	21	23	148	0	274483569	1008
1776368110111	S1_DepositRedeemMix	3192345	PASSED	50	1163	779	378	0	0	0	0	0	4	2	51	0	273976822	1090
1776368114946	S2_AsyncRedeemFullCycle	3192345	PASSED	50	487	54	0	320	49	49	0	0	9	6	151	0	281628764	947
1776368120931	S3_RebalanceSettlement	3192345	PASSED	50	1855	948	0	664	50	50	50	75	9	9	201	0	744579827	2068
1776368125119	S4_ExchangeRateFeeAccrual	3192345	PASSED	50	213	128	26	0	0	0	0	0	50	9	50	0	64540516	305
1776368130790	S5_SanctionedUserInterlace	3192345	PASSED	50	2243	1818	364	17	17	17	0	0	6	4	51	0	550273626	1753
1776368135208	S6_InFlightEdgeCases	3192345	PASSED	50	395	130	11	81	29	29	58	29	16	12	51	0	141109104	524
1776368139788	S7_FullProtocolEndurance	3192345	PASSED	15	818	485	125	129	15	15	15	15	15	4	17	0	192884960	671
1776368144061	S8_InvestSettlementEdge	3192345	PASSED	50	238	100	0	0	0	0	50	60	16	12	51	0	98780328	396
1776368149499	S9_MultiAdapterMix	3192345	PASSED	50	1587	884	0	470	50	50	50	61	9	13	102	0	544796055	1544
1776368154448	S10_InterleavedOperations	3192345	PASSED	50	688	216	36	198	57	57	50	30	21	23	146	0	286901025	1033
1776368159476	S1_DepositRedeemMix	3202345	PASSED	50	1181	793	382	0	0	0	0	0	4	2	51	0	276143757	1121
1776368164296	S2_AsyncRedeemFullCycle	3202345	PASSED	50	456	54	0	289	49	49	0	0	9	6	151	0	263897658	908
1776368170170	S3_RebalanceSettlement	3202345	PASSED	50	1710	888	0	588	50	50	50	66	9	9	201	0	678542699	1960
1776368174377	S4_ExchangeRateFeeAccrual	3202345	PASSED	50	198	124	15	0	0	0	0	0	50	9	50	0	61810977	301
1776368179956	S5_SanctionedUserInterlace	3202345	PASSED	50	2030	1571	398	17	17	17	0	0	6	4	51	0	504824553	1643
1776368184433	S6_InFlightEdgeCases	3202345	PASSED	50	418	140	20	83	28	28	58	33	16	12	51	0	147794861	540
1776368189104	S7_FullProtocolEndurance	3202345	PASSED	15	936	502	155	204	15	15	15	11	15	4	17	0	238226218	764
1776368193400	S8_InvestSettlementEdge	3202345	PASSED	50	242	100	0	0	0	0	50	64	16	12	51	0	100286260	403
1776368198842	S9_MultiAdapterMix	3202345	PASSED	50	1500	883	0	388	50	50	50	57	9	13	102	0	493920684	1533
1776368203782	S10_InterleavedOperations	3202345	PASSED	50	669	216	22	196	56	56	50	29	21	23	146	0	282375546	1030
1776368208876	S1_DepositRedeemMix	3212345	PASSED	50	1262	847	409	0	0	0	0	0	4	2	51	0	295508867	1146
1776368213785	S2_AsyncRedeemFullCycle	3212345	PASSED	50	541	58	0	368	50	50	0	0	9	6	151	0	310284113	1030
1776368219609	S3_RebalanceSettlement	3212345	PASSED	50	1655	873	0	561	48	48	50	57	9	9	201	0	648132837	1906
1776368223830	S4_ExchangeRateFeeAccrual	3212345	PASSED	50	248	148	41	0	0	0	0	0	50	9	50	0	69964921	325
1776368229529	S5_SanctionedUserInterlace	3212345	PASSED	50	2268	1835	372	17	17	17	0	0	6	4	51	0	570423220	1789
1776368233933	S6_InFlightEdgeCases	3212345	PASSED	50	380	134	18	59	24	24	58	35	16	12	51	0	135856542	510
1776368238669	S7_FullProtocolEndurance	3212345	PASSED	15	957	550	93	239	15	15	15	11	15	4	17	0	251252630	780
1776368242990	S8_InvestSettlementEdge	3212345	PASSED	50	240	100	0	0	0	0	50	62	16	12	51	0	99463937	412
1776368248485	S9_MultiAdapterMix	3212345	PASSED	50	1571	870	0	489	50	50	50	40	9	13	102	0	539396900	1536
1776368253408	S10_InterleavedOperations	3212345	PASSED	50	672	196	40	197	57	57	50	33	20	22	146	0	286024013	1037
1776368258561	S1_DepositRedeemMix	3222345	PASSED	50	1325	869	450	0	0	0	0	0	4	2	51	0	310860502	1237
1776368263484	S2_AsyncRedeemFullCycle	3222345	PASSED	50	504	57	0	336	48	48	0	0	9	6	151	0	291556083	999
1776368269241	S3_RebalanceSettlement	3222345	PASSED	50	1554	792	0	532	50	50	50	62	9	9	201	0	614923150	1853
1776368273434	S4_ExchangeRateFeeAccrual	3222345	PASSED	50	208	125	24	0	0	0	0	0	50	9	50	0	63426019	302
1776368278980	S5_SanctionedUserInterlace	3222345	PASSED	50	2120	1711	348	17	17	17	0	0	6	4	51	0	516713853	1660
1776368283473	S6_InFlightEdgeCases	3222345	PASSED	50	419	150	14	84	29	29	58	27	16	12	51	0	148787381	582
1776368288142	S7_FullProtocolEndurance	3222345	PASSED	15	865	446	104	240	15	15	15	11	15	4	17	0	235025208	730
1776368292474	S8_InvestSettlementEdge	3222345	PASSED	50	244	100	0	0	0	0	50	66	16	12	51	0	101259364	409
1776368297909	S9_MultiAdapterMix	3222345	PASSED	50	1435	753	0	464	48	48	50	50	9	13	102	0	502128615	1447
1776368302856	S10_InterleavedOperations	3222345	PASSED	50	662	194	36	194	57	57	50	30	21	23	148	0	281581193	1026
1776368308027	S1_DepositRedeemMix	3232345	PASSED	50	1407	909	492	0	0	0	0	0	4	2	51	0	331419947	1266
1776368312936	S2_AsyncRedeemFullCycle	3232345	PASSED	50	529	61	0	353	50	50	0	0	9	6	151	0	301868305	1004
1776368318838	S3_RebalanceSettlement	3232345	PASSED	50	1732	879	0	621	50	50	50	64	9	9	201	0	691689387	1989
1776368323085	S4_ExchangeRateFeeAccrual	3232345	PASSED	50	214	127	28	0	0	0	0	0	50	9	50	0	64255937	307
1776368328591	S5_SanctionedUserInterlace	3232345	PASSED	50	1987	1610	316	17	17	17	0	0	6	4	51	0	488829376	1588
1776368333019	S6_InFlightEdgeCases	3232345	PASSED	50	394	133	11	77	29	29	58	29	16	12	51	0	140093276	524
1776368337610	S7_FullProtocolEndurance	3232345	PASSED	15	848	497	109	165	15	15	15	13	15	4	17	0	208261549	711
1776368341907	S8_InvestSettlementEdge	3232345	PASSED	50	244	100	0	0	0	0	50	66	16	12	51	0	101243836	421
1776368347271	S9_MultiAdapterMix	3232345	PASSED	50	1435	780	0	433	50	50	50	50	9	13	102	0	493750176	1437
1776368352159	S10_InterleavedOperations	3232345	PASSED	50	620	180	36	172	53	53	50	32	21	23	142	0	264584621	976
1776368357276	S1_DepositRedeemMix	3242345	PASSED	50	1283	864	413	0	0	0	0	0	4	2	51	0	300258952	1196
1776368362232	S2_AsyncRedeemFullCycle	3242345	PASSED	50	540	59	0	366	50	50	0	0	9	6	151	0	308452255	1013
1776368368126	S3_RebalanceSettlement	3242345	PASSED	50	1765	865	0	676	49	49	50	58	9	9	201	0	719090165	1998
1776368372338	S4_ExchangeRateFeeAccrual	3242345	PASSED	50	192	117	16	0	0	0	0	0	50	9	50	0	60846482	284
1776368378008	S5_SanctionedUserInterlace	3242345	PASSED	50	2211	1817	333	17	17	17	0	0	6	4	51	0	549638569	1750
1776368382481	S6_InFlightEdgeCases	3242345	PASSED	50	441	159	13	88	28	28	58	39	16	12	51	0	154913739	556
1776368387137	S7_FullProtocolEndurance	3242345	PASSED	15	887	492	121	198	15	15	15	12	15	4	17	0	226225154	732
1776368391452	S8_InvestSettlementEdge	3242345	PASSED	50	242	100	0	0	0	0	50	64	16	12	51	0	100481091	413
1776368396839	S9_MultiAdapterMix	3242345	PASSED	50	1497	824	0	455	49	49	50	48	9	13	102	0	512725623	1469
1776368401787	S10_InterleavedOperations	3242345	PASSED	50	679	206	34	197	59	59	50	30	21	23	147	0	285686827	1029
1776368406686	S1_DepositRedeemMix	3252345	PASSED	50	1080	715	359	0	0	0	0	0	4	2	51	0	255184939	1008
1776368411653	S2_AsyncRedeemFullCycle	3252345	PASSED	50	523	62	0	346	50	50	0	0	9	6	151	0	299379987	1020
1776368417496	S3_RebalanceSettlement	3252345	PASSED	50	1618	725	0	674	48	48	50	55	9	9	201	0	679531005	1924
1776368421698	S4_ExchangeRateFeeAccrual	3252345	PASSED	50	185	108	18	0	0	0	0	0	50	9	50	0	60089227	284
1776368427419	S5_SanctionedUserInterlace	3252345	PASSED	50	2308	1820	427	17	17	17	0	0	6	4	51	0	576687632	1813
1776368431872	S6_InFlightEdgeCases	3252345	PASSED	50	385	135	11	69	27	27	58	30	16	12	51	0	137533506	530
1776368436509	S7_FullProtocolEndurance	3252345	PASSED	15	864	516	139	135	15	15	15	10	15	4	17	0	201914904	718
1776368440808	S8_InvestSettlementEdge	3252345	PASSED	50	246	100	0	0	0	0	50	68	16	12	51	0	102033032	399
1776368446152	S9_MultiAdapterMix	3252345	PASSED	50	1500	853	0	428	49	49	50	49	9	13	102	0	504619775	1484
1776368451110	S10_InterleavedOperations	3252345	PASSED	50	684	206	50	189	57	57	50	33	20	22	148	0	285144071	1040
1776368456101	S1_DepositRedeemMix	3262345	PASSED	50	1234	829	399	0	0	0	0	0	4	2	51	0	288704082	1122
1776368460957	S2_AsyncRedeemFullCycle	3262345	PASSED	50	498	57	0	326	50	50	0	0	9	6	151	0	285698029	966
1776368466815	S3_RebalanceSettlement	3262345	PASSED	50	1731	876	0	624	49	49	50	65	9	9	201	0	697397619	1970
1776368471059	S4_ExchangeRateFeeAccrual	3262345	PASSED	50	232	145	28	0	0	0	0	0	50	9	50	0	67325414	315
1776368476697	S5_SanctionedUserInterlace	3262345	PASSED	50	2147	1757	329	17	17	17	0	0	6	4	51	0	530762896	1731
1776368481107	S6_InFlightEdgeCases	3262345	PASSED	50	422	164	12	80	23	23	58	34	16	12	51	0	147783359	541
1776368485752	S7_FullProtocolEndurance	3262345	PASSED	15	849	478	121	169	15	15	15	17	15	4	17	0	211363286	723
1776368490064	S8_InvestSettlementEdge	3262345	PASSED	50	238	100	0	0	0	0	50	60	16	12	51	0	98684492	397
1776368495450	S9_MultiAdapterMix	3262345	PASSED	50	1467	849	0	394	48	48	50	56	9	13	102	0	488132976	1505
1776368500382	S10_InterleavedOperations	3262345	PASSED	50	660	203	25	197	55	55	50	33	20	22	144	0	281804357	1019
1776368505270	S1_DepositRedeemMix	3272345	PASSED	50	1049	698	345	0	0	0	0	0	4	2	51	0	246639166	996
1776368510096	S2_AsyncRedeemFullCycle	3272345	PASSED	50	446	52	0	279	50	50	0	0	9	6	151	0	260905495	916
1776368516085	S3_RebalanceSettlement	3272345	PASSED	50	1830	930	0	663	49	49	50	71	9	9	201	0	737380612	2057
1776368520255	S4_ExchangeRateFeeAccrual	3272345	PASSED	50	204	121	24	0	0	0	0	0	50	9	50	0	62743313	298
1776368525896	S5_SanctionedUserInterlace	3272345	PASSED	50	2162	1721	380	17	17	17	0	0	6	4	51	0	537557418	1722
1776368530370	S6_InFlightEdgeCases	3272345	PASSED	50	406	148	17	76	27	27	58	25	16	12	51	0	140908862	551
1776368534928	S7_FullProtocolEndurance	3272345	PASSED	15	772	390	133	171	15	15	15	14	15	4	17	0	197953734	652
1776368539261	S8_InvestSettlementEdge	3272345	PASSED	50	241	100	0	0	0	0	50	63	16	12	51	0	99870303	405
1776368544723	S9_MultiAdapterMix	3272345	PASSED	50	1565	850	0	487	50	50	50	56	9	13	102	0	542901619	1525
1776368549643	S10_InterleavedOperations	3272345	PASSED	50	638	197	36	177	53	53	50	32	19	21	143	0	272273097	990
1776368554612	S1_DepositRedeemMix	3282345	PASSED	50	1149	776	367	0	0	0	0	0	4	2	51	0	268571551	1063
1776368559582	S2_AsyncRedeemFullCycle	3282345	PASSED	50	494	54	0	325	50	50	0	0	9	6	151	0	286531317	1066
1776368565400	S3_RebalanceSettlement	3282345	PASSED	50	1663	892	0	546	49	49	50	59	9	9	201	0	646043673	1902
1776368569600	S4_ExchangeRateFeeAccrual	3282345	PASSED	50	228	141	28	0	0	0	0	0	50	9	50	0	66816752	313
1776368575225	S5_SanctionedUserInterlace	3282345	PASSED	50	2137	1694	385	16	16	16	0	0	6	4	51	0	526974923	1717
1776368579668	S6_InFlightEdgeCases	3282345	PASSED	50	431	157	19	85	26	26	58	32	16	12	51	0	150481215	553
1776368584278	S7_FullProtocolEndurance	3282345	PASSED	15	843	439	130	195	15	15	15	15	15	4	17	0	219394900	701
1776368588601	S8_InvestSettlementEdge	3282345	PASSED	50	244	100	0	0	0	0	50	66	16	12	51	0	101224334	434
1776368594101	S9_MultiAdapterMix	3282345	PASSED	50	1609	915	0	475	50	50	50	47	9	13	102	0	547764031	1595
1776368599085	S10_InterleavedOperations	3282345	PASSED	50	724	227	40	204	61	61	50	37	21	23	150	0	300396760	1072
1776368604257	S1_DepositRedeemMix	3292345	PASSED	50	1344	874	464	0	0	0	0	0	4	2	51	0	315940793	1205
1776368609157	S2_AsyncRedeemFullCycle	3292345	PASSED	50	486	53	0	318	50	50	0	0	9	6	151	0	280443722	959
1776368615086	S3_RebalanceSettlement	3292345	PASSED	50	1647	792	0	624	49	49	50	65	9	9	201	0	670957106	2010
1776368619296	S4_ExchangeRateFeeAccrual	3292345	PASSED	50	209	119	31	0	0	0	0	0	50	9	50	0	63813779	302
1776368624963	S5_SanctionedUserInterlace	3292345	PASSED	50	2233	1802	370	17	17	17	0	0	6	4	51	0	559623447	1783
1776368629446	S6_InFlightEdgeCases	3292345	PASSED	50	441	158	25	80	28	28	58	36	16	12	51	0	150613184	560
1776368634120	S7_FullProtocolEndurance	3292345	PASSED	15	924	509	132	208	15	15	15	11	15	4	17	0	236403702	764
1776368638444	S8_InvestSettlementEdge	3292345	PASSED	50	246	100	0	0	0	0	50	68	16	12	51	0	101922733	401
1776368644083	S9_MultiAdapterMix	3292345	PASSED	50	1686	965	0	493	50	50	50	56	9	13	102	0	579380338	1741
1776368649074	S10_InterleavedOperations	3292345	PASSED	50	677	197	38	204	58	58	50	28	21	23	148	0	288011106	1040
1776368654147	S1_DepositRedeemMix	3302345	PASSED	50	1224	799	419	0	0	0	0	0	4	2	51	0	286952519	1129
1776368659034	S2_AsyncRedeemFullCycle	3302345	PASSED	50	496	57	0	324	50	50	0	0	9	6	151	0	286120203	957
1776368664894	S3_RebalanceSettlement	3302345	PASSED	50	1681	784	0	668	50	50	50	61	9	9	201	0	695144506	1959
1776368669166	S4_ExchangeRateFeeAccrual	3302345	PASSED	50	236	156	21	0	0	0	0	0	50	9	50	0	67277175	318
1776368674772	S5_SanctionedUserInterlace	3302345	PASSED	50	2182	1725	396	17	17	17	0	0	6	4	51	0	542699703	1724
1776368679237	S6_InFlightEdgeCases	3302345	PASSED	50	411	139	13	76	30	30	58	37	16	12	51	0	147617491	547
1776368683845	S7_FullProtocolEndurance	3302345	PASSED	15	815	457	108	175	15	15	15	11	15	4	17	0	204579200	690
1776368688188	S8_InvestSettlementEdge	3302345	PASSED	50	246	100	0	0	0	0	50	68	16	12	51	0	101951435	398
1776368693654	S9_MultiAdapterMix	3302345	PASSED	50	1586	893	0	485	48	48	50	40	9	13	102	0	542760943	1548
1776368698621	S10_InterleavedOperations	3302345	PASSED	50	744	222	44	223	61	61	50	39	21	23	149	0	310870109	1089
1776368703756	S1_DepositRedeemMix	3312345	PASSED	50	1392	900	486	0	0	0	0	0	4	2	51	0	330091887	1244
1776368708697	S2_AsyncRedeemFullCycle	3312345	PASSED	50	515	56	0	346	49	49	0	0	9	6	151	0	296470656	977
1776368714636	S3_RebalanceSettlement	3312345	PASSED	50	1784	913	0	635	50	50	50	68	9	9	201	0	711875944	2037
1776368718903	S4_ExchangeRateFeeAccrual	3312345	PASSED	50	181	103	19	0	0	0	0	0	50	9	50	0	59195337	280
1776368724564	S5_SanctionedUserInterlace	3312345	PASSED	50	2165	1812	292	17	17	17	0	0	6	4	51	0	539805061	1747
1776368729057	S6_InFlightEdgeCases	3312345	PASSED	50	474	186	18	91	27	27	58	39	16	12	51	0	162315682	577
1776368733729	S7_FullProtocolEndurance	3312345	PASSED	15	910	508	135	189	15	15	15	14	15	4	17	0	229459430	758
1776368738049	S8_InvestSettlementEdge	3312345	PASSED	50	242	100	0	0	0	0	50	64	16	12	51	0	100399816	398
1776368743474	S9_MultiAdapterMix	3312345	PASSED	50	1450	850	0	376	49	49	50	54	9	13	102	0	477798557	1491
1776368748448	S10_InterleavedOperations	3312345	PASSED	50	716	194	59	217	60	60	50	32	21	23	148	0	300714176	1069
1776368753423	S1_DepositRedeemMix	3322345	PASSED	50	1132	747	379	0	0	0	0	0	4	2	51	0	265516132	1060
1776368758304	S2_AsyncRedeemFullCycle	3322345	PASSED	50	503	54	0	334	50	50	0	0	9	6	151	0	290520614	967
1776368764232	S3_RebalanceSettlement	3322345	PASSED	50	1740	891	0	617	49	49	50	66	9	9	201	0	697713030	1989
1776368768425	S4_ExchangeRateFeeAccrual	3322345	PASSED	50	175	101	15	0	0	0	0	0	50	9	50	0	58273433	274
1776368774065	S5_SanctionedUserInterlace	3322345	PASSED	50	2085	1675	349	17	17	17	0	0	6	4	51	0	507342396	1701
1776368778494	S6_InFlightEdgeCases	3322345	PASSED	50	333	106	14	57	22	22	58	26	16	12	51	0	124656858	496
1776368783169	S7_FullProtocolEndurance	3322345	PASSED	15	930	547	129	179	15	15	15	11	15	4	17	0	229009874	757
1776368787525	S8_InvestSettlementEdge	3322345	PASSED	50	238	100	0	0	0	0	50	60	16	12	51	0	98599189	409
1776368792934	S9_MultiAdapterMix	3322345	PASSED	50	1568	867	0	476	49	49	50	55	9	13	102	0	540272196	1535
1776368797894	S10_InterleavedOperations	3322345	PASSED	50	642	190	29	190	54	54	50	33	20	22	143	0	275629125	1046
1776368802966	S1_DepositRedeemMix	3332345	PASSED	50	1276	827	443	0	0	0	0	0	4	2	51	0	299411993	1152
1776368807854	S2_AsyncRedeemFullCycle	3332345	PASSED	50	476	58	0	305	49	49	0	0	9	6	151	0	277360259	963
1776368813679	S3_RebalanceSettlement	3332345	PASSED	50	1661	785	0	643	50	50	50	65	9	9	201	0	682808849	1938
1776368817923	S4_ExchangeRateFeeAccrual	3332345	PASSED	50	202	121	22	0	0	0	0	0	50	9	50	0	62557501	296
1776368823527	S5_SanctionedUserInterlace	3332345	PASSED	50	2122	1689	372	17	17	17	0	0	6	4	51	0	524309246	1672
1776368827976	S6_InFlightEdgeCases	3332345	PASSED	50	374	136	13	64	23	23	58	29	16	12	51	0	133687534	524
1776368832621	S7_FullProtocolEndurance	3332345	PASSED	15	859	463	120	197	15	15	15	15	15	4	17	0	221751300	738
1776368836961	S8_InvestSettlementEdge	3332345	PASSED	50	240	100	0	0	0	0	50	62	16	12	51	0	99558313	412
1776368842514	S9_MultiAdapterMix	3332345	PASSED	50	1647	925	0	499	50	50	50	51	9	13	102	0	566213790	1602
1776368847447	S10_InterleavedOperations	3332345	PASSED	50	610	182	24	172	57	57	50	24	21	23	146	0	263019073	999
1776368852451	S1_DepositRedeemMix	3342345	PASSED	50	1199	809	384	0	0	0	0	0	4	2	51	0	280057525	1099
1776368857389	S2_AsyncRedeemFullCycle	3342345	PASSED	50	534	54	0	365	50	50	0	0	9	6	151	0	309088729	1019
1776368863258	S3_RebalanceSettlement	3342345	PASSED	50	1705	853	0	619	50	50	50	65	9	9	201	0	684798921	1966
1776368867463	S4_ExchangeRateFeeAccrual	3342345	PASSED	50	181	107	15	0	0	0	0	0	50	9	50	0	59388873	307
1776368872843	S5_SanctionedUserInterlace	3342345	PASSED	50	1767	1486	220	17	17	17	0	0	6	4	51	0	425475313	1482
1776368877256	S6_InFlightEdgeCases	3342345	PASSED	50	391	127	17	75	28	28	58	30	16	12	51	0	140434266	526
1776368881839	S7_FullProtocolEndurance	3342345	PASSED	15	801	436	103	185	15	15	15	13	15	4	17	0	206718546	683
1776368886117	S8_InvestSettlementEdge	3342345	PASSED	50	242	100	0	0	0	0	50	64	16	12	51	0	100423727	398
1776368891534	S9_MultiAdapterMix	3342345	PASSED	50	1522	858	0	442	50	50	50	50	9	13	102	0	515013673	1506
1776368896520	S10_InterleavedOperations	3342345	PASSED	50	710	222	35	215	58	58	50	30	20	22	147	0	297123650	1066
1776368901431	S1_DepositRedeemMix	3352345	PASSED	50	1093	742	345	0	0	0	0	0	4	2	51	0	255768959	1027
1776368906440	S2_AsyncRedeemFullCycle	3352345	PASSED	50	563	63	0	385	50	50	0	0	9	6	151	0	320244334	1051
1776368912504	S3_RebalanceSettlement	3352345	PASSED	50	1752	804	0	723	50	50	50	57	9	9	201	0	733747839	2121
1776368916752	S4_ExchangeRateFeeAccrual	3352345	PASSED	50	209	126	24	0	0	0	0	0	50	9	50	0	63435467	318
1776368922266	S5_SanctionedUserInterlace	3352345	PASSED	50	1933	1520	352	17	17	17	0	0	6	4	51	0	472339574	1570
1776368926677	S6_InFlightEdgeCases	3352345	PASSED	50	365	112	18	63	27	27	58	32	16	12	51	0	134473962	503
1776368931262	S7_FullProtocolEndurance	3352345	PASSED	15	810	448	112	171	15	15	15	15	15	4	17	0	204135512	684
1776368935617	S8_InvestSettlementEdge	3352345	PASSED	50	240	100	0	0	0	0	50	62	16	12	51	0	99479799	429
1776368940893	S9_MultiAdapterMix	3352345	PASSED	50	1385	742	0	429	50	50	50	42	9	13	102	0	475831135	1386
1776368945790	S10_InterleavedOperations	3352345	PASSED	50	604	161	37	173	54	54	50	33	20	22	144	0	266441466	1006
1776368950908	S1_DepositRedeemMix	3362345	PASSED	50	1314	888	420	0	0	0	0	0	4	2	51	0	307943450	1170
1776368955870	S2_AsyncRedeemFullCycle	3362345	PASSED	50	578	62	0	401	50	50	0	0	9	6	151	0	328851160	1051
1776368961963	S3_RebalanceSettlement	3362345	PASSED	50	1951	983	0	730	50	50	50	70	9	9	201	0	793360092	2151
1776368966163	S4_ExchangeRateFeeAccrual	3362345	PASSED	50	165	93	13	0	0	0	0	0	50	9	50	0	57049963	272
1776368971851	S5_SanctionedUserInterlace	3362345	PASSED	50	2260	1802	397	17	17	17	0	0	6	4	51	0	563088490	1769
1776368976347	S6_InFlightEdgeCases	3362345	PASSED	50	408	144	21	76	24	24	58	33	16	12	51	0	143610056	554
1776368980973	S7_FullProtocolEndurance	3362345	PASSED	15	891	482	108	222	15	15	15	15	15	4	17	0	234563968	735
1776368985320	S8_InvestSettlementEdge	3362345	PASSED	50	240	100	0	0	0	0	50	62	16	12	51	0	99549288	420
1776368990778	S9_MultiAdapterMix	3362345	PASSED	50	1581	872	0	491	50	50	50	46	9	13	102	0	545283901	1546
1776368995710	S10_InterleavedOperations	3362345	PASSED	50	656	189	30	195	59	59	50	32	20	22	148	0	282223304	1044
1776369000686	S1_DepositRedeemMix	3372345	PASSED	50	1135	779	350	0	0	0	0	0	4	2	51	0	265923065	1044
1776369005545	S2_AsyncRedeemFullCycle	3372345	PASSED	50	466	53	0	300	49	49	0	0	9	6	151	0	271427887	948
1776369011507	S3_RebalanceSettlement	3372345	PASSED	50	1765	846	0	694	49	49	50	59	9	9	201	0	729144465	2032
1776369015695	S4_ExchangeRateFeeAccrual	3372345	PASSED	50	184	110	15	0	0	0	0	0	50	9	50	0	59714901	287
1776369021354	S5_SanctionedUserInterlace	3372345	PASSED	50	2112	1718	333	17	17	17	0	0	6	4	51	0	528584254	1742
1776369025820	S6_InFlightEdgeCases	3372345	PASSED	50	371	130	13	61	25	25	58	31	16	12	51	0	132386549	517
1776369030479	S7_FullProtocolEndurance	3372345	PASSED	15	855	472	127	179	15	15	15	13	15	4	17	0	215734884	709
1776369034788	S8_InvestSettlementEdge	3372345	PASSED	50	240	100	0	0	0	0	50	62	16	12	51	0	99434468	412
1776369040241	S9_MultiAdapterMix	3372345	PASSED	50	1524	895	0	412	50	50	50	45	9	13	102	0	503532871	1562
1776369045127	S10_InterleavedOperations	3372345	PASSED	50	633	188	25	189	57	57	50	27	19	21	145	0	272717053	984
1776369050236	S1_DepositRedeemMix	3382345	PASSED	50	1260	841	413	0	0	0	0	0	4	2	51	0	294919833	1199
1776369055149	S2_AsyncRedeemFullCycle	3382345	PASSED	50	525	58	0	352	50	50	0	0	9	6	151	0	300329822	992
1776369061083	S3_RebalanceSettlement	3382345	PASSED	50	1745	845	0	680	49	49	50	54	9	9	201	0	716981902	2009
1776369065273	S4_ExchangeRateFeeAccrual	3382345	PASSED	50	193	113	21	0	0	0	0	0	50	9	50	0	61033443	295
1776369070873	S5_SanctionedUserInterlace	3382345	PASSED	50	2064	1675	328	17	17	17	0	0	6	4	51	0	509805301	1690
1776369075334	S6_InFlightEdgeCases	3382345	PASSED	50	399	141	16	74	23	23	58	36	16	12	51	0	142017709	523
1776369080086	S7_FullProtocolEndurance	3382345	PASSED	15	983	519	134	251	15	15	15	15	15	4	17	0	263379081	845
1776369084437	S8_InvestSettlementEdge	3382345	PASSED	50	242	100	0	0	0	0	50	64	16	12	51	0	100379854	401
1776369089912	S9_MultiAdapterMix	3382345	PASSED	50	1457	813	0	423	49	49	50	51	9	13	102	0	493389397	1555
1776369094767	S10_InterleavedOperations	3382345	PASSED	50	612	171	37	167	57	57	50	29	21	23	145	0	261703305	972
1776369099792	S1_DepositRedeemMix	3392345	PASSED	50	1164	776	382	0	0	0	0	0	4	2	51	0	272554346	1113
1776369104682	S2_AsyncRedeemFullCycle	3392345	PASSED	50	499	57	0	329	49	49	0	0	9	6	151	0	286993732	957
1776369110500	S3_RebalanceSettlement	3392345	PASSED	50	1653	805	0	616	50	50	50	64	9	9	201	0	670059230	1915
1776369114716	S4_ExchangeRateFeeAccrual	3392345	PASSED	50	195	116	20	0	0	0	0	0	50	9	50	0	61223816	302
1776369120217	S5_SanctionedUserInterlace	3392345	PASSED	50	2002	1615	326	17	17	17	0	0	6	4	51	0	489260152	1596
1776369124660	S6_InFlightEdgeCases	3392345	PASSED	50	397	147	11	70	24	24	58	35	16	12	51	0	140103655	520
1776369129289	S7_FullProtocolEndurance	3392345	PASSED	15	877	515	96	189	15	15	15	13	15	4	17	0	221919368	731
1776369133627	S8_InvestSettlementEdge	3392345	PASSED	50	241	100	0	0	0	0	50	63	16	12	51	0	99977896	422
1776369139025	S9_MultiAdapterMix	3392345	PASSED	50	1536	852	0	466	50	50	50	46	9	13	102	0	524988778	1491
1776369143994	S10_InterleavedOperations	3392345	PASSED	50	691	233	41	178	58	58	50	29	21	23	148	0	280637318	1042
1776369149059	S1_DepositRedeemMix	3402345	PASSED	50	1224	799	419	0	0	0	0	0	4	2	51	0	286810108	1114
1776369153984	S2_AsyncRedeemFullCycle	3402345	PASSED	50	483	54	0	316	49	49	0	0	9	6	151	0	281278517	985
1776369159857	S3_RebalanceSettlement	3402345	PASSED	50	1643	822	0	595	50	50	50	58	9	9	201	0	658244208	1911
1776369164057	S4_ExchangeRateFeeAccrual	3402345	PASSED	50	172	95	18	0	0	0	0	0	50	9	50	0	58160312	274
1776369169690	S5_SanctionedUserInterlace	3402345	PASSED	50	2139	1739	339	17	17	17	0	0	6	4	51	0	531417958	1711
1776369174142	S6_InFlightEdgeCases	3402345	PASSED	50	460	176	14	105	27	27	58	25	16	12	51	0	157944184	570
1776369178708	S7_FullProtocolEndurance	3402345	PASSED	15	770	447	92	152	15	15	15	15	15	4	17	0	190250930	665
1776369183051	S8_InvestSettlementEdge	3402345	PASSED	50	240	100	0	0	0	0	50	62	16	12	51	0	99516056	404
1776369188548	S9_MultiAdapterMix	3402345	PASSED	50	1592	960	0	415	49	49	50	47	9	13	102	0	526463770	1540
1776369193596	S10_InterleavedOperations	3402345	PASSED	50	685	205	47	188	59	59	50	33	21	23	149	0	285622538	1098
1776369198550	S1_DepositRedeemMix	3412345	PASSED	50	1093	707	380	0	0	0	0	0	4	2	51	0	256885666	1029
1776369203507	S2_AsyncRedeemFullCycle	3412345	PASSED	50	481	56	0	310	50	50	0	0	9	6	151	0	276351610	1002
1776369209410	S3_RebalanceSettlement	3412345	PASSED	50	1697	844	0	624	47	47	50	67	9	9	201	0	685970043	1989
1776369213619	S4_ExchangeRateFeeAccrual	3412345	PASSED	50	203	118	26	0	0	0	0	0	50	9	50	0	62780302	300
1776369219143	S5_SanctionedUserInterlace	3412345	PASSED	50	2026	1638	327	17	17	17	0	0	6	4	51	0	497244058	1612
1776369223620	S6_InFlightEdgeCases	3412345	PASSED	50	420	144	11	89	29	29	58	32	16	12	51	0	150491978	548
1776369228193	S7_FullProtocolEndurance	3412345	PASSED	15	796	467	84	164	15	15	15	17	15	4	17	0	198707396	651
1776369232520	S8_InvestSettlementEdge	3412345	PASSED	50	242	100	0	0	0	0	50	64	16	12	51	0	100309958	401
1776369237881	S9_MultiAdapterMix	3412345	PASSED	50	1468	808	0	442	48	48	50	50	9	13	102	0	501953996	1456
1776369242850	S10_InterleavedOperations	3412345	PASSED	50	720	224	59	197	59	59	50	28	21	23	148	0	294611184	1064
1776369247939	S1_DepositRedeemMix	3422345	PASSED	50	1257	828	423	0	0	0	0	0	4	2	51	0	296897884	1155
1776369252763	S2_AsyncRedeemFullCycle	3422345	PASSED	50	465	53	0	297	50	50	0	0	9	6	151	0	270049726	919
1776369258677	S3_RebalanceSettlement	3422345	PASSED	50	1720	797	0	688	50	50	50	67	9	9	201	0	714986444	2003
1776369262899	S4_ExchangeRateFeeAccrual	3422345	PASSED	50	220	136	25	0	0	0	0	0	50	9	50	0	65349537	306
1776369268469	S5_SanctionedUserInterlace	3422345	PASSED	50	2132	1684	387	17	17	17	0	0	6	4	51	0	525451298	1682
1776369272925	S6_InFlightEdgeCases	3422345	PASSED	50	393	137	12	70	26	26	58	36	16	12	51	0	141384860	521
1776369277671	S7_FullProtocolEndurance	3422345	PASSED	15	925	490	146	209	15	15	15	16	15	4	17	0	239264520	766
1776369282049	S8_InvestSettlementEdge	3422345	PASSED	50	241	100	0	0	0	0	50	63	16	12	51	0	99934640	396
1776369287478	S9_MultiAdapterMix	3422345	PASSED	50	1516	852	0	444	50	50	50	48	9	13	102	0	513968871	1502
1776369292453	S10_InterleavedOperations	3422345	PASSED	50	711	220	34	212	60	60	50	31	21	23	148	0	297069932	1066
1776369297492	S1_DepositRedeemMix	3432345	PASSED	50	1255	828	421	0	0	0	0	0	4	2	51	0	294005147	1151
1776369302350	S2_AsyncRedeemFullCycle	3432345	PASSED	50	492	56	0	321	50	50	0	0	9	6	151	0	282638659	964
1776369308414	S3_RebalanceSettlement	3432345	PASSED	50	1801	910	0	653	50	50	50	70	9	9	201	0	728340036	2103
1776369312608	S4_ExchangeRateFeeAccrual	3432345	PASSED	50	196	113	24	0	0	0	0	0	50	9	50	0	61734300	289
1776369318144	S5_SanctionedUserInterlace	3432345	PASSED	50	2023	1589	373	17	17	17	0	0	6	4	51	0	497395901	1619
1776369322567	S6_InFlightEdgeCases	3432345	PASSED	50	371	119	9	74	26	26	58	31	16	12	51	0	138831211	510
1776369327076	S7_FullProtocolEndurance	3432345	PASSED	15	722	381	100	166	15	15	15	11	15	4	17	0	185067009	611
1776369331406	S8_InvestSettlementEdge	3432345	PASSED	50	244	100	0	0	0	0	50	66	16	12	51	0	101190135	407
1776369336761	S9_MultiAdapterMix	3432345	PASSED	50	1435	794	0	423	49	49	50	48	9	13	102	0	487392938	1443
1776369341798	S10_InterleavedOperations	3432345	PASSED	50	739	226	27	231	60	60	50	41	21	23	148	0	311633530	1101
1776369346812	S1_DepositRedeemMix	3442345	PASSED	50	1151	762	383	0	0	0	0	0	4	2	51	0	269734302	1065
1776369351709	S2_AsyncRedeemFullCycle	3442345	PASSED	50	478	56	0	311	48	48	0	0	9	6	151	0	277306129	961
1776369357539	S3_RebalanceSettlement	3442345	PASSED	50	1625	848	0	549	48	48	50	64	9	9	201	0	638550807	1876
1776369361726	S4_ExchangeRateFeeAccrual	3442345	PASSED	50	217	131	27	0	0	0	0	0	50	9	50	0	64715361	306
1776369367407	S5_SanctionedUserInterlace	3442345	PASSED	50	2293	1834	398	17	17	17	0	0	6	4	51	0	577063047	1805
1776369371898	S6_InFlightEdgeCases	3442345	PASSED	50	431	157	21	80	26	26	58	35	16	12	51	0	149329378	578
1776369376550	S7_FullProtocolEndurance	3442345	PASSED	15	852	458	125	193	15	15	15	12	15	4	17	0	219198845	760
1776369380886	S8_InvestSettlementEdge	3442345	PASSED	50	237	100	0	0	0	0	50	59	16	12	51	0	98214384	394
1776369386265	S9_MultiAdapterMix	3442345	PASSED	50	1488	853	0	418	50	50	50	45	9	13	102	0	496819879	1459
1776369391189	S10_InterleavedOperations	3442345	PASSED	50	637	183	32	188	56	56	50	30	20	22	147	0	274782572	999
1776369396248	S1_DepositRedeemMix	3452345	PASSED	50	1181	807	368	0	0	0	0	0	4	2	51	0	275843631	1141
1776369401079	S2_AsyncRedeemFullCycle	3452345	PASSED	50	458	56	0	289	49	49	0	0	9	6	151	0	265356533	910
1776369407072	S3_RebalanceSettlement	3452345	PASSED	50	1827	890	0	705	49	49	50	66	9	9	201	0	749166145	2066
1776369411282	S4_ExchangeRateFeeAccrual	3452345	PASSED	50	207	126	22	0	0	0	0	0	50	9	50	0	63224384	321
1776369416997	S5_SanctionedUserInterlace	3452345	PASSED	50	2128	1721	346	17	17	17	0	0	6	4	51	0	522803027	1804
1776369421390	S6_InFlightEdgeCases	3452345	PASSED	50	343	102	9	66	27	27	58	26	16	12	51	0	130353517	499
1776369425967	S7_FullProtocolEndurance	3452345	PASSED	15	801	427	126	173	15	15	15	11	15	4	17	0	202480651	686
1776369430297	S8_InvestSettlementEdge	3452345	PASSED	50	244	100	0	0	0	0	50	66	16	12	51	0	101116505	399
1776369435637	S9_MultiAdapterMix	3452345	PASSED	50	1378	737	0	425	48	48	50	48	9	13	102	0	473864803	1415
1776369440599	S10_InterleavedOperations	3452345	PASSED	50	701	225	32	207	55	55	50	33	21	23	145	0	291750553	1037
1776369445578	S1_DepositRedeemMix	3462345	PASSED	50	1132	776	350	0	0	0	0	0	4	2	51	0	264529754	1072
1776369450443	S2_AsyncRedeemFullCycle	3462345	PASSED	50	473	54	0	306	49	49	0	0	9	6	151	0	274919630	933
1776369456520	S3_RebalanceSettlement	3462345	PASSED	50	1713	840	0	643	49	49	50	64	9	9	201	0	695394914	2146
1776369460775	S4_ExchangeRateFeeAccrual	3462345	PASSED	50	203	116	28	0	0	0	0	0	50	9	50	0	62542354	293
1776369466322	S5_SanctionedUserInterlace	3462345	PASSED	50	1930	1544	325	17	17	17	0	0	6	4	51	0	467387823	1633
1776369470810	S6_InFlightEdgeCases	3462345	PASSED	50	425	161	14	76	23	23	58	42	16	12	51	0	147305950	569
1776369475489	S7_FullProtocolEndurance	3462345	PASSED	15	871	477	114	203	15	15	15	13	15	4	17	0	225120093	747
1776369479803	S8_InvestSettlementEdge	3462345	PASSED	50	243	100	0	0	0	0	50	65	16	12	51	0	100728727	399
1776369485068	S9_MultiAdapterMix	3462345	PASSED	50	1381	809	0	351	50	50	50	49	9	13	102	0	453041635	1366
1776369490049	S10_InterleavedOperations	3462345	PASSED	50	695	218	42	197	58	58	50	30	20	22	148	0	290037860	1066
1776369495094	S1_DepositRedeemMix	3472345	PASSED	50	1257	840	411	0	0	0	0	0	4	2	51	0	294255049	1126
1776369500040	S2_AsyncRedeemFullCycle	3472345	PASSED	50	528	57	0	360	48	48	0	0	9	6	151	0	304861293	1011
1776369506051	S3_RebalanceSettlement	3472345	PASSED	50	1908	948	0	717	50	50	50	75	9	9	201	0	778575845	2119
1776369510266	S4_ExchangeRateFeeAccrual	3472345	PASSED	50	206	126	21	0	0	0	0	0	50	9	50	0	63241640	295
1776369515920	S5_SanctionedUserInterlace	3472345	PASSED	50	2218	1819	338	17	17	17	0	0	6	4	51	0	547744269	1743
1776369520348	S6_InFlightEdgeCases	3472345	PASSED	50	367	121	15	58	26	26	58	35	16	12	51	0	132928938	497
1776369524961	S7_FullProtocolEndurance	3472345	PASSED	15	834	468	103	181	15	15	15	18	15	4	17	0	212400351	689
1776369529273	S8_InvestSettlementEdge	3472345	PASSED	50	244	100	0	0	0	0	50	66	16	12	51	0	101221384	401
1776369534772	S9_MultiAdapterMix	3472345	PASSED	50	1579	935	0	429	50	50	50	43	9	13	102	0	522189425	1587
1776369539744	S10_InterleavedOperations	3472345	PASSED	50	723	232	46	204	57	57	50	33	21	23	148	0	298259951	1081
1776369544911	S1_DepositRedeemMix	3482345	PASSED	50	1419	909	504	0	0	0	0	0	4	2	51	0	337101963	1249
1776369549787	S2_AsyncRedeemFullCycle	3482345	PASSED	50	475	52	0	308	50	50	0	0	9	6	151	0	277428180	944
1776369555773	S3_RebalanceSettlement	3482345	PASSED	50	1847	939	0	675	50	50	50	65	9	9	201	0	742293386	2063
1776369559970	S4_ExchangeRateFeeAccrual	3482345	PASSED	50	183	100	24	0	0	0	0	0	50	9	50	0	59873966	282
1776369565487	S5_SanctionedUserInterlace	3482345	PASSED	50	2007	1610	336	17	17	17	0	0	6	4	51	0	494278562	1628
1776369569937	S6_InFlightEdgeCases	3482345	PASSED	50	385	129	14	77	24	24	58	31	16	12	51	0	139945601	515
1776369574615	S7_FullProtocolEndurance	3482345	PASSED	15	914	515	149	172	15	15	15	14	15	4	17	0	224498224	742
1776369578939	S8_InvestSettlementEdge	3482345	PASSED	50	240	100	0	0	0	0	50	62	16	12	51	0	99535389	397
1776369584231	S9_MultiAdapterMix	3482345	PASSED	50	1373	731	0	428	48	48	50	46	9	13	102	0	473592765	1389
1776369589151	S10_InterleavedOperations	3482345	PASSED	50	620	182	27	183	54	54	50	26	21	23	147	0	269618227	987
1776369594180	S1_DepositRedeemMix	3492345	PASSED	50	1204	819	379	0	0	0	0	0	4	2	51	0	281254650	1118
1776369599005	S2_AsyncRedeemFullCycle	3492345	PASSED	50	446	54	0	277	50	50	0	0	9	6	151	0	259868419	916
1776369604902	S3_RebalanceSettlement	3492345	PASSED	50	1712	826	0	660	48	48	50	62	9	9	201	0	708224024	1979
1776369609130	S4_ExchangeRateFeeAccrual	3492345	PASSED	50	154	84	11	0	0	0	0	0	50	9	50	0	55295307	275
1776369614768	S5_SanctionedUserInterlace	3492345	PASSED	50	2240	1858	321	17	17	17	0	0	6	4	51	0	559867061	1741
1776369619230	S6_InFlightEdgeCases	3492345	PASSED	50	428	158	12	84	29	29	58	30	16	12	51	0	147107205	542
1776369623861	S7_FullProtocolEndurance	3492345	PASSED	15	857	464	126	190	15	15	15	13	15	4	17	0	218744106	713
1776369628155	S8_InvestSettlementEdge	3492345	PASSED	50	244	100	0	0	0	0	50	66	16	12	51	0	101103400	399
1776369633421	S9_MultiAdapterMix	3492345	PASSED	50	1324	729	0	383	48	48	50	44	9	13	102	0	448227006	1358
1776369638386	S10_InterleavedOperations	3492345	PASSED	50	669	212	42	181	55	55	50	30	21	23	146	0	278202730	1022
1776369643431	S1_DepositRedeemMix	3502345	PASSED	50	1207	807	394	0	0	0	0	0	4	2	51	0	283506124	1146
1776369648293	S2_AsyncRedeemFullCycle	3502345	PASSED	50	490	54	0	323	49	49	0	0	9	6	151	0	285495764	951
1776369654115	S3_RebalanceSettlement	3502345	PASSED	50	1623	762	0	643	49	49	50	52	9	9	201	0	670893381	1918
1776369658323	S4_ExchangeRateFeeAccrual	3502345	PASSED	50	192	112	21	0	0	0	0	0	50	9	50	0	61291069	288
1776369663933	S5_SanctionedUserInterlace	3502345	PASSED	50	2196	1772	363	17	17	17	0	0	6	4	51	0	546587344	1714
1776369668374	S6_InFlightEdgeCases	3502345	PASSED	50	373	136	12	65	23	23	58	28	16	12	51	0	131420662	506
1776369673067	S7_FullProtocolEndurance	3502345	PASSED	15	960	580	128	175	15	15	15	13	15	4	17	0	234157266	768
1776369677415	S8_InvestSettlementEdge	3502345	PASSED	50	240	100	0	0	0	0	50	62	16	12	51	0	99604295	433
1776369682879	S9_MultiAdapterMix	3502345	PASSED	50	1631	985	0	422	50	50	50	52	9	13	102	0	540749095	1564
1776369687816	S10_InterleavedOperations	3502345	PASSED	50	653	215	43	173	53	53	50	24	20	22	144	0	271801785	1017
1776369692873	S1_DepositRedeemMix	3512345	PASSED	50	1194	782	406	0	0	0	0	0	4	2	51	0	281855577	1098
1776369697756	S2_AsyncRedeemFullCycle	3512345	PASSED	50	505	60	0	330	50	50	0	0	9	6	151	0	289794575	977
1776369703561	S3_RebalanceSettlement	3512345	PASSED	50	1640	836	0	570	50	50	50	66	9	9	201	0	654505645	1888
1776369707767	S4_ExchangeRateFeeAccrual	3512345	PASSED	50	209	114	36	0	0	0	0	0	50	9	50	0	63878229	301
1776369713349	S5_SanctionedUserInterlace	3512345	PASSED	50	2094	1713	320	17	17	17	0	0	6	4	51	0	518959969	1695
1776369717774	S6_InFlightEdgeCases	3512345	PASSED	50	386	134	14	67	25	25	58	35	16	12	51	0	139339369	522
1776369722447	S7_FullProtocolEndurance	3512345	PASSED	15	967	565	139	188	15	15	15	11	15	4	17	0	240741188	786
1776369726745	S8_InvestSettlementEdge	3512345	PASSED	50	241	100	0	0	0	0	50	63	16	12	51	0	100116393	397
1776369732177	S9_MultiAdapterMix	3512345	PASSED	50	1517	898	0	400	48	48	50	51	9	13	102	0	503465737	1502
1776369737175	S10_InterleavedOperations	3512345	PASSED	50	666	211	40	181	55	55	50	32	20	22	146	0	280409385	1074
1776369742188	S1_DepositRedeemMix	3522345	PASSED	50	1193	785	402	0	0	0	0	0	4	2	51	0	281262025	1103
1776369747079	S2_AsyncRedeemFullCycle	3522345	PASSED	50	512	61	0	336	50	50	0	0	9	6	151	0	291782824	971
1776369752937	S3_RebalanceSettlement	3522345	PASSED	50	1727	907	0	588	50	50	50	64	9	9	201	0	681810102	1943
1776369757198	S4_ExchangeRateFeeAccrual	3522345	PASSED	50	203	120	24	0	0	0	0	0	50	9	50	0	62656301	324
1776369762922	S5_SanctionedUserInterlace	3522345	PASSED	50	2283	1847	375	17	17	17	0	0	6	4	51	0	573121230	1802
1776369767354	S6_InFlightEdgeCases	3522345	PASSED	50	367	124	7	63	28	28	58	31	16	12	51	0	133321013	511
1776369771986	S7_FullProtocolEndurance	3522345	PASSED	15	870	457	116	221	15	15	15	12	15	4	17	0	230963273	741
1776369776283	S8_InvestSettlementEdge	3522345	PASSED	50	244	100	0	0	0	0	50	66	16	12	51	0	101270596	416
1776369781683	S9_MultiAdapterMix	3522345	PASSED	50	1494	823	0	454	49	49	50	47	9	13	102	0	517224362	1493
1776369786620	S10_InterleavedOperations	3522345	PASSED	50	684	205	48	192	56	56	50	33	21	23	147	0	288128335	1039
1776369791550	S1_DepositRedeemMix	3532345	PASSED	50	1076	694	376	0	0	0	0	0	4	2	51	0	254843024	1020
1776369796405	S2_AsyncRedeemFullCycle	3532345	PASSED	50	480	55	0	314	48	48	0	0	9	6	151	0	282651043	947
1776369802360	S3_RebalanceSettlement	3532345	PASSED	50	1786	907	0	651	50	50	50	60	9	9	201	0	721099866	2018
1776369806571	S4_ExchangeRateFeeAccrual	3532345	PASSED	50	210	132	19	0	0	0	0	0	50	9	50	0	63755571	299
1776369812129	S5_SanctionedUserInterlace	3532345	PASSED	50	2038	1618	359	17	17	17	0	0	6	4	51	0	508027687	1641
1776369816593	S6_InFlightEdgeCases	3532345	PASSED	50	425	160	28	69	25	25	58	32	16	12	51	0	143467110	558
1776369821252	S7_FullProtocolEndurance	3532345	PASSED	15	868	473	131	184	15	15	15	16	15	4	17	0	220780924	724
1776369825595	S8_InvestSettlementEdge	3532345	PASSED	50	242	100	0	0	0	0	50	64	16	12	51	0	100394022	409
1776369831005	S9_MultiAdapterMix	3532345	PASSED	50	1422	760	0	437	49	49	50	55	9	13	102	0	493355728	1475
1776369835979	S10_InterleavedOperations	3532345	PASSED	50	676	210	40	193	56	56	50	27	21	23	147	0	282984188	1042
1776369840967	S1_DepositRedeemMix	3542345	PASSED	50	1186	791	389	0	0	0	0	0	4	2	51	0	280331271	1087
1776369845934	S2_AsyncRedeemFullCycle	3542345	PASSED	50	547	59	0	375	49	49	0	0	9	6	151	0	315717406	1048
1776369851919	S3_RebalanceSettlement	3542345	PASSED	50	1711	858	0	628	50	50	50	57	9	9	201	0	691389620	2085
1776369856137	S4_ExchangeRateFeeAccrual	3542345	PASSED	50	204	125	20	0	0	0	0	0	50	9	50	0	63061716	296
1776369861835	S5_SanctionedUserInterlace	3542345	PASSED	50	2147	1759	327	17	17	17	0	0	6	4	51	0	540066890	1745
1776369866281	S6_InFlightEdgeCases	3542345	PASSED	50	380	135	15	63	23	23	58	35	16	12	51	0	135900705	528
1776369870932	S7_FullProtocolEndurance	3542345	PASSED	15	878	490	114	199	15	15	15	11	15	4	17	0	224723760	721
1776369875276	S8_InvestSettlementEdge	3542345	PASSED	50	244	100	0	0	0	0	50	66	16	12	51	0	101241454	413
1776369880661	S9_MultiAdapterMix	3542345	PASSED	50	1384	747	0	431	48	48	50	38	9	13	102	0	477355122	1462
1776369885617	S10_InterleavedOperations	3542345	PASSED	50	674	209	32	195	56	56	50	32	21	23	144	0	283998364	1019
1776369890679	S1_DepositRedeemMix	3552345	PASSED	50	1247	827	414	0	0	0	0	0	4	2	51	0	294209367	1133
1776369895503	S2_AsyncRedeemFullCycle	3552345	PASSED	50	451	51	0	285	50	50	0	0	9	6	151	0	264218458	909
1776369901382	S3_RebalanceSettlement	3552345	PASSED	50	1701	810	0	657	50	50	50	66	9	9	201	0	704152048	1965
1776369905587	S4_ExchangeRateFeeAccrual	3552345	PASSED	50	224	133	32	0	0	0	0	0	50	9	50	0	66218639	319
1776369911220	S5_SanctionedUserInterlace	3552345	PASSED	50	2140	1721	358	17	17	17	0	0	6	4	51	0	533766972	1675
1776369915708	S6_InFlightEdgeCases	3552345	PASSED	50	411	150	15	83	23	23	58	31	16	12	51	0	143654781	541
1776369920390	S7_FullProtocolEndurance	3552345	PASSED	15	933	544	123	189	15	15	15	13	15	4	17	0	233382803	765
1776369924709	S8_InvestSettlementEdge	3552345	PASSED	50	244	100	0	0	0	0	50	66	16	12	51	0	101156926	401
1776369930185	S9_MultiAdapterMix	3552345	PASSED	50	1576	863	0	488	50	50	50	53	9	13	102	0	549063568	1560
1776369935190	S10_InterleavedOperations	3552345	PASSED	50	731	227	46	219	58	58	50	31	20	22	148	0	304453561	1085
1776369940320	S1_DepositRedeemMix	3562345	PASSED	50	1309	859	444	0	0	0	0	0	4	2	51	0	309432972	1197
1776369945192	S2_AsyncRedeemFullCycle	3562345	PASSED	50	472	54	0	305	49	49	0	0	9	6	151	0	275065356	962
1776369951065	S3_RebalanceSettlement	3562345	PASSED	50	1670	794	0	644	50	50	50	64	9	9	201	0	686895264	1946
1776369955298	S4_ExchangeRateFeeAccrual	3562345	PASSED	50	211	127	25	0	0	0	0	0	50	9	50	0	64056079	307
1776369960896	S5_SanctionedUserInterlace	3562345	PASSED	50	2117	1655	401	17	17	17	0	0	6	4	51	0	528250748	1676
1776369965344	S6_InFlightEdgeCases	3562345	PASSED	50	394	134	19	75	26	26	58	28	16	12	51	0	139499291	525
1776369970078	S7_FullProtocolEndurance	3562345	PASSED	15	925	540	118	188	15	15	15	15	15	4	17	0	233082484	811
1776369974393	S8_InvestSettlementEdge	3562345	PASSED	50	243	100	0	0	0	0	50	65	16	12	51	0	100844861	398
1776369979951	S9_MultiAdapterMix	3562345	PASSED	50	1618	931	0	459	49	49	50	58	9	13	102	0	550917646	1615
1776369984928	S10_InterleavedOperations	3562345	PASSED	50	677	196	35	200	59	59	50	34	21	23	148	0	289517864	1029
1776369989997	S1_DepositRedeemMix	3572345	PASSED	50	1276	863	407	0	0	0	0	0	4	2	51	0	300284551	1149
1776369994941	S2_AsyncRedeemFullCycle	3572345	PASSED	50	550	62	0	373	50	50	0	0	9	6	151	0	313654860	1018
1776370000731	S3_RebalanceSettlement	3572345	PASSED	50	1594	803	0	568	49	49	50	57	9	9	201	0	639280325	1866
1776370004988	S4_ExchangeRateFeeAccrual	3572345	PASSED	50	219	143	17	0	0	0	0	0	50	9	50	0	65157503	303
1776370010760	S5_SanctionedUserInterlace	3572345	PASSED	50	2269	1856	352	17	17	17	0	0	6	4	51	0	569745490	1860
1776370015195	S6_InFlightEdgeCases	3572345	PASSED	50	424	150	15	76	27	27	58	43	16	12	51	0	149000974	548
1776370019825	S7_FullProtocolEndurance	3572345	PASSED	15	853	484	126	164	15	15	15	15	15	4	17	0	211032675	715
1776370024126	S8_InvestSettlementEdge	3572345	PASSED	50	242	100	0	0	0	0	50	64	16	12	51	0	100497311	413
1776370029475	S9_MultiAdapterMix	3572345	PASSED	50	1457	808	0	428	47	47	50	55	9	13	102	0	502300447	1448
1776370034411	S10_InterleavedOperations	3572345	PASSED	50	674	203	40	194	57	57	50	31	20	22	147	0	284638158	1030
1776370039370	S1_DepositRedeemMix	3582345	PASSED	50	1121	731	384	0	0	0	0	0	4	2	51	0	264832166	1051
1776370044283	S2_AsyncRedeemFullCycle	3582345	PASSED	50	500	56	0	333	48	48	0	0	9	6	151	0	290671691	969
1776370050171	S3_RebalanceSettlement	3582345	PASSED	50	1682	810	0	638	50	50	50	66	9	9	201	0	690177507	1965
1776370054411	S4_ExchangeRateFeeAccrual	3582345	PASSED	50	199	119	21	0	0	0	0	0	50	9	50	0	62104460	309
1776370059968	S5_SanctionedUserInterlace	3582345	PASSED	50	2019	1584	374	17	17	17	0	0	6	4	51	0	498693378	1619
1776370064464	S6_InFlightEdgeCases	3582345	PASSED	50	428	148	28	79	28	28	58	31	16	12	51	0	148009494	557
1776370069038	S7_FullProtocolEndurance	3582345	PASSED	15	817	439	112	190	15	15	15	12	15	4	17	0	210754818	675
1776370073408	S8_InvestSettlementEdge	3582345	PASSED	50	240	100	0	0	0	0	50	62	16	12	51	0	99675369	425
1776370078887	S9_MultiAdapterMix	3582345	PASSED	50	1630	942	0	465	50	50	50	51	9	13	102	0	554493063	1586
1776370083890	S10_InterleavedOperations	3582345	PASSED	50	738	214	62	221	59	59	50	31	20	22	148	0	308944645	1097
1776370088898	S1_DepositRedeemMix	3592345	PASSED	50	1207	796	405	0	0	0	0	0	4	2	51	0	286756719	1106
1776370093791	S2_AsyncRedeemFullCycle	3592345	PASSED	50	507	55	0	337	50	50	0	0	9	6	151	0	294182041	982
1776370099768	S3_RebalanceSettlement	3592345	PASSED	50	1778	868	0	674	50	50	50	68	9	9	201	0	730128321	2053
1776370103941	S4_ExchangeRateFeeAccrual	3592345	PASSED	50	176	105	12	0	0	0	0	0	50	9	50	0	58537870	275
1776370109552	S5_SanctionedUserInterlace	3592345	PASSED	50	2117	1667	389	17	17	17	0	0	6	4	51	0	530235437	1691
1776370114001	S6_InFlightEdgeCases	3592345	PASSED	50	407	132	22	72	28	28	58	39	16	12	51	0	145282540	535
1776370118600	S7_FullProtocolEndurance	3592345	PASSED	15	803	439	119	168	15	15	15	13	15	4	17	0	202385210	665
1776370122947	S8_InvestSettlementEdge	3592345	PASSED	50	240	100	0	0	0	0	50	62	16	12	51	0	99581798	405
1776370128524	S9_MultiAdapterMix	3592345	PASSED	50	1534	816	0	499	50	50	50	47	9	13	102	0	539624020	1614
1776370133493	S10_InterleavedOperations	3592345	PASSED	50	696	207	33	206	60	60	50	36	21	23	149	0	294655411	1051
1776370138564	S1_DepositRedeemMix	3602345	PASSED	50	1245	812	427	0	0	0	0	0	4	2	51	0	293813369	1141
1776370143426	S2_AsyncRedeemFullCycle	3602345	PASSED	50	489	56	0	318	50	50	0	0	9	6	151	0	282371066	954
1776370149308	S3_RebalanceSettlement	3602345	PASSED	50	1711	822	0	654	49	49	50	69	9	9	201	0	708068434	1969
1776370153574	S4_ExchangeRateFeeAccrual	3602345	PASSED	50	222	134	29	0	0	0	0	0	50	9	50	0	65751226	323
1776370159066	S5_SanctionedUserInterlace	3602345	PASSED	50	1946	1596	289	17	17	17	0	0	6	4	51	0	478523887	1555
1776370163569	S6_InFlightEdgeCases	3602345	PASSED	50	410	151	10	81	25	25	58	32	16	12	51	0	146177176	543
1776370168155	S7_FullProtocolEndurance	3602345	PASSED	15	797	411	107	204	15	15	15	11	15	4	17	0	211804710	673
1776370172485	S8_InvestSettlementEdge	3602345	PASSED	50	240	100	0	0	0	0	50	62	16	12	51	0	99532761	411
1776370177924	S9_MultiAdapterMix	3602345	PASSED	50	1533	862	0	455	49	49	50	46	9	13	102	0	523980041	1519
1776370182911	S10_InterleavedOperations	3602345	PASSED	50	704	203	45	217	57	57	50	31	21	23	146	0	297340195	1054
1776370188064	S1_DepositRedeemMix	3612345	PASSED	50	1381	879	496	0	0	0	0	0	4	2	51	0	327919990	1243
1776370192910	S2_AsyncRedeemFullCycle	3612345	PASSED	50	448	55	0	278	50	50	0	0	9	6	151	0	261698104	962
1776370198828	S3_RebalanceSettlement	3612345	PASSED	50	1756	885	0	633	50	50	50	70	9	9	201	0	708346548	1991
1776370203024	S4_ExchangeRateFeeAccrual	3612345	PASSED	50	162	87	16	0	0	0	0	0	50	9	50	0	56333489	270
1776370208639	S5_SanctionedUserInterlace	3612345	PASSED	50	2154	1745	348	17	17	17	0	0	6	4	51	0	535450836	1700
1776370213110	S6_InFlightEdgeCases	3612345	PASSED	50	421	146	15	80	26	26	58	42	16	12	51	0	150954665	547
1776370217779	S7_FullProtocolEndurance	3612345	PASSED	15	901	466	124	232	15	15	15	15	15	4	17	0	240437829	767
1776370222120	S8_InvestSettlementEdge	3612345	PASSED	50	242	100	0	0	0	0	50	64	16	12	51	0	100285148	398
1776370227604	S9_MultiAdapterMix	3612345	PASSED	50	1575	821	0	541	49	49	50	43	9	13	102	0	559816802	1573
1776370232510	S10_InterleavedOperations	3612345	PASSED	50	664	205	45	183	58	58	50	25	19	21	147	0	278165485	1020
1776370237534	S1_DepositRedeemMix	3622345	PASSED	50	1167	772	389	0	0	0	0	0	4	2	51	0	273163799	1095
1776370242456	S2_AsyncRedeemFullCycle	3622345	PASSED	50	500	57	0	328	50	50	0	0	9	6	151	0	287689268	964
1776370248487	S3_RebalanceSettlement	3622345	PASSED	50	1884	966	0	684	50	50	50	66	9	9	201	0	757899566	2128
1776370252732	S4_ExchangeRateFeeAccrual	3622345	PASSED	50	193	114	20	0	0	0	0	0	50	9	50	0	60928618	289
1776370258328	S5_SanctionedUserInterlace	3622345	PASSED	50	2115	1696	358	17	17	17	0	0	6	4	51	0	524696241	1685
1776370262764	S6_InFlightEdgeCases	3622345	PASSED	50	422	141	13	84	29	29	58	40	16	12	51	0	150421036	540
1776370267360	S7_FullProtocolEndurance	3622345	PASSED	15	833	508	99	146	15	15	15	16	15	4	17	0	202031233	680
1776370271680	S8_InvestSettlementEdge	3622345	PASSED	50	244	100	0	0	0	0	50	66	16	12	51	0	101179396	407
1776370276986	S9_MultiAdapterMix	3622345	PASSED	50	1386	803	0	368	48	48	50	47	9	13	102	0	457142500	1380
1776370281991	S10_InterleavedOperations	3622345	PASSED	50	724	220	52	207	58	58	50	37	20	22	149	0	301346750	1080
1776370287080	S1_DepositRedeemMix	3632345	PASSED	50	1285	855	424	0	0	0	0	0	4	2	51	0	301054877	1162
1776370292009	S2_AsyncRedeemFullCycle	3632345	PASSED	50	506	56	0	337	49	49	0	0	9	6	151	0	290634572	974
1776370297978	S3_RebalanceSettlement	3632345	PASSED	50	1637	886	0	527	49	49	50	58	9	9	201	0	631373743	2064
1776370302231	S4_ExchangeRateFeeAccrual	3632345	PASSED	50	245	159	27	0	0	0	0	0	50	9	50	0	68852370	322
1776370307957	S5_SanctionedUserInterlace	3632345	PASSED	50	2155	1695	399	17	17	17	0	0	6	4	51	0	534620083	1781
1776370312369	S6_InFlightEdgeCases	3632345	PASSED	50	343	105	10	63	24	24	58	31	16	12	51	0	130736910	511
1776370317010	S7_FullProtocolEndurance	3632345	PASSED	15	838	498	96	166	15	15	15	14	15	4	17	0	206662128	685
1776370321347	S8_InvestSettlementEdge	3632345	PASSED	50	243	100	0	0	0	0	50	65	16	12	51	0	100880800	426
1776370326709	S9_MultiAdapterMix	3632345	PASSED	50	1463	814	0	433	50	50	50	44	9	13	102	0	498201344	1457
1776370331798	S10_InterleavedOperations	3632345	PASSED	50	708	213	50	205	60	60	50	26	21	23	149	0	293895204	1145
1776370336923	S1_DepositRedeemMix	3642345	PASSED	50	1330	859	465	0	0	0	0	0	4	2	51	0	312548506	1194
1776370341800	S2_AsyncRedeemFullCycle	3642345	PASSED	50	522	58	0	349	50	50	0	0	9	6	151	0	300439260	993
1776370347926	S3_RebalanceSettlement	3642345	PASSED	50	1906	974	0	716	48	48	50	52	9	9	201	0	771472954	2210
1776370352144	S4_ExchangeRateFeeAccrual	3642345	PASSED	50	194	112	23	0	0	0	0	0	50	9	50	0	61432733	289
1776370357818	S5_SanctionedUserInterlace	3642345	PASSED	50	2252	1827	364	17	17	17	0	0	6	4	51	0	562804149	1782
1776370362238	S6_InFlightEdgeCases	3642345	PASSED	50	360	118	13	63	23	23	58	34	16	12	51	0	133760356	499
1776370366892	S7_FullProtocolEndurance	3642345	PASSED	15	880	445	148	205	15	15	15	18	15	4	17	0	229121659	730
1776370371231	S8_InvestSettlementEdge	3642345	PASSED	50	242	100	0	0	0	0	50	64	16	12	51	0	100292350	405
1776370376549	S9_MultiAdapterMix	3642345	PASSED	50	1410	831	0	360	50	50	50	47	9	13	102	0	459916389	1416
1776370381489	S10_InterleavedOperations	3642345	PASSED	50	632	188	28	184	59	59	50	22	20	22	149	0	271993789	1006
1776370386608	S1_DepositRedeemMix	3652345	PASSED	50	1312	842	464	0	0	0	0	0	4	2	51	0	310588974	1224
1776370391568	S2_AsyncRedeemFullCycle	3652345	PASSED	50	485	56	0	314	50	50	0	0	9	6	151	0	279959906	993
1776370397393	S3_RebalanceSettlement	3652345	PASSED	50	1603	776	0	599	50	50	50	60	9	9	201	0	649604543	1892
1776370401606	S4_ExchangeRateFeeAccrual	3652345	PASSED	50	184	109	16	0	0	0	0	0	50	9	50	0	59945990	290
1776370407045	S5_SanctionedUserInterlace	3652345	PASSED	50	1867	1487	319	17	17	17	0	0	6	4	51	0	456713717	1518
1776370411484	S6_InFlightEdgeCases	3652345	PASSED	50	372	122	13	68	25	25	58	33	16	12	51	0	134789624	513
1776370416216	S7_FullProtocolEndurance	3652345	PASSED	15	963	553	142	189	15	15	15	15	15	4	17	0	238930358	834
1776370420543	S8_InvestSettlementEdge	3652345	PASSED	50	240	100	0	0	0	0	50	62	16	12	51	0	99562165	399
1776370425912	S9_MultiAdapterMix	3652345	PASSED	50	1504	868	0	418	50	50	50	46	9	13	102	0	501263025	1471
1776370430906	S10_InterleavedOperations	3652345	PASSED	50	707	215	51	207	57	57	50	30	19	21	147	0	295331491	1059
1776370435986	S1_DepositRedeemMix	3662345	PASSED	50	1280	826	448	0	0	0	0	0	4	2	51	0	300488434	1166
1776370440856	S2_AsyncRedeemFullCycle	3662345	PASSED	50	446	52	0	279	50	50	0	0	9	6	151	0	258606145	955
1776370446662	S3_RebalanceSettlement	3662345	PASSED	50	1669	856	0	586	49	49	50	61	9	9	201	0	666295957	1918
1776370450917	S4_ExchangeRateFeeAccrual	3662345	PASSED	50	230	133	38	0	0	0	0	0	50	9	50	0	66956415	315
1776370456551	S5_SanctionedUserInterlace	3662345	PASSED	50	2059	1637	361	17	17	17	0	0	6	4	51	0	506637790	1718
1776370460996	S6_InFlightEdgeCases	3662345	PASSED	50	388	132	17	71	25	25	58	32	16	12	51	0	138327982	515
1776370465752	S7_FullProtocolEndurance	3662345	PASSED	15	892	476	119	220	15	15	15	13	15	4	17	0	233926352	835
1776370470050	S8_InvestSettlementEdge	3662345	PASSED	50	237	100	0	0	0	0	50	59	16	12	51	0	98289298	393
1776370475438	S9_MultiAdapterMix	3662345	PASSED	50	1498	829	0	445	50	50	50	52	9	13	102	0	510967538	1482
1776370480364	S10_InterleavedOperations	3662345	PASSED	50	646	181	45	176	59	59	50	34	20	22	148	0	275406743	1012
1776370485476	S1_DepositRedeemMix	3672345	PASSED	50	1349	876	467	0	0	0	0	0	4	2	51	0	316829264	1206
1776370490307	S2_AsyncRedeemFullCycle	3672345	PASSED	50	429	53	0	261	50	50	0	0	9	6	151	0	250257025	886
1776370496234	S3_RebalanceSettlement	3672345	PASSED	50	1766	876	0	659	50	50	50	63	9	9	201	0	714906951	2011
1776370500434	S4_ExchangeRateFeeAccrual	3672345	PASSED	50	207	127	21	0	0	0	0	0	50	9	50	0	63267343	296
1776370505947	S5_SanctionedUserInterlace	3672345	PASSED	50	2072	1665	346	17	17	17	0	0	6	4	51	0	511014665	1632
1776370510392	S6_InFlightEdgeCases	3672345	PASSED	50	433	167	13	84	26	26	58	31	16	12	51	0	147646722	545
1776370515045	S7_FullProtocolEndurance	3672345	PASSED	15	889	515	109	188	15	15	15	13	15	4	17	0	223283739	727
1776370519371	S8_InvestSettlementEdge	3672345	PASSED	50	236	100	0	0	0	0	50	58	16	12	51	0	97884277	414
1776370524761	S9_MultiAdapterMix	3672345	PASSED	50	1478	835	0	433	50	50	50	38	9	13	102	0	496567022	1456
1776370529799	S10_InterleavedOperations	3672345	PASSED	50	695	181	40	224	59	59	50	38	21	23	151	0	303476193	1122
1776370534848	S1_DepositRedeemMix	3682345	PASSED	50	1254	813	435	0	0	0	0	0	4	2	51	0	294442602	1141
1776370539747	S2_AsyncRedeemFullCycle	3682345	PASSED	50	529	57	0	357	50	50	0	0	9	6	151	0	304514675	1009
1776370545788	S3_RebalanceSettlement	3682345	PASSED	50	1920	933	0	758	50	50	50	61	9	9	201	0	792954123	2145
1776370550029	S4_ExchangeRateFeeAccrual	3682345	PASSED	50	193	108	26	0	0	0	0	0	50	9	50	0	61497869	290
1776370555925	S5_SanctionedUserInterlace	3682345	PASSED	50	2494	2061	372	17	17	17	0	0	6	4	51	0	632717978	1986
1776370560349	S6_InFlightEdgeCases	3682345	PASSED	50	404	134	16	78	30	30	58	30	16	12	51	0	144647204	533
1776370564932	S7_FullProtocolEndurance	3682345	PASSED	15	889	500	144	165	15	15	15	16	15	4	17	0	219138558	724
1776370569272	S8_InvestSettlementEdge	3682345	PASSED	50	239	100	0	0	0	0	50	61	16	12	51	0	99173513	424
1776370574709	S9_MultiAdapterMix	3682345	PASSED	50	1571	955	0	400	48	48	50	48	9	13	102	0	512712506	1514
1776370579718	S10_InterleavedOperations	3682345	PASSED	50	719	213	50	214	58	58	50	32	21	23	149	0	300900130	1083
1776370584756	S1_DepositRedeemMix	3692345	PASSED	50	1211	806	399	0	0	0	0	0	4	2	51	0	283453119	1115
1776370589658	S2_AsyncRedeemFullCycle	3692345	PASSED	50	507	56	0	336	50	50	0	0	9	6	151	0	292282167	974
1776370595562	S3_RebalanceSettlement	3692345	PASSED	50	1685	861	0	594	50	50	50	62	9	9	201	0	669565404	2027
1776370599769	S4_ExchangeRateFeeAccrual	3692345	PASSED	50	193	120	14	0	0	0	0	0	50	9	50	0	61111803	286
1776370605398	S5_SanctionedUserInterlace	3692345	PASSED	50	2171	1768	345	16	16	16	0	0	6	4	51	0	537899253	1727
1776370609834	S6_InFlightEdgeCases	3692345	PASSED	50	401	147	10	82	23	23	58	30	16	12	51	0	142256872	536
1776370614523	S7_FullProtocolEndurance	3692345	PASSED	15	966	575	104	212	15	15	15	11	15	4	17	0	244771116	777
1776370618824	S8_InvestSettlementEdge	3692345	PASSED	50	242	100	0	0	0	0	50	64	16	12	51	0	100360611	401
1776370624233	S9_MultiAdapterMix	3692345	PASSED	50	1514	861	0	440	49	49	50	43	9	13	102	0	513544142	1488
1776370629139	S10_InterleavedOperations	3692345	PASSED	50	626	193	38	162	55	55	50	31	20	22	145	0	264787320	985
1776370634091	S1_DepositRedeemMix	3702345	PASSED	50	1091	699	386	0	0	0	0	0	4	2	51	0	257045819	1029
1776370638927	S2_AsyncRedeemFullCycle	3702345	PASSED	50	485	54	0	316	50	50	0	0	9	6	151	0	278892088	938
1776370644838	S3_RebalanceSettlement	3702345	PASSED	50	1689	821	0	629	49	49	50	73	9	9	201	0	686059566	1951
1776370649049	S4_ExchangeRateFeeAccrual	3702345	PASSED	50	181	107	15	0	0	0	0	0	50	9	50	0	59263066	282
1776370654681	S5_SanctionedUserInterlace	3702345	PASSED	50	2183	1694	428	17	17	17	0	0	6	4	51	0	541946465	1731
1776370659105	S6_InFlightEdgeCases	3702345	PASSED	50	386	136	9	74	26	26	58	29	16	12	51	0	140841868	527
1776370663723	S7_FullProtocolEndurance	3702345	PASSED	15	834	455	115	188	15	15	15	12	15	4	17	0	213627546	692
1776370668062	S8_InvestSettlementEdge	3702345	PASSED	50	236	100	0	0	0	0	50	58	16	12	51	0	97848830	395
1776370673458	S9_MultiAdapterMix	3702345	PASSED	50	1442	790	0	443	49	49	50	39	9	13	102	0	493146930	1457
1776370678488	S10_InterleavedOperations	3702345	PASSED	50	753	218	47	234	62	62	50	36	21	23	151	0	316916401	1111
1776370683503	S1_DepositRedeemMix	3712345	PASSED	50	1189	800	383	0	0	0	0	0	4	2	51	0	279951781	1108
1776370688465	S2_AsyncRedeemFullCycle	3712345	PASSED	50	526	59	0	352	50	50	0	0	9	6	151	0	303370657	1058
1776370694363	S3_RebalanceSettlement	3712345	PASSED	50	1700	805	0	678	49	49	50	51	9	9	201	0	700978238	1968
1776370698564	S4_ExchangeRateFeeAccrual	3712345	PASSED	50	204	121	24	0	0	0	0	0	50	9	50	0	62786886	294
1776370704165	S5_SanctionedUserInterlace	3712345	PASSED	50	2144	1709	374	17	17	17	0	0	6	4	51	0	530120413	1695
1776370708659	S6_InFlightEdgeCases	3712345	PASSED	50	446	155	9	101	30	30	58	35	16	12	51	0	160064040	565
1776370713274	S7_FullProtocolEndurance	3712345	PASSED	15	849	481	99	196	15	15	15	9	15	4	17	0	216934451	718
1776370717672	S8_InvestSettlementEdge	3712345	PASSED	50	240	100	0	0	0	0	50	62	16	12	51	0	99478707	419
1776370722964	S9_MultiAdapterMix	3712345	PASSED	50	1358	756	0	371	50	50	50	59	9	13	102	0	455522934	1376
1776370727958	S10_InterleavedOperations	3712345	PASSED	50	691	201	32	216	59	59	50	30	21	23	149	0	294250949	1077
1776370733040	S1_DepositRedeemMix	3722345	PASSED	50	1312	868	438	0	0	0	0	0	4	2	51	0	307264720	1180
1776370737918	S2_AsyncRedeemFullCycle	3722345	PASSED	50	477	55	0	307	50	50	0	0	9	6	151	0	275853636	997
1776370743879	S3_RebalanceSettlement	3722345	PASSED	50	1795	826	0	759	49	49	50	44	9	9	201	0	758788286	2070
1776370748063	S4_ExchangeRateFeeAccrual	3722345	PASSED	50	194	116	19	0	0	0	0	0	50	9	50	0	61525377	290
1776370753620	S5_SanctionedUserInterlace	3722345	PASSED	50	2111	1713	337	17	17	17	0	0	6	4	51	0	524533074	1681
1776370758068	S6_InFlightEdgeCases	3722345	PASSED	50	392	142	8	75	26	26	58	29	16	12	51	0	139794503	539
1776370762746	S7_FullProtocolEndurance	3722345	PASSED	15	909	487	121	224	15	15	15	13	15	4	17	0	239013111	761
1776370767076	S8_InvestSettlementEdge	3722345	PASSED	50	242	100	0	0	0	0	50	64	16	12	51	0	100240971	401
1776370772627	S9_MultiAdapterMix	3722345	PASSED	50	1670	919	0	526	48	48	50	57	9	13	102	0	584622478	1645
1776370777603	S10_InterleavedOperations	3722345	PASSED	50	704	209	51	211	56	56	50	27	21	23	146	0	293830356	1056
1776370782719	S1_DepositRedeemMix	3732345	PASSED	50	1389	915	468	0	0	0	0	0	4	2	51	0	326512590	1221
1776370787676	S2_AsyncRedeemFullCycle	3732345	PASSED	50	528	61	0	352	50	50	0	0	9	6	151	0	302601021	1016
1776370793566	S3_RebalanceSettlement	3732345	PASSED	50	1693	796	0	667	50	50	50	62	9	9	201	0	697921779	1964
1776370797779	S4_ExchangeRateFeeAccrual	3732345	PASSED	50	193	114	20	0	0	0	0	0	50	9	50	0	61469308	290
1776370803354	S5_SanctionedUserInterlace	3732345	PASSED	50	2114	1645	408	17	17	17	0	0	6	4	51	0	526072072	1679
1776370807827	S6_InFlightEdgeCases	3732345	PASSED	50	429	151	21	78	28	28	58	37	16	12	51	0	148698897	554
1776370812538	S7_FullProtocolEndurance	3732345	PASSED	15	1002	594	116	210	15	15	15	18	15	4	17	0	253993985	810
1776370816847	S8_InvestSettlementEdge	3732345	PASSED	50	243	100	0	0	0	0	50	65	16	12	51	0	100816677	399
1776370822189	S9_MultiAdapterMix	3732345	PASSED	50	1444	803	0	417	50	50	50	52	9	13	102	0	488118669	1434
1776370827217	S10_InterleavedOperations	3732345	PASSED	50	713	192	58	218	59	59	50	35	20	22	147	0	302160126	1068
1776370832323	S1_DepositRedeemMix	3742345	PASSED	50	1332	882	444	0	0	0	0	0	4	2	51	0	312404191	1188
1776370837231	S2_AsyncRedeemFullCycle	3742345	PASSED	50	497	56	0	326	50	50	0	0	9	6	151	0	286936676	969
1776370843087	S3_RebalanceSettlement	3742345	PASSED	50	1692	871	0	594	49	49	50	61	9	9	201	0	671064215	1941
1776370847304	S4_ExchangeRateFeeAccrual	3742345	PASSED	50	183	107	17	0	0	0	0	0	50	9	50	0	59658814	296
1776370852910	S5_SanctionedUserInterlace	3742345	PASSED	50	2160	1790	309	17	17	17	0	0	6	4	51	0	538726589	1708
1776370857355	S6_InFlightEdgeCases	3742345	PASSED	50	419	134	20	80	30	30	58	39	16	12	51	0	150218657	559
1776370861942	S7_FullProtocolEndurance	3742345	PASSED	15	787	411	116	184	15	15	15	12	15	4	17	0	204296236	679
1776370866255	S8_InvestSettlementEdge	3742345	PASSED	50	242	100	0	0	0	0	50	64	16	12	51	0	100480579	416
1776370871674	S9_MultiAdapterMix	3742345	PASSED	50	1466	840	0	409	46	46	50	53	9	13	102	0	492601246	1476
1776370876620	S10_InterleavedOperations	3742345	PASSED	50	665	201	38	187	59	59	50	27	21	23	148	0	278018560	1022
1776370881702	S1_DepositRedeemMix	3752345	PASSED	50	1269	832	431	0	0	0	0	0	4	2	51	0	297263449	1161
1776370886689	S2_AsyncRedeemFullCycle	3752345	PASSED	50	537	60	0	362	50	50	0	0	9	6	151	0	306923676	1010
1776370892546	S3_RebalanceSettlement	3752345	PASSED	50	1671	805	0	636	50	50	50	62	9	9	201	0	680405369	1938
1776370896751	S4_ExchangeRateFeeAccrual	3752345	PASSED	50	195	114	22	0	0	0	0	0	50	9	50	0	61312640	290
1776370902354	S5_SanctionedUserInterlace	3752345	PASSED	50	2081	1718	302	17	17	17	0	0	6	4	51	0	508808897	1673
1776370906765	S6_InFlightEdgeCases	3752345	PASSED	50	360	122	13	70	21	21	58	27	16	12	51	0	131891257	496
1776370911496	S7_FullProtocolEndurance	3752345	PASSED	15	1024	602	142	204	15	15	15	12	15	4	17	0	255193648	820
1776370915808	S8_InvestSettlementEdge	3752345	PASSED	50	241	100	0	0	0	0	50	63	16	12	51	0	100000418	398
1776370921151	S9_MultiAdapterMix	3752345	PASSED	50	1452	816	0	421	50	50	50	43	9	13	102	0	490078312	1424
1776370926163	S10_InterleavedOperations	3752345	PASSED	50	732	214	42	229	59	59	50	35	21	23	149	0	310401924	1080
1776370931167	S1_DepositRedeemMix	3762345	PASSED	50	1160	775	379	0	0	0	0	0	4	2	51	0	271362525	1067
1776370935989	S2_AsyncRedeemFullCycle	3762345	PASSED	50	442	53	0	276	49	49	0	0	9	6	151	0	259307042	913
1776370941781	S3_RebalanceSettlement	3762345	PASSED	50	1600	803	0	573	50	50	50	56	9	9	201	0	638254844	1879
1776370946012	S4_ExchangeRateFeeAccrual	3762345	PASSED	50	192	107	26	0	0	0	0	0	50	9	50	0	61068103	287
1776370951731	S5_SanctionedUserInterlace	3762345	PASSED	50	2167	1730	376	17	17	17	0	0	6	4	51	0	530341394	1758
1776370956202	S6_InFlightEdgeCases	3762345	PASSED	50	405	139	15	75	28	28	58	34	16	12	51	0	144183889	533
1776370960965	S7_FullProtocolEndurance	3762345	PASSED	15	997	567	145	210	15	15	15	11	15	4	17	0	250904542	834
1776370965295	S8_InvestSettlementEdge	3762345	PASSED	50	244	100	0	0	0	0	50	66	16	12	51	0	101222253	399
1776370970706	S9_MultiAdapterMix	3762345	PASSED	50	1505	882	0	398	49	49	50	55	9	13	102	0	498628387	1460
1776370975689	S10_InterleavedOperations	3762345	PASSED	50	704	204	45	208	61	61	50	31	21	23	150	0	295936330	1081
1776370980654	S1_DepositRedeemMix	3772345	PASSED	50	1155	766	383	0	0	0	0	0	4	2	51	0	271367592	1059
1776370985548	S2_AsyncRedeemFullCycle	3772345	PASSED	50	482	57	0	314	48	48	0	0	9	6	151	0	279739554	944
1776370991520	S3_RebalanceSettlement	3772345	PASSED	50	1677	753	0	699	49	49	50	59	9	9	201	0	705540451	2043
1776370995720	S4_ExchangeRateFeeAccrual	3772345	PASSED	50	182	107	16	0	0	0	0	0	50	9	50	0	59901112	281
1776371001313	S5_SanctionedUserInterlace	3772345	PASSED	50	2192	1785	346	17	17	17	0	0	6	4	51	0	540033155	1703
1776371005738	S6_InFlightEdgeCases	3772345	PASSED	50	405	144	12	73	26	26	58	38	16	12	51	0	141335760	527
1776371010402	S7_FullProtocolEndurance	3772345	PASSED	15	904	495	130	203	15	15	15	12	15	4	17	0	231072845	739
1776371014701	S8_InvestSettlementEdge	3772345	PASSED	50	244	100	0	0	0	0	50	66	16	12	51	0	101070562	399
1776371020249	S9_MultiAdapterMix	3772345	PASSED	50	1557	866	0	466	48	48	50	57	9	13	102	0	534386716	1601
1776371025225	S10_InterleavedOperations	3772345	PASSED	50	710	218	42	213	57	57	50	31	20	22	147	0	298001544	1067
1776371030279	S1_DepositRedeemMix	3782345	PASSED	50	1267	824	437	0	0	0	0	0	4	2	51	0	297373042	1152
1776371035191	S2_AsyncRedeemFullCycle	3782345	PASSED	50	488	55	0	320	49	49	0	0	9	6	151	0	281940486	985
1776371041001	S3_RebalanceSettlement	3782345	PASSED	50	1687	838	0	609	50	50	50	72	9	9	201	0	679849973	1935
1776371045211	S4_ExchangeRateFeeAccrual	3782345	PASSED	50	204	125	20	0	0	0	0	0	50	9	50	0	62679461	297
1776371050834	S5_SanctionedUserInterlace	3782345	PASSED	50	2216	1756	399	17	17	17	0	0	6	4	51	0	549356410	1728
1776371055309	S6_InFlightEdgeCases	3782345	PASSED	50	393	132	15	69	27	27	58	37	16	12	51	0	141620107	579
1776371059951	S7_FullProtocolEndurance	3782345	PASSED	15	853	456	125	192	15	15	15	16	15	4	17	0	218765209	718
1776371064273	S8_InvestSettlementEdge	3782345	PASSED	50	242	100	0	0	0	0	50	64	16	12	51	0	100429598	428
1776371069638	S9_MultiAdapterMix	3782345	PASSED	50	1463	859	0	377	50	50	50	55	9	13	102	0	480478027	1443
1776371074594	S10_InterleavedOperations	3782345	PASSED	50	705	216	26	223	59	59	50	30	20	22	148	0	300110653	1063
1776371079567	S1_DepositRedeemMix	3792345	PASSED	50	1117	750	361	0	0	0	0	0	4	2	51	0	261881127	1053
1776371084454	S2_AsyncRedeemFullCycle	3792345	PASSED	50	492	56	0	321	50	50	0	0	9	6	151	0	284454531	953
1776371090552	S3_RebalanceSettlement	3792345	PASSED	50	1725	845	0	650	49	49	50	64	9	9	201	0	701123107	2171
1776371094736	S4_ExchangeRateFeeAccrual	3792345	PASSED	50	192	115	18	0	0	0	0	0	50	9	50	0	61219942	287
1776371100213	S5_SanctionedUserInterlace	3792345	PASSED	50	1972	1547	364	17	17	17	0	0	6	4	51	0	481992126	1576
1776371104645	S6_InFlightEdgeCases	3792345	PASSED	50	386	134	13	73	27	27	58	26	16	12	51	0	137292655	516
1776371109210	S7_FullProtocolEndurance	3792345	PASSED	15	767	441	99	151	15	15	15	12	15	4	17	0	189771489	652
1776371113522	S8_InvestSettlementEdge	3792345	PASSED	50	242	100	0	0	0	0	50	64	16	12	51	0	100383537	420
1776371118689	S9_MultiAdapterMix	3792345	PASSED	50	1183	647	0	332	48	48	50	36	9	13	102	0	395434562	1241
1776371123642	S10_InterleavedOperations	3792345	PASSED	50	657	192	38	191	56	56	50	30	21	23	146	0	278508197	1020
1776371128763	S1_DepositRedeemMix	3802345	PASSED	50	1331	887	438	0	0	0	0	0	4	2	51	0	311984251	1192
1776371133615	S2_AsyncRedeemFullCycle	3802345	PASSED	50	476	55	0	308	49	49	0	0	9	6	151	0	276339806	947
1776371139524	S3_RebalanceSettlement	3802345	PASSED	50	1779	879	0	671	50	50	50	61	9	9	201	0	721708245	2012
1776371143733	S4_ExchangeRateFeeAccrual	3802345	PASSED	50	204	120	25	0	0	0	0	0	50	9	50	0	63177221	303
1776371149343	S5_SanctionedUserInterlace	3802345	PASSED	50	2171	1731	379	17	17	17	0	0	6	4	51	0	534468514	1714
1776371153807	S6_InFlightEdgeCases	3802345	PASSED	50	450	164	20	89	26	26	58	39	16	12	51	0	156637449	568
1776371158416	S7_FullProtocolEndurance	3802345	PASSED	15	874	455	131	215	15	15	15	9	15	4	17	0	228065637	726
1776371162709	S8_InvestSettlementEdge	3802345	PASSED	50	244	100	0	0	0	0	50	66	16	12	51	0	101300985	416
1776371168000	S9_MultiAdapterMix	3802345	PASSED	50	1410	791	0	401	49	49	50	48	9	13	102	0	476219455	1411
1776371172946	S10_InterleavedOperations	3802345	PASSED	50	644	204	31	174	58	58	50	27	20	22	147	0	270975679	1048
1776371177988	S1_DepositRedeemMix	3812345	PASSED	50	1237	799	432	0	0	0	0	0	4	2	51	0	290329366	1132
1776371182848	S2_AsyncRedeemFullCycle	3812345	PASSED	50	495	56	0	324	50	50	0	0	9	6	151	0	284371186	959
1776371188847	S3_RebalanceSettlement	3812345	PASSED	50	1884	914	0	726	50	50	50	76	9	9	201	0	776124033	2097
1776371193009	S4_ExchangeRateFeeAccrual	3812345	PASSED	50	190	112	19	0	0	0	0	0	50	9	50	0	60788504	287
1776371198565	S5_SanctionedUserInterlace	3812345	PASSED	50	2110	1758	291	17	17	17	0	0	6	4	51	0	518580791	1674
1776371203074	S6_InFlightEdgeCases	3812345	PASSED	50	412	144	18	76	28	28	58	32	16	12	51	0	144535484	540
1776371207733	S7_FullProtocolEndurance	3812345	PASSED	15	917	533	106	196	15	15	15	18	15	4	17	0	232495029	759
1776371212038	S8_InvestSettlementEdge	3812345	PASSED	50	246	100	0	0	0	0	50	68	16	12	51	0	102011240	417
1776371217438	S9_MultiAdapterMix	3812345	PASSED	50	1484	837	0	427	50	50	50	48	9	13	102	0	500308168	1495
1776371222476	S10_InterleavedOperations	3812345	PASSED	50	812	237	65	269	57	57	50	33	21	23	148	0	338734358	1150
1776371227512	S1_DepositRedeemMix	3822345	PASSED	50	1169	776	387	0	0	0	0	0	4	2	51	0	275268485	1120
1776371232366	S2_AsyncRedeemFullCycle	3822345	PASSED	50	499	58	0	326	50	50	0	0	9	6	151	0	286380462	959
1776371238332	S3_RebalanceSettlement	3822345	PASSED	50	1657	800	0	635	49	49	50	56	9	9	201	0	674966013	2038
1776371242541	S4_ExchangeRateFeeAccrual	3822345	PASSED	50	212	128	25	0	0	0	0	0	50	9	50	0	64062327	303
1776371248253	S5_SanctionedUserInterlace	3822345	PASSED	50	2169	1708	400	17	17	17	0	0	6	4	51	0	538180047	1777
1776371252675	S6_InFlightEdgeCases	3822345	PASSED	50	397	149	9	71	26	26	58	30	16	12	51	0	139801268	521
1776371257209	S7_FullProtocolEndurance	3822345	PASSED	15	732	384	112	159	15	15	15	13	15	4	17	0	186410587	636
1776371261509	S8_InvestSettlementEdge	3822345	PASSED	50	242	100	0	0	0	0	50	64	16	12	51	0	100253499	407
1776371266974	S9_MultiAdapterMix	3822345	PASSED	50	1585	866	0	498	50	50	50	49	9	13	102	0	549395634	1557
1776371271915	S10_InterleavedOperations	3822345	PASSED	50	651	181	35	188	60	60	50	33	21	23	149	0	279202112	1031
1776371276986	S1_DepositRedeemMix	3832345	PASSED	50	1286	845	435	0	0	0	0	0	4	2	51	0	301639740	1160
1776371281849	S2_AsyncRedeemFullCycle	3832345	PASSED	50	495	59	0	323	49	49	0	0	9	6	151	0	284876517	975
1776371287835	S3_RebalanceSettlement	3832345	PASSED	50	1809	919	0	659	48	48	50	67	9	9	201	0	732641870	2053
1776371292061	S4_ExchangeRateFeeAccrual	3832345	PASSED	50	220	132	29	0	0	0	0	0	50	9	50	0	65400562	321
1776371297760	S5_SanctionedUserInterlace	3832345	PASSED	50	2284	1781	445	16	16	16	0	0	6	4	51	0	571600937	1816
1776371302259	S6_InFlightEdgeCases	3832345	PASSED	50	465	176	25	88	28	28	58	34	16	12	51	0	157696940	575
1776371306896	S7_FullProtocolEndurance	3832345	PASSED	15	810	402	142	190	15	15	15	12	15	4	17	0	210109813	680
1776371311257	S8_InvestSettlementEdge	3832345	PASSED	50	244	100	0	0	0	0	50	66	16	12	51	0	101038241	425
1776371316710	S9_MultiAdapterMix	3832345	PASSED	50	1567	861	0	481	50	50	50	53	9	13	102	0	539980007	1535
1776371321676	S10_InterleavedOperations	3832345	PASSED	50	682	213	40	187	56	56	50	36	21	23	146	0	284663233	1042
1776371326843	S1_DepositRedeemMix	3842345	PASSED	50	1285	829	450	0	0	0	0	0	4	2	51	0	301584485	1247
1776371331736	S2_AsyncRedeemFullCycle	3842345	PASSED	50	490	57	0	318	50	50	0	0	9	6	151	0	282083794	965
1776371337552	S3_RebalanceSettlement	3842345	PASSED	50	1679	884	0	571	50	50	50	56	9	9	201	0	658277069	1940
1776371341781	S4_ExchangeRateFeeAccrual	3842345	PASSED	50	218	122	37	0	0	0	0	0	50	9	50	0	65407225	309
1776371347314	S5_SanctionedUserInterlace	3842345	PASSED	50	2071	1626	387	16	16	16	0	0	6	4	51	0	518789929	1662
1776371351792	S6_InFlightEdgeCases	3842345	PASSED	50	391	137	9	72	26	26	58	35	16	12	51	0	140826919	533
1776371356445	S7_FullProtocolEndurance	3842345	PASSED	15	876	520	113	167	15	15	15	12	15	4	17	0	213955137	713
1776371360785	S8_InvestSettlementEdge	3842345	PASSED	50	239	100	0	0	0	0	50	61	16	12	51	0	99188278	399
1776371366113	S9_MultiAdapterMix	3842345	PASSED	50	1406	791	0	395	50	50	50	48	9	13	102	0	471020618	1408
1776371371091	S10_InterleavedOperations	3842345	PASSED	50	696	215	45	203	57	57	50	25	21	23	147	0	289105330	1041
1776371376121	S1_DepositRedeemMix	3852345	PASSED	50	1237	814	417	0	0	0	0	0	4	2	51	0	289956994	1138
1776371380976	S2_AsyncRedeemFullCycle	3852345	PASSED	50	464	52	0	297	50	50	0	0	9	6	151	0	270738653	926
1776371386895	S3_RebalanceSettlement	3852345	PASSED	50	1767	901	0	624	50	50	50	74	9	9	201	0	705773519	2004
1776371391105	S4_ExchangeRateFeeAccrual	3852345	PASSED	50	139	74	6	0	0	0	0	0	50	9	50	0	52879170	264
1776371396658	S5_SanctionedUserInterlace	3852345	PASSED	50	2024	1597	366	17	17	17	0	0	6	4	51	0	499483895	1643
1776371401051	S6_InFlightEdgeCases	3852345	PASSED	50	378	130	6	66	28	28	58	34	16	12	51	0	137812410	510
1776371405762	S7_FullProtocolEndurance	3852345	PASSED	15	1011	561	165	207	15	15	15	14	15	4	17	0	256135182	822
1776371410130	S8_InvestSettlementEdge	3852345	PASSED	50	244	100	0	0	0	0	50	66	16	12	51	0	101314637	414
1776371415451	S9_MultiAdapterMix	3852345	PASSED	50	1395	762	0	419	49	49	50	44	9	13	102	0	475384733	1404
1776371420454	S10_InterleavedOperations	3852345	PASSED	50	683	211	44	188	57	57	50	32	21	23	147	0	283995045	1039
1776371425449	S1_DepositRedeemMix	3862345	PASSED	50	1148	723	419	0	0	0	0	0	4	2	51	0	270068265	1076
1776371430393	S2_AsyncRedeemFullCycle	3862345	PASSED	50	511	61	0	337	49	49	0	0	9	6	151	0	294479484	984
1776371436361	S3_RebalanceSettlement	3862345	PASSED	50	1758	864	0	661	50	50	50	65	9	9	201	0	714544826	2058
1776371440604	S4_ExchangeRateFeeAccrual	3862345	PASSED	50	202	119	24	0	0	0	0	0	50	9	50	0	62801332	297
1776371446220	S5_SanctionedUserInterlace	3862345	PASSED	50	2185	1755	369	17	17	17	0	0	6	4	51	0	537360088	1711
1776371450682	S6_InFlightEdgeCases	3862345	PASSED	50	423	150	12	86	29	29	58	31	16	12	51	0	150859005	544
1776371455403	S7_FullProtocolEndurance	3862345	PASSED	15	916	502	122	212	15	15	15	16	15	4	17	0	237539021	765
1776371459714	S8_InvestSettlementEdge	3862345	PASSED	50	242	100	0	0	0	0	50	64	16	12	51	0	100290731	411
1776371465039	S9_MultiAdapterMix	3862345	PASSED	50	1434	774	0	440	50	50	50	48	9	13	102	0	494792190	1431
1776371469979	S10_InterleavedOperations	3862345	PASSED	50	688	209	46	199	56	56	50	28	21	23	145	0	287614455	1035
1776371475012	S1_DepositRedeemMix	3872345	PASSED	50	1212	829	377	0	0	0	0	0	4	2	51	0	282973229	1108
1776371479881	S2_AsyncRedeemFullCycle	3872345	PASSED	50	493	57	0	321	50	50	0	0	9	6	151	0	282333115	970
1776371485706	S3_RebalanceSettlement	3872345	PASSED	50	1580	737	0	624	49	49	50	53	9	9	201	0	650892486	1889
1776371489871	S4_ExchangeRateFeeAccrual	3872345	PASSED	50	217	135	23	0	0	0	0	0	50	9	50	0	64844718	303
1776371495454	S5_SanctionedUserInterlace	3872345	PASSED	50	2133	1697	375	17	17	17	0	0	6	4	51	0	521808546	1682
1776371499900	S6_InFlightEdgeCases	3872345	PASSED	50	381	138	9	70	25	25	58	28	16	12	51	0	136312638	516
1776371504562	S7_FullProtocolEndurance	3872345	PASSED	15	917	512	120	206	15	15	15	15	15	4	17	0	235760199	748
1776371508867	S8_InvestSettlementEdge	3872345	PASSED	50	238	100	0	0	0	0	50	60	16	12	51	0	98603100	393
1776371514389	S9_MultiAdapterMix	3872345	PASSED	50	1678	970	0	489	50	50	50	47	9	13	102	0	569513240	1613
1776371519387	S10_InterleavedOperations	3872345	PASSED	50	712	215	42	217	59	59	50	26	21	23	148	0	297690112	1085
1776371524485	S1_DepositRedeemMix	3882345	PASSED	50	1271	832	433	0	0	0	0	0	4	2	51	0	300244599	1161
1776371529328	S2_AsyncRedeemFullCycle	3882345	PASSED	50	469	56	0	298	50	50	0	0	9	6	151	0	271475142	950
1776371535211	S3_RebalanceSettlement	3882345	PASSED	50	1657	832	0	604	49	49	50	55	9	9	201	0	664640096	1922
1776371539463	S4_ExchangeRateFeeAccrual	3882345	PASSED	50	200	109	32	0	0	0	0	0	50	9	50	0	62420086	314
1776371545015	S5_SanctionedUserInterlace	3882345	PASSED	50	2149	1738	350	17	17	17	0	0	6	4	51	0	526872439	1681
1776371549496	S6_InFlightEdgeCases	3882345	PASSED	50	400	150	10	75	26	26	58	27	16	12	51	0	140775921	539
1776371554049	S7_FullProtocolEndurance	3882345	PASSED	15	783	401	125	182	15	15	15	11	15	4	17	0	202115737	662
1776371558363	S8_InvestSettlementEdge	3882345	PASSED	50	244	100	0	0	0	0	50	66	16	12	51	0	101210353	408
1776371563951	S9_MultiAdapterMix	3882345	PASSED	50	1683	924	0	533	50	50	50	54	9	13	102	0	588564644	1650
1776371568876	S10_InterleavedOperations	3882345	PASSED	50	657	180	42	195	59	59	50	30	20	22	148	0	281807224	1019
1776371573840	S1_DepositRedeemMix	3892345	PASSED	50	1088	723	359	0	0	0	0	0	4	2	51	0	255361700	1054
1776371578669	S2_AsyncRedeemFullCycle	3892345	PASSED	50	472	55	0	304	49	49	0	0	9	6	151	0	273265841	933
1776371584525	S3_RebalanceSettlement	3892345	PASSED	50	1639	748	0	661	49	49	50	64	9	9	201	0	686494257	1959
1776371588719	S4_ExchangeRateFeeAccrual	3892345	PASSED	50	199	123	17	0	0	0	0	0	50	9	50	0	61966814	289
1776371594398	S5_SanctionedUserInterlace	3892345	PASSED	50	2200	1702	437	17	17	17	0	0	6	4	51	0	548536720	1775
1776371598829	S6_InFlightEdgeCases	3892345	PASSED	50	374	130	12	64	24	24	58	34	16	12	51	0	136496694	516
1776371603568	S7_FullProtocolEndurance	3892345	PASSED	15	1018	567	147	230	15	15	15	10	15	4	17	0	262260371	844
1776371607862	S8_InvestSettlementEdge	3892345	PASSED	50	242	100	0	0	0	0	50	64	16	12	51	0	100363894	401
1776371613275	S9_MultiAdapterMix	3892345	PASSED	50	1525	863	0	452	49	49	50	40	9	13	102	0	516305888	1495
1776371618261	S10_InterleavedOperations	3892345	PASSED	50	742	245	52	206	55	55	50	35	21	23	145	0	301729018	1084
1776371623466	S1_DepositRedeemMix	3902345	PASSED	50	1438	958	474	0	0	0	0	0	4	2	51	0	338403423	1277
1776371628369	S2_AsyncRedeemFullCycle	3902345	PASSED	50	500	59	0	326	50	50	0	0	9	6	151	0	287414234	963
1776371634229	S3_RebalanceSettlement	3902345	PASSED	50	1653	828	0	599	49	49	50	60	9	9	201	0	662278635	1949
1776371638440	S4_ExchangeRateFeeAccrual	3902345	PASSED	50	230	142	29	0	0	0	0	0	50	9	50	0	66957288	315
1776371643952	S5_SanctionedUserInterlace	3902345	PASSED	50	2000	1605	334	17	17	17	0	0	6	4	51	0	495766755	1603
1776371648354	S6_InFlightEdgeCases	3902345	PASSED	50	347	109	13	56	27	27	58	29	16	12	51	0	128399980	487
1776371652981	S7_FullProtocolEndurance	3902345	PASSED	15	852	506	111	155	15	15	15	16	15	4	17	0	207212096	696
1776371657367	S8_InvestSettlementEdge	3902345	PASSED	50	246	100	0	0	0	0	50	68	16	12	51	0	101962080	428
1776371662690	S9_MultiAdapterMix	3902345	PASSED	50	1440	831	0	389	47	47	50	54	9	13	102	0	479302277	1428
1776371667633	S10_InterleavedOperations	3902345	PASSED	50	657	190	56	176	57	57	50	29	20	22	147	0	275950609	1024
1776371672729	S1_DepositRedeemMix	3912345	PASSED	50	1298	830	462	0	0	0	0	0	4	2	51	0	305017415	1174
1776371677639	S2_AsyncRedeemFullCycle	3912345	PASSED	50	492	57	0	320	50	50	0	0	9	6	151	0	284279849	973
1776371683598	S3_RebalanceSettlement	3912345	PASSED	50	1772	902	0	633	50	50	50	69	9	9	201	0	707874690	2037
1776371687796	S4_ExchangeRateFeeAccrual	3912345	PASSED	50	196	114	23	0	0	0	0	0	50	9	50	0	61509689	291
1776371693507	S5_SanctionedUserInterlace	3912345	PASSED	50	2259	1829	372	16	16	16	0	0	6	4	51	0	567339895	1796
1776371697951	S6_InFlightEdgeCases	3912345	PASSED	50	369	120	12	68	26	26	58	31	16	12	51	0	134634314	500
1776371702504	S7_FullProtocolEndurance	3912345	PASSED	15	791	423	103	189	15	15	15	12	15	4	17	0	205406391	660
1776371706779	S8_InvestSettlementEdge	3912345	PASSED	50	242	100	0	0	0	0	50	64	16	12	51	0	100440132	396
1776371712236	S9_MultiAdapterMix	3912345	PASSED	50	1593	898	0	480	50	50	50	43	9	13	102	0	543917244	1542
1776371717194	S10_InterleavedOperations	3912345	PASSED	50	692	210	37	207	57	57	50	30	21	23	146	0	289698451	1039
1776371722265	S1_DepositRedeemMix	3922345	PASSED	50	1245	811	428	0	0	0	0	0	4	2	51	0	291956006	1148
1776371727093	S2_AsyncRedeemFullCycle	3922345	PASSED	50	448	55	0	280	49	49	0	0	9	6	151	0	260794634	907
1776371732890	S3_RebalanceSettlement	3922345	PASSED	50	1606	757	0	625	49	49	50	58	9	9	201	0	658524928	1899
1776371737134	S4_ExchangeRateFeeAccrual	3922345	PASSED	50	209	126	24	0	0	0	0	0	50	9	50	0	63717080	307
1776371742729	S5_SanctionedUserInterlace	3922345	PASSED	50	2167	1769	337	17	17	17	0	0	6	4	51	0	533005489	1681
1776371747197	S6_InFlightEdgeCases	3922345	PASSED	50	416	142	24	74	29	29	58	32	16	12	51	0	143664688	535
1776371751799	S7_FullProtocolEndurance	3922345	PASSED	15	791	424	138	153	15	15	15	12	15	4	17	0	195260803	653
1776371756106	S8_InvestSettlementEdge	3922345	PASSED	50	244	100	0	0	0	0	50	66	16	12	51	0	101152106	399
1776371761393	S9_MultiAdapterMix	3922345	PASSED	50	1428	829	0	379	50	50	50	48	9	13	102	0	472527601	1415
1776371766315	S10_InterleavedOperations	3922345	PASSED	50	677	224	48	168	58	58	50	27	21	23	147	0	275944476	1021
1776371771322	S1_DepositRedeemMix	3932345	PASSED	50	1204	824	374	0	0	0	0	0	4	2	51	0	281116458	1100
1776371776192	S2_AsyncRedeemFullCycle	3932345	PASSED	50	463	59	0	289	50	50	0	0	9	6	151	0	265699602	915
1776371782054	S3_RebalanceSettlement	3932345	PASSED	50	1668	804	0	633	50	50	50	63	9	9	201	0	679433380	1950
1776371786273	S4_ExchangeRateFeeAccrual	3932345	PASSED	50	218	137	22	0	0	0	0	0	50	9	50	0	65060121	302
1776371791949	S5_SanctionedUserInterlace	3932345	PASSED	50	2201	1773	367	17	17	17	0	0	6	4	51	0	544015657	1749
1776371796453	S6_InFlightEdgeCases	3932345	PASSED	50	432	157	19	89	27	27	58	27	16	12	51	0	150766922	580
1776371801081	S7_FullProtocolEndurance	3932345	PASSED	15	788	412	114	185	15	15	15	13	15	4	17	0	203928868	663
1776371805493	S8_InvestSettlementEdge	3932345	PASSED	50	241	100	0	0	0	0	50	63	16	12	51	0	99851647	425
1776371810893	S9_MultiAdapterMix	3932345	PASSED	50	1500	839	0	442	49	49	50	49	9	13	102	0	509329204	1485
1776371815866	S10_InterleavedOperations	3932345	PASSED	50	692	234	44	174	58	58	50	30	21	23	148	0	280474719	1050
1776371820958	S1_DepositRedeemMix	3942345	PASSED	50	1298	882	410	0	0	0	0	0	4	2	51	0	304505264	1177
1776371825961	S2_AsyncRedeemFullCycle	3942345	PASSED	50	551	60	0	376	50	50	0	0	9	6	151	0	316801338	1093
1776371831925	S3_RebalanceSettlement	3942345	PASSED	50	1842	897	0	711	50	50	50	66	9	9	201	0	756361007	2073
1776371836108	S4_ExchangeRateFeeAccrual	3942345	PASSED	50	177	99	19	0	0	0	0	0	50	9	50	0	59006988	279
1776371841846	S5_SanctionedUserInterlace	3942345	PASSED	50	2290	1830	399	17	17	17	0	0	6	4	51	0	562899364	1801
1776371846298	S6_InFlightEdgeCases	3942345	PASSED	50	384	132	10	72	25	25	58	34	16	12	51	0	136771577	518
1776371850887	S7_FullProtocolEndurance	3942345	PASSED	15	812	471	102	162	15	15	15	13	15	4	17	0	200554026	686
1776371855191	S8_InvestSettlementEdge	3942345	PASSED	50	239	100	0	0	0	0	50	61	16	12	51	0	99061950	398
1776371860601	S9_MultiAdapterMix	3942345	PASSED	50	1468	826	0	419	49	49	50	53	9	13	102	0	495979023	1462
1776371865611	S10_InterleavedOperations	3942345	PASSED	50	709	187	57	217	59	59	50	36	21	23	147	0	300018807	1092
1776371870682	S1_DepositRedeemMix	3952345	PASSED	50	1215	786	423	0	0	0	0	0	4	2	51	0	285009095	1154
1776371875636	S2_AsyncRedeemFullCycle	3952345	PASSED	50	514	56	0	343	50	50	0	0	9	6	151	0	296769911	1022
1776371881565	S3_RebalanceSettlement	3952345	PASSED	50	1799	931	0	630	50	50	50	70	9	9	201	0	717197186	2018
1776371885774	S4_ExchangeRateFeeAccrual	3952345	PASSED	50	187	108	20	0	0	0	0	0	50	9	50	0	60574796	291
1776371891506	S5_SanctionedUserInterlace	3952345	PASSED	50	2308	1917	333	16	16	16	0	0	6	4	51	0	577301989	1807
1776371895976	S6_InFlightEdgeCases	3952345	PASSED	50	433	159	15	80	28	28	58	37	16	12	51	0	151547514	548
1776371900625	S7_FullProtocolEndurance	3952345	PASSED	15	884	472	107	230	15	15	15	11	15	4	17	0	235171129	738
1776371904955	S8_InvestSettlementEdge	3952345	PASSED	50	243	100	0	0	0	0	50	65	16	12	51	0	100773841	399
1776371910329	S9_MultiAdapterMix	3952345	PASSED	50	1501	871	0	411	49	49	50	49	9	13	102	0	499634848	1468
1776371915244	S10_InterleavedOperations	3952345	PASSED	50	626	189	47	159	57	57	50	23	21	23	145	0	261174250	980
1776371920225	S1_DepositRedeemMix	3962345	PASSED	50	1095	746	343	0	0	0	0	0	4	2	51	0	256386265	1021
1776371925082	S2_AsyncRedeemFullCycle	3962345	PASSED	50	451	54	0	282	50	50	0	0	9	6	151	0	263973074	921
1776371931053	S3_RebalanceSettlement	3962345	PASSED	50	1833	897	0	702	49	49	50	68	9	9	201	0	750265009	2085
1776371935283	S4_ExchangeRateFeeAccrual	3962345	PASSED	50	176	101	16	0	0	0	0	0	50	9	50	0	58423732	277
1776371940904	S5_SanctionedUserInterlace	3962345	PASSED	50	2149	1707	381	17	17	17	0	0	6	4	51	0	536652934	1697
1776371945362	S6_InFlightEdgeCases	3962345	PASSED	50	412	145	12	79	25	25	58	40	16	12	51	0	147495285	540
1776371950018	S7_FullProtocolEndurance	3962345	PASSED	15	912	525	120	190	15	15	15	13	15	4	17	0	229620484	759
1776371954381	S8_InvestSettlementEdge	3962345	PASSED	50	244	100	0	0	0	0	50	66	16	12	51	0	101136393	433
1776371959787	S9_MultiAdapterMix	3962345	PASSED	50	1520	866	0	419	50	50	50	63	9	13	102	0	511090126	1498
1776371964689	S10_InterleavedOperations	3962345	PASSED	50	623	178	43	171	56	56	50	27	20	22	145	0	265914686	981
1776371969870	S1_DepositRedeemMix	3972345	PASSED	50	1414	924	484	0	0	0	0	0	4	2	51	0	332828293	1252
1776371974707	S2_AsyncRedeemFullCycle	3972345	PASSED	50	476	54	0	307	50	50	0	0	9	6	151	0	275350397	936
1776371980687	S3_RebalanceSettlement	3972345	PASSED	50	1696	752	0	716	49	49	50	62	9	9	201	0	716261165	2002
1776371984874	S4_ExchangeRateFeeAccrual	3972345	PASSED	50	185	106	20	0	0	0	0	0	50	9	50	0	59947301	285
1776371990460	S5_SanctionedUserInterlace	3972345	PASSED	50	2033	1606	366	17	17	17	0	0	6	4	51	0	503736761	1654
1776371994904	S6_InFlightEdgeCases	3972345	PASSED	50	406	136	22	78	25	25	58	34	16	12	51	0	144844944	536
1776371999498	S7_FullProtocolEndurance	3972345	PASSED	15	846	418	143	208	15	15	15	13	15	4	17	0	223329424	718
1776372003833	S8_InvestSettlementEdge	3972345	PASSED	50	240	100	0	0	0	0	50	62	16	12	51	0	99522470	411
1776372009188	S9_MultiAdapterMix	3972345	PASSED	50	1499	847	0	426	50	50	50	54	9	13	102	0	508154290	1469
1776372014239	S10_InterleavedOperations	3972345	PASSED	50	689	206	40	218	53	53	50	29	19	21	144	0	293940781	1131
1776372019362	S1_DepositRedeemMix	3982345	PASSED	50	1258	849	403	0	0	0	0	0	4	2	51	0	294048689	1155
1776372024240	S2_AsyncRedeemFullCycle	3982345	PASSED	50	487	57	0	315	50	50	0	0	9	6	151	0	282592295	963
1776372030081	S3_RebalanceSettlement	3982345	PASSED	50	1653	824	0	599	50	50	50	62	9	9	201	0	662886758	1921
1776372034281	S4_ExchangeRateFeeAccrual	3982345	PASSED	50	174	98	17	0	0	0	0	0	50	9	50	0	58516555	274
1776372039935	S5_SanctionedUserInterlace	3982345	PASSED	50	2216	1813	342	17	17	17	0	0	6	4	51	0	544768761	1732
1776372044408	S6_InFlightEdgeCases	3982345	PASSED	50	429	155	16	77	30	30	58	35	16	12	51	0	146557390	539
1776372049051	S7_FullProtocolEndurance	3982345	PASSED	15	876	485	115	199	15	15	15	13	15	4	17	0	224531756	729
1776372053367	S8_InvestSettlementEdge	3982345	PASSED	50	244	100	0	0	0	0	50	66	16	12	51	0	101221808	409
1776372058712	S9_MultiAdapterMix	3982345	PASSED	50	1461	799	0	458	49	49	50	34	9	13	102	0	500637812	1454
1776372063660	S10_InterleavedOperations	3982345	PASSED	50	687	212	41	195	56	56	50	33	21	23	147	0	287770574	1039
1776372068563	S1_DepositRedeemMix	3992345	PASSED	50	1115	769	340	0	0	0	0	0	4	2	51	0	261936939	1030
1776372073461	S2_AsyncRedeemFullCycle	3992345	PASSED	50	507	58	0	334	50	50	0	0	9	6	151	0	291527384	982
1776372079432	S3_RebalanceSettlement	3992345	PASSED	50	1806	898	0	683	50	50	50	57	9	9	201	0	731441123	2059
1776372083638	S4_ExchangeRateFeeAccrual	3992345	PASSED	50	174	101	14	0	0	0	0	0	50	9	50	0	58168215	281
1776372089278	S5_SanctionedUserInterlace	3992345	PASSED	50	2197	1793	343	17	17	17	0	0	6	4	51	0	541725556	1729
1776372093729	S6_InFlightEdgeCases	3992345	PASSED	50	409	145	9	79	28	28	58	34	16	12	51	0	145401397	544
1776372098390	S7_FullProtocolEndurance	3992345	PASSED	15	951	562	124	186	15	15	15	15	15	4	17	0	235562083	760
1776372102684	S8_InvestSettlementEdge	3992345	PASSED	50	241	100	0	0	0	0	50	63	16	12	51	0	99842134	400
1776372108041	S9_MultiAdapterMix	3992345	PASSED	50	1481	906	0	347	48	48	50	60	9	13	102	0	476953243	1448
1776372113013	S10_InterleavedOperations	3992345	PASSED	50	700	213	42	203	58	58	50	32	21	23	147	0	291342077	1044
1776372117998	S1_DepositRedeemMix	4002345	PASSED	50	1121	751	364	0	0	0	0	0	4	2	51	0	262618834	1090
1776372122934	S2_AsyncRedeemFullCycle	4002345	PASSED	50	524	56	0	353	50	50	0	0	9	6	151	0	300238806	990
1776372128839	S3_RebalanceSettlement	4002345	PASSED	50	1724	841	0	661	49	49	50	56	9	9	201	0	707236915	1976
1776372133064	S4_ExchangeRateFeeAccrual	4002345	PASSED	50	213	124	30	0	0	0	0	0	50	9	50	0	64277996	304
1776372138847	S5_SanctionedUserInterlace	4002345	PASSED	50	2288	1863	364	17	17	17	0	0	6	4	51	0	567889742	1817
1776372143299	S6_InFlightEdgeCases	4002345	PASSED	50	422	153	17	79	26	26	58	35	16	12	51	0	149763021	541
1776372148025	S7_FullProtocolEndurance	4002345	PASSED	15	990	565	142	207	15	15	15	12	15	4	17	0	249142949	813
1776372152330	S8_InvestSettlementEdge	4002345	PASSED	50	240	100	0	0	0	0	50	62	16	12	51	0	99610431	397
1776372157676	S9_MultiAdapterMix	4002345	PASSED	50	1487	888	0	376	48	48	50	55	9	13	102	0	486620040	1454
1776372162680	S10_InterleavedOperations	4002345	PASSED	50	708	217	38	210	58	58	50	37	19	21	146	0	297361215	1075
1776372167749	S1_DepositRedeemMix	4012345	PASSED	50	1197	803	388	0	0	0	0	0	4	2	51	0	279870781	1155
1776372172689	S2_AsyncRedeemFullCycle	4012345	PASSED	50	535	58	0	362	50	50	0	0	9	6	151	0	306514994	1010
1776372178708	S3_RebalanceSettlement	4012345	PASSED	50	1753	845	0	665	50	50	50	75	9	9	201	0	717825255	2104
1776372182913	S4_ExchangeRateFeeAccrual	4012345	PASSED	50	202	113	30	0	0	0	0	0	50	9	50	0	62775675	300
1776372188454	S5_SanctionedUserInterlace	4012345	PASSED	50	2064	1681	322	17	17	17	0	0	6	4	51	0	518799112	1650
1776372192856	S6_InFlightEdgeCases	4012345	PASSED	50	360	113	12	59	27	27	58	36	16	12	51	0	131824877	495
1776372197495	S7_FullProtocolEndurance	4012345	PASSED	15	826	457	111	182	15	15	15	12	15	4	17	0	209860467	693
1776372201813	S8_InvestSettlementEdge	4012345	PASSED	50	244	100	0	0	0	0	50	66	16	12	51	0	101091901	400
1776372207175	S9_MultiAdapterMix	4012345	PASSED	50	1463	854	0	385	50	50	50	52	9	13	102	0	483292269	1433
1776372212094	S10_InterleavedOperations	4012345	PASSED	50	644	173	36	192	58	58	50	35	20	22	147	0	280075585	1026
1776372217260	S1_DepositRedeemMix	4022345	PASSED	50	1364	896	462	0	0	0	0	0	4	2	51	0	320456020	1224
1776372222163	S2_AsyncRedeemFullCycle	4022345	PASSED	50	480	52	0	313	50	50	0	0	9	6	151	0	277841377	961
1776372228090	S3_RebalanceSettlement	4022345	PASSED	50	1780	896	0	659	50	50	50	57	9	9	201	0	717107861	2007
1776372232261	S4_ExchangeRateFeeAccrual	4022345	PASSED	50	161	94	8	0	0	0	0	0	50	9	50	0	56219189	266
1776372237989	S5_SanctionedUserInterlace	4022345	PASSED	50	2298	1864	373	17	17	17	0	0	6	4	51	0	574149799	1792
1776372242451	S6_InFlightEdgeCases	4022345	PASSED	50	469	181	16	85	28	28	58	45	16	12	51	0	159875626	568
1776372247080	S7_FullProtocolEndurance	4022345	PASSED	15	880	453	139	209	15	15	15	15	15	4	17	0	230766460	740
1776372251431	S8_InvestSettlementEdge	4022345	PASSED	50	242	100	0	0	0	0	50	64	16	12	51	0	100365715	399
1776372256760	S9_MultiAdapterMix	4022345	PASSED	50	1426	786	0	423	50	50	50	45	9	13	102	0	483517140	1413
1776372261812	S10_InterleavedOperations	4022345	PASSED	50	749	225	56	222	59	59	50	36	20	22	148	0	310107548	1115
1776372266955	S1_DepositRedeemMix	4032345	PASSED	50	1362	877	479	0	0	0	0	0	4	2	51	0	320517948	1210
1776372271844	S2_AsyncRedeemFullCycle	4032345	PASSED	50	473	54	0	304	50	50	0	0	9	6	151	0	273497730	975
1776372277737	S3_RebalanceSettlement	4032345	PASSED	50	1694	839	0	627	50	50	50	60	9	9	201	0	682629759	1965
1776372281931	S4_ExchangeRateFeeAccrual	4032345	PASSED	50	194	108	27	0	0	0	0	0	50	9	50	0	61371525	294
1776372287640	S5_SanctionedUserInterlace	4032345	PASSED	50	2263	1783	419	17	17	17	0	0	6	4	51	0	561720892	1774
1776372292113	S6_InFlightEdgeCases	4032345	PASSED	50	422	138	19	82	31	31	58	35	16	12	51	0	150742044	552
1776372296756	S7_FullProtocolEndurance	4032345	PASSED	15	838	421	140	201	15	15	15	12	15	4	17	0	218173486	708
1776372301041	S8_InvestSettlementEdge	4032345	PASSED	50	240	100	0	0	0	0	50	62	16	12	51	0	99387960	399
1776372306406	S9_MultiAdapterMix	4032345	PASSED	50	1478	855	0	405	48	48	50	50	9	13	102	0	495788244	1465
1776372311363	S10_InterleavedOperations	4032345	PASSED	50	688	213	54	179	59	59	50	30	21	23	149	0	282894158	1053
1776372316511	S1_DepositRedeemMix	4042345	PASSED	50	1387	913	468	0	0	0	0	0	4	2	51	0	325962923	1241
1776372321466	S2_AsyncRedeemFullCycle	4042345	PASSED	50	512	56	0	341	50	50	0	0	9	6	151	0	296575157	992
1776372327387	S3_RebalanceSettlement	4042345	PASSED	50	1697	818	0	649	49	49	50	64	9	9	201	0	693376813	1981
1776372331593	S4_ExchangeRateFeeAccrual	4042345	PASSED	50	186	113	14	0	0	0	0	0	50	9	50	0	60139207	288
1776372337341	S5_SanctionedUserInterlace	4042345	PASSED	50	2247	1843	343	17	17	17	0	0	6	4	51	0	557023724	1823
1776372341788	S6_InFlightEdgeCases	4042345	PASSED	50	400	142	15	67	26	26	58	38	16	12	51	0	142482731	534
1776372346392	S7_FullProtocolEndurance	4042345	PASSED	15	825	465	120	165	15	15	15	11	15	4	17	0	204413727	678
1776372350717	S8_InvestSettlementEdge	4042345	PASSED	50	243	100	0	0	0	0	50	65	16	12	51	0	100699042	397
1776372356040	S9_MultiAdapterMix	4042345	PASSED	50	1416	784	0	413	50	50	50	47	9	13	102	0	478945207	1421
1776372360989	S10_InterleavedOperations	4042345	PASSED	50	690	205	28	211	61	61	50	30	21	23	149	0	293131480	1050
1776372366112	S1_DepositRedeemMix	4052345	PASSED	50	1309	859	444	0	0	0	0	0	4	2	51	0	309271716	1212
1776372371059	S2_AsyncRedeemFullCycle	4052345	PASSED	50	553	60	0	380	49	49	0	0	9	6	151	0	317702177	1030
1776372376873	S3_RebalanceSettlement	4052345	PASSED	50	1662	859	0	571	48	48	50	68	9	9	201	0	657702164	1905
1776372381125	S4_ExchangeRateFeeAccrual	4052345	PASSED	50	220	139	22	0	0	0	0	0	50	9	50	0	65052892	306
1776372386815	S5_SanctionedUserInterlace	4052345	PASSED	50	2226	1742	426	16	16	16	0	0	6	4	51	0	551212009	1741
1776372391363	S6_InFlightEdgeCases	4052345	PASSED	50	437	155	13	92	29	29	58	33	16	12	51	0	153291192	566
1776372395919	S7_FullProtocolEndurance	4052345	PASSED	15	816	478	111	151	14	14	15	14	15	4	17	0	198344512	666
1776372400234	S8_InvestSettlementEdge	4052345	PASSED	50	245	100	0	0	0	0	50	67	16	12	51	0	101644927	399
1776372405639	S9_MultiAdapterMix	4052345	PASSED	50	1523	887	0	416	50	50	50	48	9	13	102	0	505869131	1483
1776372410555	S10_InterleavedOperations	4052345	PASSED	50	655	201	43	180	52	52	50	33	21	23	145	0	275599425	1006
1776372415674	S1_DepositRedeemMix	4062345	PASSED	50	1319	885	428	0	0	0	0	0	4	2	51	0	308950169	1186
1776372420520	S2_AsyncRedeemFullCycle	4062345	PASSED	50	476	52	0	309	50	50	0	0	9	6	151	0	276541961	934
1776372426389	S3_RebalanceSettlement	4062345	PASSED	50	1649	793	0	631	48	48	50	61	9	9	201	0	676827639	1927
1776372430560	S4_ExchangeRateFeeAccrual	4062345	PASSED	50	168	95	14	0	0	0	0	0	50	9	50	0	57480900	271
1776372436172	S5_SanctionedUserInterlace	4062345	PASSED	50	2069	1693	315	17	17	17	0	0	6	4	51	0	514495505	1661
1776372440602	S6_InFlightEdgeCases	4062345	PASSED	50	367	125	16	57	25	25	58	33	16	12	51	0	133327586	500
1776372445176	S7_FullProtocolEndurance	4062345	PASSED	15	821	457	135	155	15	15	15	10	15	4	17	0	200135048	682
1776372449521	S8_InvestSettlementEdge	4062345	PASSED	50	246	100	0	0	0	0	50	68	16	12	51	0	102084921	420
1776372454776	S9_MultiAdapterMix	4062345	PASSED	50	1329	716	0	398	49	49	50	45	9	13	102	0	452928674	1351
1776372459800	S10_InterleavedOperations	4062345	PASSED	50	730	224	60	210	56	56	50	32	20	22	146	0	300482065	1084
1776372464896	S1_DepositRedeemMix	4072345	PASSED	50	1271	826	439	0	0	0	0	0	4	2	51	0	298283645	1146
1776372469791	S2_AsyncRedeemFullCycle	4072345	PASSED	50	516	56	0	347	49	49	0	0	9	6	151	0	297105675	992
1776372475654	S3_RebalanceSettlement	4072345	PASSED	50	1665	856	0	586	49	49	50	57	9	9	201	0	660832402	1959
1776372479853	S4_ExchangeRateFeeAccrual	4072345	PASSED	50	201	114	28	0	0	0	0	0	50	9	50	0	62596935	294
1776372485545	S5_SanctionedUserInterlace	4072345	PASSED	50	2231	1795	375	17	17	17	0	0	6	4	51	0	562004442	1746
1776372490024	S6_InFlightEdgeCases	4072345	PASSED	50	407	145	18	83	25	25	58	25	16	12	51	0	143419562	536
1776372494646	S7_FullProtocolEndurance	4072345	PASSED	15	825	394	116	234	15	15	15	17	15	4	17	0	227990321	716
1776372498980	S8_InvestSettlementEdge	4072345	PASSED	50	244	100	0	0	0	0	50	66	16	12	51	0	101265552	398
1776372504392	S9_MultiAdapterMix	4072345	PASSED	50	1515	863	0	442	49	49	50	40	9	13	102	0	510599952	1491
1776372509381	S10_InterleavedOperations	4072345	PASSED	50	679	201	52	193	55	55	50	31	20	22	144	0	283610975	1050
1776372514539	S1_DepositRedeemMix	4082345	PASSED	50	1341	863	472	0	0	0	0	0	4	2	51	0	315504232	1265
1776372519479	S2_AsyncRedeemFullCycle	4082345	PASSED	50	517	58	0	346	49	49	0	0	9	6	151	0	298937035	1005
1776372525391	S3_RebalanceSettlement	4082345	PASSED	50	1750	790	0	727	49	49	50	67	9	9	201	0	736840010	2016
1776372529609	S4_ExchangeRateFeeAccrual	4082345	PASSED	50	218	129	30	0	0	0	0	0	50	9	50	0	65029190	318
1776372535244	S5_SanctionedUserInterlace	4082345	PASSED	50	2150	1696	393	17	17	17	0	0	6	4	51	0	530902936	1708
1776372539666	S6_InFlightEdgeCases	4082345	PASSED	50	412	149	11	84	26	26	58	30	16	12	51	0	146034831	536
1776372544409	S7_FullProtocolEndurance	4082345	PASSED	15	1005	575	134	216	15	15	15	16	15	4	17	0	257641637	817
1776372548774	S8_InvestSettlementEdge	4082345	PASSED	50	236	100	0	0	0	0	50	58	16	12	51	0	97952527	395
1776372554232	S9_MultiAdapterMix	4082345	PASSED	50	1590	888	0	489	50	50	50	41	9	13	102	0	545600049	1552
1776372559180	S10_InterleavedOperations	4082345	PASSED	50	673	207	45	183	56	56	50	34	20	22	147	0	281973220	1037
1776372564260	S1_DepositRedeemMix	4092345	PASSED	50	1224	799	419	0	0	0	0	0	4	2	51	0	287078493	1161
1776372569078	S2_AsyncRedeemFullCycle	4092345	PASSED	50	414	54	0	245	50	50	0	0	9	6	151	0	241558235	916
1776372575025	S3_RebalanceSettlement	4092345	PASSED	50	1768	899	0	633	50	50	50	68	9	9	201	0	706727121	2019
1776372579235	S4_ExchangeRateFeeAccrual	4092345	PASSED	50	215	132	24	0	0	0	0	0	50	9	50	0	64429396	304
1776372584853	S5_SanctionedUserInterlace	4092345	PASSED	50	2103	1658	384	17	17	17	0	0	6	4	51	0	516819694	1678
1776372589296	S6_InFlightEdgeCases	4092345	PASSED	50	375	120	13	70	27	27	58	32	16	12	51	0	138862710	522
1776372594014	S7_FullProtocolEndurance	4092345	PASSED	15	930	497	139	217	15	15	15	13	15	4	17	0	240846262	788
1776372598313	S8_InvestSettlementEdge	4092345	PASSED	50	237	100	0	0	0	0	50	59	16	12	51	0	98330766	394
1776372603684	S9_MultiAdapterMix	4092345	PASSED	50	1468	810	0	428	50	50	50	58	9	13	102	0	503129149	1443
1776372608614	S10_InterleavedOperations	4092345	PASSED	50	663	201	36	182	57	57	50	36	21	23	149	0	280809259	1016
1776372613677	S1_DepositRedeemMix	4102345	PASSED	50	1222	779	437	0	0	0	0	0	4	2	51	0	286820625	1152
1776372618558	S2_AsyncRedeemFullCycle	4102345	PASSED	50	485	52	0	318	50	50	0	0	9	6	151	0	280063137	943
1776372624395	S3_RebalanceSettlement	4102345	PASSED	50	1653	834	0	591	49	49	50	62	9	9	201	0	660046899	1912
1776372628616	S4_ExchangeRateFeeAccrual	4102345	PASSED	50	178	103	16	0	0	0	0	0	50	9	50	0	58849940	281
1776372634262	S5_SanctionedUserInterlace	4102345	PASSED	50	2163	1717	385	17	17	17	0	0	6	4	51	0	541677107	1723
1776372638682	S6_InFlightEdgeCases	4102345	PASSED	50	354	122	10	56	27	27	58	26	16	12	51	0	127055735	488
1776372643281	S7_FullProtocolEndurance	4102345	PASSED	15	839	437	154	169	15	15	15	15	15	4	17	0	209979999	696
1776372647593	S8_InvestSettlementEdge	4102345	PASSED	50	241	100	0	0	0	0	50	63	16	12	51	0	99883100	418
1776372652924	S9_MultiAdapterMix	4102345	PASSED	50	1423	752	0	450	48	48	50	53	9	13	102	0	494971825	1423
1776372657978	S10_InterleavedOperations	4102345	PASSED	50	739	228	44	221	57	57	50	38	21	23	146	0	307223125	1108
1776372663020	S1_DepositRedeemMix	4112345	PASSED	50	1239	839	394	0	0	0	0	0	4	2	51	0	291559455	1125
1776372667970	S2_AsyncRedeemFullCycle	4112345	PASSED	50	475	54	0	308	49	49	0	0	9	6	151	0	276737315	1057
1776372673988	S3_RebalanceSettlement	4112345	PASSED	50	1837	925	0	683	50	50	50	61	9	9	201	0	741679886	2096
1776372678189	S4_ExchangeRateFeeAccrual	4112345	PASSED	50	197	113	25	0	0	0	0	0	50	9	50	0	61812540	292
1776372683825	S5_SanctionedUserInterlace	4112345	PASSED	50	2206	1812	333	17	17	17	0	0	6	4	51	0	546334444	1729
1776372688249	S6_InFlightEdgeCases	4112345	PASSED	50	405	148	22	67	23	23	58	36	16	12	51	0	141598199	526
1776372692820	S7_FullProtocolEndurance	4112345	PASSED	15	803	436	107	183	15	15	15	13	15	4	17	0	205299054	667
1776372697142	S8_InvestSettlementEdge	4112345	PASSED	50	243	100	0	0	0	0	50	65	16	12	51	0	100781029	402
1776372702613	S9_MultiAdapterMix	4112345	PASSED	50	1611	885	0	510	50	50	50	44	9	13	102	0	558637761	1570
1776372707572	S10_InterleavedOperations	4112345	PASSED	50	712	224	43	209	55	55	50	34	20	22	144	0	296264063	1063
1776372712567	S1_DepositRedeemMix	4122345	PASSED	50	1140	738	396	0	0	0	0	0	4	2	51	0	267961864	1059
1776372717519	S2_AsyncRedeemFullCycle	4122345	PASSED	50	491	57	0	323	48	48	0	0	9	6	151	0	284923499	1023
1776372723404	S3_RebalanceSettlement	4122345	PASSED	50	1637	740	0	667	50	50	50	62	9	9	201	0	687324946	2014
1776372727610	S4_ExchangeRateFeeAccrual	4122345	PASSED	50	209	124	26	0	0	0	0	0	50	9	50	0	63867407	311
1776372733073	S5_SanctionedUserInterlace	4122345	PASSED	50	2006	1564	384	16	16	16	0	0	6	4	51	0	492703549	1601
1776372737519	S6_InFlightEdgeCases	4122345	PASSED	50	382	120	10	71	30	30	58	35	16	12	51	0	140696272	548
1776372742104	S7_FullProtocolEndurance	4122345	PASSED	15	834	443	141	174	15	15	15	12	15	4	17	0	209470233	696
1776372746440	S8_InvestSettlementEdge	4122345	PASSED	50	238	100	0	0	0	0	50	60	16	12	51	0	98657004	404
1776372751852	S9_MultiAdapterMix	4122345	PASSED	50	1515	901	0	400	49	49	50	44	9	13	102	0	496981639	1492
1776372756785	S10_InterleavedOperations	4122345	PASSED	50	649	182	36	194	53	53	50	37	21	23	145	0	280373595	1004
1776372761926	S1_DepositRedeemMix	4132345	PASSED	50	1322	862	454	0	0	0	0	0	4	2	51	0	310317165	1190
1776372766854	S2_AsyncRedeemFullCycle	4132345	PASSED	50	534	58	0	361	50	50	0	0	9	6	151	0	307212327	1006
1776372772757	S3_RebalanceSettlement	4132345	PASSED	50	1726	852	0	649	50	50	50	57	9	9	201	0	697886932	1992
1776372776984	S4_ExchangeRateFeeAccrual	4132345	PASSED	50	198	122	17	0	0	0	0	0	50	9	50	0	61653707	291
1776372782547	S5_SanctionedUserInterlace	4132345	PASSED	50	2066	1646	359	17	17	17	0	0	6	4	51	0	519830610	1668
1776372786915	S6_InFlightEdgeCases	4132345	PASSED	50	367	129	14	61	24	24	58	29	16	12	51	0	132841635	501
1776372791529	S7_FullProtocolEndurance	4132345	PASSED	15	918	558	119	161	15	15	15	16	15	4	17	0	221855471	746
1776372795849	S8_InvestSettlementEdge	4132345	PASSED	50	244	100	0	0	0	0	50	66	16	12	51	0	101127177	404
1776372801343	S9_MultiAdapterMix	4132345	PASSED	50	1573	927	0	430	49	49	50	46	9	13	102	0	523095546	1591
1776372806371	S10_InterleavedOperations	4132345	PASSED	50	757	236	44	231	61	61	50	30	21	23	149	0	312444627	1112
1776372811295	S1_DepositRedeemMix	4142345	PASSED	50	1068	698	364	0	0	0	0	0	4	2	51	0	251296848	1002
1776372816135	S2_AsyncRedeemFullCycle	4142345	PASSED	50	488	55	0	318	50	50	0	0	9	6	151	0	281178224	964
1776372822075	S3_RebalanceSettlement	4142345	PASSED	50	1761	877	0	648	50	50	50	68	9	9	201	0	711603879	1999
1776372826272	S4_ExchangeRateFeeAccrual	4142345	PASSED	50	183	105	19	0	0	0	0	0	50	9	50	0	59482448	282
1776372831805	S5_SanctionedUserInterlace	4142345	PASSED	50	2071	1665	345	17	17	17	0	0	6	4	51	0	510602657	1637
1776372836239	S6_InFlightEdgeCases	4142345	PASSED	50	394	132	9	78	27	27	58	35	16	12	51	0	142622546	519
1776372841034	S7_FullProtocolEndurance	4142345	PASSED	15	1041	519	168	280	15	15	15	10	15	4	17	0	284682911	859
1776372845367	S8_InvestSettlementEdge	4142345	PASSED	50	246	100	0	0	0	0	50	68	16	12	51	0	102094563	408
1776372850800	S9_MultiAdapterMix	4142345	PASSED	50	1507	824	0	463	48	48	50	52	9	13	102	0	520682212	1504
1776372855745	S10_InterleavedOperations	4142345	PASSED	50	668	182	37	202	58	58	50	37	21	23	147	0	287520732	1042
1776372860801	S1_DepositRedeemMix	4152345	PASSED	50	1256	817	433	0	0	0	0	0	4	2	51	0	294255024	1138
1776372865718	S2_AsyncRedeemFullCycle	4152345	PASSED	50	492	56	0	321	50	50	0	0	9	6	151	0	283641205	1009
1776372871606	S3_RebalanceSettlement	4152345	PASSED	50	1685	760	0	695	50	50	50	62	9	9	201	0	706088793	1975
1776372875771	S4_ExchangeRateFeeAccrual	4152345	PASSED	50	159	87	13	0	0	0	0	0	50	9	50	0	55946936	265
1776372881408	S5_SanctionedUserInterlace	4152345	PASSED	50	2193	1781	351	17	17	17	0	0	6	4	51	0	543940964	1724
1776372885845	S6_InFlightEdgeCases	4152345	PASSED	50	383	131	29	61	24	24	58	28	16	12	51	0	133728744	521
1776372890383	S7_FullProtocolEndurance	4152345	PASSED	15	795	426	114	181	15	15	15	10	15	4	17	0	202586140	667
1776372894676	S8_InvestSettlementEdge	4152345	PASSED	50	243	100	0	0	0	0	50	65	16	12	51	0	100863061	398
1776372900155	S9_MultiAdapterMix	4152345	PASSED	50	1606	912	0	474	48	48	50	52	9	13	102	0	548998674	1569
1776372905174	S10_InterleavedOperations	4152345	PASSED	50	754	238	46	227	60	60	50	31	20	22	148	0	311673681	1117
1776372910352	S1_DepositRedeemMix	4162345	PASSED	50	1380	888	486	0	0	0	0	0	4	2	51	0	326629556	1269
1776372915198	S2_AsyncRedeemFullCycle	4162345	PASSED	50	454	52	0	289	49	49	0	0	9	6	151	0	264151267	923
1776372921132	S3_RebalanceSettlement	4162345	PASSED	50	1691	756	0	709	50	50	50	58	9	9	201	0	710001472	1988
1776372925421	S4_ExchangeRateFeeAccrual	4162345	PASSED	50	249	151	39	0	0	0	0	0	50	9	50	0	69955565	344
1776372931043	S5_SanctionedUserInterlace	4162345	PASSED	50	2184	1743	380	17	17	17	0	0	6	4	51	0	533535572	1716
1776372935529	S6_InFlightEdgeCases	4162345	PASSED	50	384	132	12	75	25	25	58	29	16	12	51	0	137955842	562
1776372940266	S7_FullProtocolEndurance	4162345	PASSED	15	945	508	159	199	15	15	15	15	15	4	17	0	240194772	802
1776372944567	S8_InvestSettlementEdge	4162345	PASSED	50	242	100	0	0	0	0	50	64	16	12	51	0	100288307	404
1776372949964	S9_MultiAdapterMix	4162345	PASSED	50	1472	813	0	443	50	50	50	44	9	13	102	0	500991949	1484
1776372954958	S10_InterleavedOperations	4162345	PASSED	50	704	213	43	214	55	55	50	32	20	22	144	0	296061662	1055
1776372960002	S1_DepositRedeemMix	4172345	PASSED	50	1227	809	412	0	0	0	0	0	4	2	51	0	287309146	1126
1776372964977	S2_AsyncRedeemFullCycle	4172345	PASSED	50	491	54	0	322	50	50	0	0	9	6	151	0	285601835	1015
1776372971084	S3_RebalanceSettlement	4172345	PASSED	50	1876	893	0	753	50	50	50	62	9	9	201	0	781598392	2204
1776372975281	S4_ExchangeRateFeeAccrual	4172345	PASSED	50	181	107	15	0	0	0	0	0	50	9	50	0	59295192	284
1776372980908	S5_SanctionedUserInterlace	4172345	PASSED	50	2175	1736	378	17	17	17	0	0	6	4	51	0	542794102	1731
1776372985341	S6_InFlightEdgeCases	4172345	PASSED	50	396	136	10	77	28	28	58	31	16	12	51	0	142085739	533
1776372990014	S7_FullProtocolEndurance	4172345	PASSED	15	899	541	114	167	15	15	15	13	15	4	17	0	218210369	728
1776372994360	S8_InvestSettlementEdge	4172345	PASSED	50	236	100	0	0	0	0	50	58	16	12	51	0	97863676	396
1776372999859	S9_MultiAdapterMix	4172345	PASSED	50	1633	951	0	455	49	49	50	57	9	13	102	0	549926838	1589
1776373004910	S10_InterleavedOperations	4172345	PASSED	50	665	191	38	198	56	56	50	32	21	23	146	0	283919987	1074
1776373009825	S1_DepositRedeemMix	4182345	PASSED	50	1041	706	329	0	0	0	0	0	4	2	51	0	244689476	1009
1776373014717	S2_AsyncRedeemFullCycle	4182345	PASSED	50	487	54	0	320	49	49	0	0	9	6	151	0	281752302	947
1776373020655	S3_RebalanceSettlement	4182345	PASSED	50	1772	865	0	678	49	49	50	63	9	9	201	0	724722413	2027
1776373024816	S4_ExchangeRateFeeAccrual	4182345	PASSED	50	162	91	12	0	0	0	0	0	50	9	50	0	56581009	266
1776373030272	S5_SanctionedUserInterlace	4182345	PASSED	50	1947	1555	331	17	17	17	0	0	6	4	51	0	481863023	1579
1776373034799	S6_InFlightEdgeCases	4182345	PASSED	50	450	175	19	81	26	26	58	37	16	12	51	0	151179682	575
1776373039427	S7_FullProtocolEndurance	4182345	PASSED	15	850	503	96	175	15	15	15	12	15	4	17	0	211280105	708
1776373043742	S8_InvestSettlementEdge	4182345	PASSED	50	244	100	0	0	0	0	50	66	16	12	51	0	101098491	411
1776373049130	S9_MultiAdapterMix	4182345	PASSED	50	1458	806	0	442	49	49	50	40	9	13	102	0	496369253	1462
1776373054163	S10_InterleavedOperations	4182345	PASSED	50	773	249	44	229	60	60	50	37	21	23	150	0	318307539	1126
1776373059172	S1_DepositRedeemMix	4192345	PASSED	50	1177	776	395	0	0	0	0	0	4	2	51	0	276033654	1094
1776373063960	S2_AsyncRedeemFullCycle	4192345	PASSED	50	431	53	0	269	47	47	0	0	9	6	151	0	253485357	891
1776373069843	S3_RebalanceSettlement	4192345	PASSED	50	1695	830	0	637	47	47	50	66	9	9	201	0	689311938	1962
1776373074068	S4_ExchangeRateFeeAccrual	4192345	PASSED	50	217	134	24	0	0	0	0	0	50	9	50	0	64801514	306
1776373079689	S5_SanctionedUserInterlace	4192345	PASSED	50	2087	1700	326	17	17	17	0	0	6	4	51	0	519395176	1714
1776373084138	S6_InFlightEdgeCases	4192345	PASSED	50	416	148	11	77	30	30	58	34	16	12	51	0	147686904	534
1776373088667	S7_FullProtocolEndurance	4192345	PASSED	15	767	416	99	174	15	15	15	14	15	4	17	0	197083158	639
1776373093025	S8_InvestSettlementEdge	4192345	PASSED	50	243	100	0	0	0	0	50	65	16	12	51	0	100725377	402
1776373098434	S9_MultiAdapterMix	4192345	PASSED	50	1526	863	0	442	49	49	50	51	9	13	102	0	517131981	1489
1776373103393	S10_InterleavedOperations	4192345	PASSED	50	653	196	41	176	57	57	50	34	20	22	147	0	276257374	1020
1776373108542	S1_DepositRedeemMix	4202345	PASSED	50	1322	855	461	0	0	0	0	0	4	2	51	0	310544660	1185
1776373113509	S2_AsyncRedeemFullCycle	4202345	PASSED	50	524	61	0	350	49	49	0	0	9	6	151	0	300996473	1016
1776373119511	S3_RebalanceSettlement	4202345	PASSED	50	1802	892	0	676	50	50	50	66	9	9	201	0	731086132	2075
1776373123742	S4_ExchangeRateFeeAccrual	4202345	PASSED	50	195	113	23	0	0	0	0	0	50	9	50	0	61388349	292
1776373129336	S5_SanctionedUserInterlace	4202345	PASSED	50	2110	1734	315	17	17	17	0	0	6	4	51	0	520282401	1688
1776373133780	S6_InFlightEdgeCases	4202345	PASSED	50	399	132	7	81	30	30	58	33	16	12	51	0	143451623	526
1776373138477	S7_FullProtocolEndurance	4202345	PASSED	15	901	513	140	172	15	15	15	12	15	4	17	0	221457807	730
1776373142784	S8_InvestSettlementEdge	4202345	PASSED	50	240	100	0	0	0	0	50	62	16	12	51	0	99597436	399
1776373148127	S9_MultiAdapterMix	4202345	PASSED	50	1339	671	0	444	49	49	50	54	9	13	102	0	475840903	1437
1776373153038	S10_InterleavedOperations	4202345	PASSED	50	623	198	34	157	56	56	50	28	21	23	149	0	262725951	994
1776373157963	S1_DepositRedeemMix	4212345	PASSED	50	1029	686	337	0	0	0	0	0	4	2	51	0	242221465	994
1776373162856	S2_AsyncRedeemFullCycle	4212345	PASSED	50	508	54	0	339	50	50	0	0	9	6	151	0	293221318	970
1776373168727	S3_RebalanceSettlement	4212345	PASSED	50	1634	765	0	639	50	50	50	62	9	9	201	0	672320075	1953
1776373172955	S4_ExchangeRateFeeAccrual	4212345	PASSED	50	210	126	25	0	0	0	0	0	50	9	50	0	63900922	302
1776373178507	S5_SanctionedUserInterlace	4212345	PASSED	50	2078	1694	323	17	17	17	0	0	6	4	51	0	509646633	1657
1776373182959	S6_InFlightEdgeCases	4212345	PASSED	50	384	125	19	73	25	25	58	31	16	12	51	0	139360957	515
1776373187612	S7_FullProtocolEndurance	4212345	PASSED	15	874	480	103	215	15	15	15	12	15	4	17	0	228440483	743
1776373191913	S8_InvestSettlementEdge	4212345	PASSED	50	246	100	0	0	0	0	50	68	16	12	51	0	101891631	401
1776373197297	S9_MultiAdapterMix	4212345	PASSED	50	1417	805	0	391	50	50	50	49	9	13	102	0	472256172	1465
1776373202207	S10_InterleavedOperations	4212345	PASSED	50	651	191	40	183	58	58	50	27	21	23	146	0	275761728	1014
1776373207297	S1_DepositRedeemMix	4222345	PASSED	50	1283	849	428	0	0	0	0	0	4	2	51	0	303764299	1170
1776373212231	S2_AsyncRedeemFullCycle	4222345	PASSED	50	535	55	0	365	50	50	0	0	9	6	151	0	309733428	1031
1776373218131	S3_RebalanceSettlement	4222345	PASSED	50	1825	992	0	598	49	49	50	69	9	9	201	0	713884408	2008
1776373222321	S4_ExchangeRateFeeAccrual	4222345	PASSED	50	186	109	18	0	0	0	0	0	50	9	50	0	60262516	283
1776373227960	S5_SanctionedUserInterlace	4222345	PASSED	50	2192	1688	443	17	17	17	0	0	6	4	51	0	546476350	1730
1776373232519	S6_InFlightEdgeCases	4222345	PASSED	50	462	167	21	98	27	27	58	36	16	12	51	0	159945861	592
1776373237199	S7_FullProtocolEndurance	4222345	PASSED	15	957	544	132	203	15	15	15	14	15	4	17	0	242970166	774
1776373241537	S8_InvestSettlementEdge	4222345	PASSED	50	242	100	0	0	0	0	50	64	16	12	51	0	100180197	417
1776373246985	S9_MultiAdapterMix	4222345	PASSED	50	1580	925	0	436	49	49	50	49	9	13	102	0	530332509	1524
1776373251953	S10_InterleavedOperations	4222345	PASSED	50	664	184	50	191	57	57	50	31	21	23	147	0	282338461	1029
1776373256984	S1_DepositRedeemMix	4232345	PASSED	50	1213	818	389	0	0	0	0	0	4	2	51	0	284468248	1106
1776373261913	S2_AsyncRedeemFullCycle	4232345	PASSED	50	504	56	0	335	49	49	0	0	9	6	151	0	293430377	1020
1776373267905	S3_RebalanceSettlement	4232345	PASSED	50	1839	906	0	703	48	48	50	66	9	9	201	0	761502263	2075
1776373272126	S4_ExchangeRateFeeAccrual	4232345	PASSED	50	197	116	22	0	0	0	0	0	50	9	50	0	61968961	292
1776373277833	S5_SanctionedUserInterlace	4232345	PASSED	50	2144	1740	343	17	17	17	0	0	6	4	51	0	536790182	1797
1776373282325	S6_InFlightEdgeCases	4232345	PASSED	50	399	149	12	76	26	26	58	24	16	12	51	0	141757389	546
1776373287045	S7_FullProtocolEndurance	4232345	PASSED	15	994	601	140	177	15	15	15	12	15	4	17	0	241308123	793
1776373291396	S8_InvestSettlementEdge	4232345	PASSED	50	246	100	0	0	0	0	50	68	16	12	51	0	102157381	414
1776373296947	S9_MultiAdapterMix	4232345	PASSED	50	1541	853	0	469	49	49	50	49	9	13	102	0	532117693	1629
1776373301923	S10_InterleavedOperations	4232345	PASSED	50	640	173	39	198	54	54	50	28	21	23	143	0	277254730	1006
1776373307035	S1_DepositRedeemMix	4242345	PASSED	50	1287	828	453	0	0	0	0	0	4	2	51	0	304301999	1166
1776373311889	S2_AsyncRedeemFullCycle	4242345	PASSED	50	460	53	0	296	48	48	0	0	9	6	151	0	267308198	928
1776373317767	S3_RebalanceSettlement	4242345	PASSED	50	1666	796	0	635	50	50	50	67	9	9	201	0	684282020	1948
1776373322007	S4_ExchangeRateFeeAccrual	4242345	PASSED	50	224	136	29	0	0	0	0	0	50	9	50	0	66361184	312
1776373327742	S5_SanctionedUserInterlace	4242345	PASSED	50	2305	1864	380	17	17	17	0	0	6	4	51	0	589483105	1842
1776373332179	S6_InFlightEdgeCases	4242345	PASSED	50	420	148	18	86	26	26	58	30	16	12	51	0	148408274	543
1776373336821	S7_FullProtocolEndurance	4242345	PASSED	15	850	485	100	188	15	15	15	13	15	4	17	0	216935103	722
1776373341137	S8_InvestSettlementEdge	4242345	PASSED	50	241	100	0	0	0	0	50	63	16	12	51	0	100024808	403
1776373346503	S9_MultiAdapterMix	4242345	PASSED	50	1478	831	0	418	50	50	50	57	9	13	102	0	502010338	1454
1776373351511	S10_InterleavedOperations	4242345	PASSED	50	707	219	37	215	55	55	50	32	21	23	146	0	298542739	1065
1776373356646	S1_DepositRedeemMix	4252345	PASSED	50	1216	816	394	0	0	0	0	0	4	2	51	0	286374225	1205
1776373361576	S2_AsyncRedeemFullCycle	4252345	PASSED	50	525	56	0	354	50	50	0	0	9	6	151	0	303457036	1004
1776373367562	S3_RebalanceSettlement	4252345	PASSED	50	1705	831	0	640	49	49	50	68	9	9	201	0	697375124	1978
1776373371793	S4_ExchangeRateFeeAccrual	4252345	PASSED	50	174	103	12	0	0	0	0	0	50	9	50	0	58330555	277
1776373377475	S5_SanctionedUserInterlace	4252345	PASSED	50	2216	1776	382	16	16	16	0	0	6	4	51	0	556517483	1770
1776373381939	S6_InFlightEdgeCases	4252345	PASSED	50	390	134	13	69	26	26	58	36	16	12	51	0	141146763	521
1776373386650	S7_FullProtocolEndurance	4252345	PASSED	15	981	573	116	214	14	14	15	16	15	4	17	0	253123971	800
1776373390961	S8_InvestSettlementEdge	4252345	PASSED	50	246	100	0	0	0	0	50	68	16	12	51	0	102062529	398
1776373396284	S9_MultiAdapterMix	4252345	PASSED	50	1423	790	0	411	50	50	50	50	9	13	102	0	483173071	1424
1776373401332	S10_InterleavedOperations	4252345	PASSED	50	710	202	44	214	60	60	50	36	21	23	151	0	301731919	1083
1776373406315	S1_DepositRedeemMix	4262345	PASSED	50	1103	726	371	0	0	0	0	0	4	2	51	0	260364014	1072
1776373411158	S2_AsyncRedeemFullCycle	4262345	PASSED	50	457	53	0	289	50	50	0	0	9	6	151	0	265773353	926
1776373416885	S3_RebalanceSettlement	4262345	PASSED	50	1557	790	0	547	49	49	50	54	9	9	201	0	620917956	1827
1776373421096	S4_ExchangeRateFeeAccrual	4262345	PASSED	50	217	131	27	0	0	0	0	0	50	9	50	0	64851864	307
1776373426678	S5_SanctionedUserInterlace	4262345	PASSED	50	2100	1721	318	17	17	17	0	0	6	4	51	0	519805176	1665
1776373431153	S6_InFlightEdgeCases	4262345	PASSED	50	418	143	11	86	28	28	58	36	16	12	51	0	148926100	552
1776373435743	S7_FullProtocolEndurance	4262345	PASSED	15	816	440	117	179	15	15	15	16	15	4	17	0	208885674	686
1776373440042	S8_InvestSettlementEdge	4262345	PASSED	50	242	100	0	0	0	0	50	64	16	12	51	0	100433901	397
1776373445469	S9_MultiAdapterMix	4262345	PASSED	50	1565	918	0	430	50	50	50	45	9	13	102	0	526733984	1518
1776373450386	S10_InterleavedOperations	4262345	PASSED	50	642	195	36	170	60	60	50	27	21	23	150	0	271205076	1006
1776373455387	S1_DepositRedeemMix	4272345	PASSED	50	1131	759	366	0	0	0	0	0	4	2	51	0	266181384	1049
1776373460313	S2_AsyncRedeemFullCycle	4272345	PASSED	50	528	57	0	358	49	49	0	0	9	6	151	0	301863071	999
1776373466166	S3_RebalanceSettlement	4272345	PASSED	50	1672	788	0	652	50	50	50	64	9	9	201	0	691609382	1943
1776373470422	S4_ExchangeRateFeeAccrual	4272345	PASSED	50	199	117	23	0	0	0	0	0	50	9	50	0	62225632	307
1776373475974	S5_SanctionedUserInterlace	4272345	PASSED	50	2057	1712	284	17	17	17	0	0	6	4	51	0	509579602	1646
1776373480412	S6_InFlightEdgeCases	4272345	PASSED	50	395	132	22	69	26	26	58	34	16	12	51	0	141133803	522
1776373485063	S7_FullProtocolEndurance	4272345	PASSED	15	869	445	112	241	15	15	15	7	15	4	17	0	236095876	733
1776373489375	S8_InvestSettlementEdge	4272345	PASSED	50	242	100	0	0	0	0	50	64	16	12	51	0	100462479	420
1776373494849	S9_MultiAdapterMix	4272345	PASSED	50	1578	838	0	526	48	48	50	46	9	13	102	0	559911054	1554
1776373499892	S10_InterleavedOperations	4272345	PASSED	50	735	230	51	212	58	58	50	32	21	23	148	0	303336715	1096
1776373505002	S1_DepositRedeemMix	4282345	PASSED	50	1369	890	473	0	0	0	0	0	4	2	51	0	326601352	1218
1776373510000	S2_AsyncRedeemFullCycle	4282345	PASSED	50	555	55	0	385	50	50	0	0	9	6	151	0	319047101	1062
1776373515956	S3_RebalanceSettlement	4282345	PASSED	50	1791	972	0	587	50	50	50	64	9	9	201	0	700364895	2013
1776373520173	S4_ExchangeRateFeeAccrual	4282345	PASSED	50	198	121	18	0	0	0	0	0	50	9	50	0	62039792	292
1776373525736	S5_SanctionedUserInterlace	4282345	PASSED	50	2008	1618	329	17	17	17	0	0	6	4	51	0	494149135	1629
1776373530176	S6_InFlightEdgeCases	4282345	PASSED	50	397	141	16	74	25	25	58	30	16	12	51	0	142854476	526
1776373534862	S7_FullProtocolEndurance	4282345	PASSED	15	901	476	111	238	15	15	15	12	15	4	17	0	242823037	750
1776373539208	S8_InvestSettlementEdge	4282345	PASSED	50	241	100	0	0	0	0	50	63	16	12	51	0	100001911	401
1776373544661	S9_MultiAdapterMix	4282345	PASSED	50	1569	859	0	502	50	50	50	36	9	13	102	0	545727124	1554
1776373549646	S10_InterleavedOperations	4282345	PASSED	50	678	201	40	204	55	55	50	29	21	23	146	0	288436104	1059
1776373554623	S1_DepositRedeemMix	4292345	PASSED	50	1137	757	374	0	0	0	0	0	4	2	51	0	268093551	1050
1776373559521	S2_AsyncRedeemFullCycle	4292345	PASSED	50	506	58	0	333	50	50	0	0	9	6	151	0	290867824	975
1776373565383	S3_RebalanceSettlement	4292345	PASSED	50	1714	852	0	633	50	50	50	61	9	9	201	0	698795618	1957
1776373569606	S4_ExchangeRateFeeAccrual	4292345	PASSED	50	191	111	21	0	0	0	0	0	50	9	50	0	61124896	293
1776373575234	S5_SanctionedUserInterlace	4292345	PASSED	50	2161	1744	356	17	17	17	0	0	6	4	51	0	536499533	1706
1776373579718	S6_InFlightEdgeCases	4292345	PASSED	50	366	110	8	75	27	27	58	33	16	12	51	0	138525874	519
1776373584303	S7_FullProtocolEndurance	4292345	PASSED	15	782	432	114	165	15	15	15	7	15	4	17	0	195998485	651
1776373588622	S8_InvestSettlementEdge	4292345	PASSED	50	241	100	0	0	0	0	50	63	16	12	51	0	99894100	399
1776373593938	S9_MultiAdapterMix	4292345	PASSED	50	1363	788	0	359	50	50	50	44	9	13	102	0	450043245	1372
1776373598966	S10_InterleavedOperations	4292345	PASSED	50	748	228	50	228	59	59	50	30	21	23	149	0	311437254	1095
1776373604067	S1_DepositRedeemMix	4302345	PASSED	50	1208	802	400	0	0	0	0	0	4	2	51	0	284828501	1157
1776373608899	S2_AsyncRedeemFullCycle	4302345	PASSED	50	468	54	0	299	50	50	0	0	9	6	151	0	272336360	925
1776373614795	S3_RebalanceSettlement	4302345	PASSED	50	1663	804	0	625	50	50	50	66	9	9	201	0	680118010	1965
1776373618964	S4_ExchangeRateFeeAccrual	4302345	PASSED	50	174	101	14	0	0	0	0	0	50	9	50	0	58510213	273
1776373624686	S5_SanctionedUserInterlace	4302345	PASSED	50	2335	1888	386	17	17	17	0	0	6	4	51	0	600147141	1830
1776373629123	S6_InFlightEdgeCases	4302345	PASSED	50	385	132	15	63	28	28	58	33	16	12	51	0	137242222	524
1776373633781	S7_FullProtocolEndurance	4302345	PASSED	15	926	541	117	192	15	15	15	12	15	4	17	0	232617422	760
1776373638077	S8_InvestSettlementEdge	4302345	PASSED	50	244	100	0	0	0	0	50	66	16	12	51	0	101293090	399
1776373643432	S9_MultiAdapterMix	4302345	PASSED	50	1410	795	0	402	50	50	50	41	9	13	102	0	475207437	1417
1776373648365	S10_InterleavedOperations	4302345	PASSED	50	644	183	45	187	54	54	50	27	21	23	145	0	275312974	1006
1776373653407	S1_DepositRedeemMix	4312345	PASSED	50	1182	780	396	0	0	0	0	0	4	2	51	0	278554680	1106
1776373658294	S2_AsyncRedeemFullCycle	4312345	PASSED	50	512	59	0	338	50	50	0	0	9	6	151	0	294109680	978
1776373664275	S3_RebalanceSettlement	4312345	PASSED	50	1804	950	0	627	50	50	50	59	9	9	201	0	715573991	2034
1776373668588	S4_ExchangeRateFeeAccrual	4312345	PASSED	50	243	158	26	0	0	0	0	0	50	9	50	0	69011108	338
1776373674278	S5_SanctionedUserInterlace	4312345	PASSED	50	2175	1780	334	17	17	17	0	0	6	4	51	0	543157448	1797
1776373678770	S6_InFlightEdgeCases	4312345	PASSED	50	412	140	22	77	27	27	58	33	16	12	51	0	145224235	540
1776373683418	S7_FullProtocolEndurance	4312345	PASSED	15	870	479	128	187	15	15	15	12	15	4	17	0	222384315	731
1776373687715	S8_InvestSettlementEdge	4312345	PASSED	50	242	100	0	0	0	0	50	64	16	12	51	0	100497861	401
1776373693154	S9_MultiAdapterMix	4312345	PASSED	50	1546	885	0	437	50	50	50	52	9	13	102	0	523672574	1507
1776373698180	S10_InterleavedOperations	4312345	PASSED	50	686	214	33	196	58	58	50	35	20	22	148	0	289419186	1103
1776373703083	S1_DepositRedeemMix	4322345	PASSED	50	1035	686	343	0	0	0	0	0	4	2	51	0	245107086	979
1776373708079	S2_AsyncRedeemFullCycle	4322345	PASSED	50	532	58	0	361	49	49	0	0	9	6	151	0	306528078	1091
1776373713826	S3_RebalanceSettlement	4322345	PASSED	50	1554	816	0	503	50	50	50	67	9	9	201	0	607618280	1830
1776373718012	S4_ExchangeRateFeeAccrual	4322345	PASSED	50	168	95	14	0	0	0	0	0	50	9	50	0	57189105	283
1776373723671	S5_SanctionedUserInterlace	4322345	PASSED	50	2147	1738	348	17	17	17	0	0	6	4	51	0	531798456	1744
1776373728116	S6_InFlightEdgeCases	4322345	PASSED	50	406	142	13	76	29	29	58	31	16	12	51	0	143303596	546
1776373732798	S7_FullProtocolEndurance	4322345	PASSED	15	924	498	158	193	15	15	15	11	15	4	17	0	232981528	756
1776373737138	S8_InvestSettlementEdge	4322345	PASSED	50	240	100	0	0	0	0	50	62	16	12	51	0	99603984	402
1776373742504	S9_MultiAdapterMix	4322345	PASSED	50	1491	838	0	434	50	50	50	47	9	13	102	0	509829860	1470
1776373747467	S10_InterleavedOperations	4322345	PASSED	50	656	178	32	204	58	58	50	32	21	23	148	0	286954273	1055
1776373752506	S1_DepositRedeemMix	4332345	PASSED	50	1279	849	424	0	0	0	0	0	4	2	51	0	301665966	1146
1776373757398	S2_AsyncRedeemFullCycle	4332345	PASSED	50	467	52	0	300	50	50	0	0	9	6	151	0	271692227	976
1776373763229	S3_RebalanceSettlement	4332345	PASSED	50	1610	785	0	600	49	49	50	59	9	9	201	0	655132942	1902
1776373767447	S4_ExchangeRateFeeAccrual	4332345	PASSED	50	208	120	29	0	0	0	0	0	50	9	50	0	63518189	324
1776373773049	S5_SanctionedUserInterlace	4332345	PASSED	50	2149	1664	424	17	17	17	0	0	6	4	51	0	534673133	1698
1776373777543	S6_InFlightEdgeCases	4332345	PASSED	50	389	125	21	71	26	26	58	34	16	12	51	0	142849188	552
1776373782286	S7_FullProtocolEndurance	4332345	PASSED	15	1020	562	168	210	15	15	15	16	15	4	17	0	260095982	824
1776373786591	S8_InvestSettlementEdge	4332345	PASSED	50	244	100	0	0	0	0	50	66	16	12	51	0	101277674	402
1776373791971	S9_MultiAdapterMix	4332345	PASSED	50	1478	883	0	378	49	49	50	47	9	13	102	0	485067721	1449
1776373796931	S10_InterleavedOperations	4332345	PASSED	50	669	205	34	195	58	58	50	25	21	23	148	0	282963726	1023
1776373801973	S1_DepositRedeemMix	4342345	PASSED	50	1215	779	430	0	0	0	0	0	4	2	51	0	286997110	1149
1776373806814	S2_AsyncRedeemFullCycle	4342345	PASSED	50	468	56	0	299	49	49	0	0	9	6	151	0	273771735	935
1776373812692	S3_RebalanceSettlement	4342345	PASSED	50	1731	900	0	612	48	48	50	55	9	9	201	0	686550061	1963
1776373816927	S4_ExchangeRateFeeAccrual	4342345	PASSED	50	199	112	28	0	0	0	0	0	50	9	50	0	62350006	293
1776373822478	S5_SanctionedUserInterlace	4342345	PASSED	50	1986	1569	356	17	17	17	0	0	6	4	51	0	488244770	1613
1776373826933	S6_InFlightEdgeCases	4342345	PASSED	50	389	128	15	69	26	26	58	39	16	12	51	0	139914447	514
1776373831666	S7_FullProtocolEndurance	4342345	PASSED	15	975	588	141	168	15	15	15	14	15	4	17	0	234620681	809
1776373835981	S8_InvestSettlementEdge	4342345	PASSED	50	243	100	0	0	0	0	50	65	16	12	51	0	100765964	400
1776373841515	S9_MultiAdapterMix	4342345	PASSED	50	1654	974	0	462	50	50	50	46	9	13	102	0	553555943	1590
1776373846451	S10_InterleavedOperations	4342345	PASSED	50	607	165	25	180	56	56	50	31	21	23	144	0	266089602	974
1776373851422	S1_DepositRedeemMix	4352345	PASSED	50	1096	701	389	0	0	0	0	0	4	2	51	0	257893053	1029
1776373856334	S2_AsyncRedeemFullCycle	4352345	PASSED	50	537	57	0	365	50	50	0	0	9	6	151	0	308580513	1018
1776373862380	S3_RebalanceSettlement	4352345	PASSED	50	1840	858	0	744	50	50	50	70	9	9	201	0	772744315	2101
1776373866604	S4_ExchangeRateFeeAccrual	4352345	PASSED	50	213	131	23	0	0	0	0	0	50	9	50	0	64301947	302
1776373872208	S5_SanctionedUserInterlace	4352345	PASSED	50	2134	1728	345	17	17	17	0	0	6	4	51	0	531547618	1696
1776373876661	S6_InFlightEdgeCases	4352345	PASSED	50	388	132	18	68	23	23	58	38	16	12	51	0	138711780	512
1776373881340	S7_FullProtocolEndurance	4352345	PASSED	15	892	468	139	210	15	15	15	11	15	4	17	0	231168016	752
1776373885676	S8_InvestSettlementEdge	4352345	PASSED	50	248	100	0	0	0	0	50	70	16	12	51	0	102973375	414
1776373891014	S9_MultiAdapterMix	4352345	PASSED	50	1437	747	0	473	50	50	50	45	9	13	102	0	502265355	1435
1776373895957	S10_InterleavedOperations	4352345	PASSED	50	641	199	36	172	55	55	50	30	21	23	144	0	269351892	1007
1776373901252	S1_DepositRedeemMix	4362345	PASSED	50	1452	964	482	0	0	0	0	0	4	2	51	0	341911678	1333
1776373906181	S2_AsyncRedeemFullCycle	4362345	PASSED	50	510	55	0	340	50	50	0	0	9	6	151	0	293964593	974
1776373912024	S3_RebalanceSettlement	4362345	PASSED	50	1658	861	0	577	50	50	50	52	9	9	201	0	652103102	1903
1776373916283	S4_ExchangeRateFeeAccrual	4362345	PASSED	50	238	154	25	0	0	0	0	0	50	9	50	0	68042060	316
1776373921938	S5_SanctionedUserInterlace	4362345	PASSED	50	2120	1758	301	17	17	17	0	0	6	4	51	0	525722773	1732
1776373926405	S6_InFlightEdgeCases	4362345	PASSED	50	447	185	9	84	27	27	58	29	16	12	51	0	150455621	553
1776373931083	S7_FullProtocolEndurance	4362345	PASSED	15	976	549	139	207	15	15	15	17	15	4	17	0	248887490	792
1776373935413	S8_InvestSettlementEdge	4362345	PASSED	50	241	100	0	0	0	0	50	63	16	12	51	0	99998965	410
1776373940853	S9_MultiAdapterMix	4362345	PASSED	50	1510	882	0	408	49	49	50	50	9	13	102	0	500733764	1557
1776373945839	S10_InterleavedOperations	4362345	PASSED	50	672	200	42	190	56	56	50	34	21	23	148	0	284420682	1038
1776373950837	S1_DepositRedeemMix	4372345	PASSED	50	1073	710	357	0	0	0	0	0	4	2	51	0	252002534	1045
1776373955705	S2_AsyncRedeemFullCycle	4372345	PASSED	50	471	57	0	303	48	48	0	0	9	6	151	0	271785167	965
1776373961744	S3_RebalanceSettlement	4372345	PASSED	50	1837	877	0	718	50	50	50	74	9	9	201	0	759378140	2097
1776373965940	S4_ExchangeRateFeeAccrual	4372345	PASSED	50	192	116	17	0	0	0	0	0	50	9	50	0	60859916	285
1776373971633	S5_SanctionedUserInterlace	4372345	PASSED	50	2123	1645	417	17	17	17	0	0	6	4	51	0	526002345	1749
1776373976087	S6_InFlightEdgeCases	4372345	PASSED	50	407	141	22	70	26	26	58	36	16	12	51	0	142241633	534
1776373980700	S7_FullProtocolEndurance	4372345	PASSED	15	888	517	115	176	15	15	15	16	15	4	17	0	220886053	716
1776373984984	S8_InvestSettlementEdge	4372345	PASSED	50	242	100	0	0	0	0	50	64	16	12	51	0	100552043	398
1776373990450	S9_MultiAdapterMix	4372345	PASSED	50	1606	946	0	434	49	49	50	56	9	13	102	0	538301712	1550
1776373995396	S10_InterleavedOperations	4372345	PASSED	50	649	177	47	178	59	59	50	35	21	23	147	0	275245157	1011
1776374000408	S1_DepositRedeemMix	4382345	PASSED	50	1175	793	376	0	0	0	0	0	4	2	51	0	274714920	1102
1776374005320	S2_AsyncRedeemFullCycle	4382345	PASSED	50	498	59	0	324	50	50	0	0	9	6	151	0	286777591	996
1776374011191	S3_RebalanceSettlement	4382345	PASSED	50	1692	865	0	593	50	50	50	66	9	9	201	0	672801118	1950
1776374015453	S4_ExchangeRateFeeAccrual	4382345	PASSED	50	247	161	27	0	0	0	0	0	50	9	50	0	69459838	330
1776374021004	S5_SanctionedUserInterlace	4382345	PASSED	50	2055	1639	355	17	17	17	0	0	6	4	51	0	507463725	1640
1776374025501	S6_InFlightEdgeCases	4382345	PASSED	50	415	148	13	80	27	27	58	34	16	12	51	0	146791842	553
1776374030121	S7_FullProtocolEndurance	4382345	PASSED	15	905	515	131	178	15	15	15	17	15	4	17	0	225261559	737
1776374034467	S8_InvestSettlementEdge	4382345	PASSED	50	240	100	0	0	0	0	50	62	16	12	51	0	99579725	411
1776374039888	S9_MultiAdapterMix	4382345	PASSED	50	1515	891	0	396	50	50	50	56	9	13	102	0	500535216	1483
1776374044879	S10_InterleavedOperations	4382345	PASSED	50	740	224	59	210	61	61	50	33	20	22	149	0	304176036	1091
1776374049906	S1_DepositRedeemMix	4392345	PASSED	50	1177	797	374	0	0	0	0	0	4	2	51	0	276919289	1117
1776374054715	S2_AsyncRedeemFullCycle	4392345	PASSED	50	457	54	0	288	50	50	0	0	9	6	151	0	264443857	905
1776374060658	S3_RebalanceSettlement	4392345	PASSED	50	1807	910	0	663	50	50	50	66	9	9	201	0	727772672	2038
1776374064861	S4_ExchangeRateFeeAccrual	4392345	PASSED	50	184	109	16	0	0	0	0	0	50	9	50	0	59964026	282
1776374070567	S5_SanctionedUserInterlace	4392345	PASSED	50	2249	1829	362	16	16	16	0	0	6	4	51	0	564816494	1782
1776374075055	S6_InFlightEdgeCases	4392345	PASSED	50	402	137	21	75	27	27	58	29	16	12	51	0	142963521	531
1776374079715	S7_FullProtocolEndurance	4392345	PASSED	15	913	499	152	186	15	15	15	12	15	4	17	0	228178227	754
1776374084043	S8_InvestSettlementEdge	4392345	PASSED	50	243	100	0	0	0	0	50	65	16	12	51	0	100661804	398
1776374089509	S9_MultiAdapterMix	4392345	PASSED	50	1584	905	0	456	50	50	50	51	9	13	102	0	536019275	1535
1776374094422	S10_InterleavedOperations	4392345	PASSED	50	655	209	27	192	53	53	50	31	19	21	143	0	278005549	996
1776374099579	S1_DepositRedeemMix	4402345	PASSED	50	1242	838	398	0	0	0	0	0	4	2	51	0	290259873	1237
1776374104482	S2_AsyncRedeemFullCycle	4402345	PASSED	50	474	55	0	306	49	49	0	0	9	6	151	0	274471488	939
1776374110313	S3_RebalanceSettlement	4402345	PASSED	50	1710	935	0	544	49	49	50	65	9	9	201	0	661864761	1938
1776374114579	S4_ExchangeRateFeeAccrual	4402345	PASSED	50	190	108	23	0	0	0	0	0	50	9	50	0	60639141	285
1776374120199	S5_SanctionedUserInterlace	4402345	PASSED	50	2140	1676	403	17	17	17	0	0	6	4	51	0	529862942	1710
1776374124656	S6_InFlightEdgeCases	4402345	PASSED	50	396	141	18	67	26	26	58	32	16	12	51	0	140963171	525
1776374129409	S7_FullProtocolEndurance	4402345	PASSED	15	1031	585	156	214	15	15	15	12	15	4	17	0	260538063	830
1776374133673	S8_InvestSettlementEdge	4402345	PASSED	50	245	100	0	0	0	0	50	67	16	12	51	0	101549731	403
1776374139046	S9_MultiAdapterMix	4402345	PASSED	50	1424	743	0	460	49	49	50	51	9	13	102	0	497918733	1430
1776374144099	S10_InterleavedOperations	4402345	PASSED	50	744	203	41	242	59	59	50	46	21	23	149	0	319142675	1106
1776374149070	S1_DepositRedeemMix	4412345	PASSED	50	1178	778	394	0	0	0	0	0	4	2	51	0	275887246	1078
1776374154025	S2_AsyncRedeemFullCycle	4412345	PASSED	50	501	58	0	330	49	49	0	0	9	6	151	0	290265008	1006
1776374159855	S3_RebalanceSettlement	4412345	PASSED	50	1667	858	0	575	50	50	50	66	9	9	201	0	659492313	1918
1776374164061	S4_ExchangeRateFeeAccrual	4412345	PASSED	50	183	111	13	0	0	0	0	0	50	9	50	0	59691765	279
1776374169575	S5_SanctionedUserInterlace	4412345	PASSED	50	1999	1586	352	17	17	17	0	0	6	4	51	0	492423145	1629
1776374174012	S6_InFlightEdgeCases	4412345	PASSED	50	368	121	15	60	26	26	58	34	16	12	51	0	135009225	512
1776374178704	S7_FullProtocolEndurance	4412345	PASSED	15	938	532	139	187	15	15	15	16	15	4	17	0	234543289	764
1776374183034	S8_InvestSettlementEdge	4412345	PASSED	50	240	100	0	0	0	0	50	62	16	12	51	0	99496530	399
1776374188466	S9_MultiAdapterMix	4412345	PASSED	50	1552	912	0	415	50	50	50	53	9	13	102	0	514562398	1519
1776374193460	S10_InterleavedOperations	4412345	PASSED	50	707	234	44	187	59	59	50	30	21	23	148	0	287595820	1059
1776374198615	S1_DepositRedeemMix	4422345	PASSED	50	1402	918	478	0	0	0	0	0	4	2	51	0	329426126	1253
1776374203530	S2_AsyncRedeemFullCycle	4422345	PASSED	50	484	55	0	314	50	50	0	0	9	6	151	0	280204660	957
1776374209539	S3_RebalanceSettlement	4422345	PASSED	50	1869	900	0	734	49	49	50	69	9	9	201	0	773531893	2105
1776374213768	S4_ExchangeRateFeeAccrual	4422345	PASSED	50	202	119	24	0	0	0	0	0	50	9	50	0	62726118	307
1776374219404	S5_SanctionedUserInterlace	4422345	PASSED	50	2180	1762	357	17	17	17	0	0	6	4	51	0	538127300	1710
1776374223903	S6_InFlightEdgeCases	4422345	PASSED	50	423	150	15	77	28	28	58	39	16	12	51	0	148684573	557
1776374228536	S7_FullProtocolEndurance	4422345	PASSED	15	834	477	100	177	15	15	15	16	15	4	17	0	211461743	685
1776374232864	S8_InvestSettlementEdge	4422345	PASSED	50	246	100	0	0	0	0	50	68	16	12	51	0	101932539	409
1776374238249	S9_MultiAdapterMix	4422345	PASSED	50	1451	799	0	435	49	49	50	47	9	13	102	0	495079967	1458
1776374243245	S10_InterleavedOperations	4422345	PASSED	50	716	213	40	212	59	59	50	39	21	23	148	0	300862950	1072
1776374248367	S1_DepositRedeemMix	4432345	PASSED	50	1308	852	450	0	0	0	0	0	4	2	51	0	306798462	1192
1776374253178	S2_AsyncRedeemFullCycle	4432345	PASSED	50	443	53	0	281	47	47	0	0	9	6	151	0	258981423	903
1776374259135	S3_RebalanceSettlement	4432345	PASSED	50	1808	902	0	664	50	50	50	74	9	9	201	0	730673055	2049
1776374263354	S4_ExchangeRateFeeAccrual	4432345	PASSED	50	198	123	16	0	0	0	0	0	50	9	50	0	61859332	299
1776374268932	S5_SanctionedUserInterlace	4432345	PASSED	50	2141	1723	357	17	17	17	0	0	6	4	51	0	528933459	1687
1776374273375	S6_InFlightEdgeCases	4432345	PASSED	50	377	123	13	68	25	25	58	37	16	12	51	0	137925402	513
1776374277964	S7_FullProtocolEndurance	4432345	PASSED	15	822	473	72	203	15	15	15	10	15	4	17	0	213482350	679
1776374282264	S8_InvestSettlementEdge	4432345	PASSED	50	243	100	0	0	0	0	50	65	16	12	51	0	100911780	399
1776374287767	S9_MultiAdapterMix	4432345	PASSED	50	1492	866	0	405	48	48	50	53	9	13	102	0	499616417	1549
1776374292757	S10_InterleavedOperations	4432345	PASSED	50	698	197	41	216	58	58	50	34	21	23	147	0	296413910	1051
1776374297820	S1_DepositRedeemMix	4442345	PASSED	50	1204	817	381	0	0	0	0	0	4	2	51	0	281261059	1125
1776374302775	S2_AsyncRedeemFullCycle	4442345	PASSED	50	497	57	0	327	49	49	0	0	9	6	151	0	286700483	1022
1776374308604	S3_RebalanceSettlement	4442345	PASSED	50	1655	857	0	570	49	49	50	62	9	9	201	0	653068110	1911
1776374312815	S4_ExchangeRateFeeAccrual	4442345	PASSED	50	194	120	15	0	0	0	0	0	50	9	50	0	61175312	289
1776374318326	S5_SanctionedUserInterlace	4442345	PASSED	50	1960	1582	317	17	17	17	0	0	6	4	51	0	480339905	1582
1776374322843	S6_InFlightEdgeCases	4442345	PASSED	50	437	165	14	91	26	26	58	29	16	12	51	0	152902260	556
1776374327486	S7_FullProtocolEndurance	4442345	PASSED	15	874	434	155	212	15	15	15	9	15	4	17	0	228403771	730
1776374331836	S8_InvestSettlementEdge	4442345	PASSED	50	242	100	0	0	0	0	50	64	16	12	51	0	100263459	396
1776374337129	S9_MultiAdapterMix	4442345	PASSED	50	1358	757	0	382	50	50	50	47	9	13	102	0	455010277	1371
1776374342064	S10_InterleavedOperations	4442345	PASSED	50	641	193	46	170	54	54	50	30	21	23	147	0	270753674	1024
1776374347035	S1_DepositRedeemMix	4452345	PASSED	50	1162	768	388	0	0	0	0	0	4	2	51	0	273952060	1068
1776374351855	S2_AsyncRedeemFullCycle	4452345	PASSED	50	421	52	0	262	46	46	0	0	9	6	151	0	249680253	883
1776374357706	S3_RebalanceSettlement	4452345	PASSED	50	1584	706	0	649	50	50	50	61	9	9	201	0	663843555	1893
1776374361935	S4_ExchangeRateFeeAccrual	4452345	PASSED	50	213	133	21	0	0	0	0	0	50	9	50	0	64234750	328
1776374367538	S5_SanctionedUserInterlace	4452345	PASSED	50	2042	1656	325	17	17	17	0	0	6	4	51	0	502478553	1689
1776374371975	S6_InFlightEdgeCases	4452345	PASSED	50	388	134	16	71	27	27	58	27	16	12	51	0	136850053	513
1776374376679	S7_FullProtocolEndurance	4452345	PASSED	15	974	540	150	206	15	15	15	14	15	4	17	0	247074551	790
1776374381037	S8_InvestSettlementEdge	4452345	PASSED	50	240	100	0	0	0	0	50	62	16	12	51	0	99498618	397
1776374386529	S9_MultiAdapterMix	4452345	PASSED	50	1630	944	0	465	49	49	50	51	9	13	102	0	550923971	1570
1776374391481	S10_InterleavedOperations	4452345	PASSED	50	695	228	33	198	55	55	50	34	20	22	145	0	289353465	1042
1776374396601	S1_DepositRedeemMix	4462345	PASSED	50	1140	772	362	0	0	0	0	0	4	2	51	0	266785450	1129
1776374401514	S2_AsyncRedeemFullCycle	4462345	PASSED	50	476	56	0	305	50	50	0	0	9	6	151	0	276928748	978
1776374407369	S3_RebalanceSettlement	4462345	PASSED	50	1671	815	0	622	50	50	50	66	9	9	201	0	681228141	1947
1776374411596	S4_ExchangeRateFeeAccrual	4462345	PASSED	50	189	114	16	0	0	0	0	0	50	9	50	0	60247726	296
1776374417236	S5_SanctionedUserInterlace	4462345	PASSED	50	2175	1762	352	17	17	17	0	0	6	4	51	0	536968720	1713
1776374421703	S6_InFlightEdgeCases	4462345	PASSED	50	393	135	12	74	24	24	58	38	16	12	51	0	141030504	528
1776374426350	S7_FullProtocolEndurance	4462345	PASSED	15	880	470	160	174	15	15	15	12	15	4	17	0	218324844	724
1776374430670	S8_InvestSettlementEdge	4462345	PASSED	50	246	100	0	0	0	0	50	68	16	12	51	0	101924860	399
1776374436012	S9_MultiAdapterMix	4462345	PASSED	50	1449	812	0	428	48	48	50	41	9	13	102	0	489495971	1438
1776374440959	S10_InterleavedOperations	4462345	PASSED	50	683	193	55	197	55	55	50	34	21	23	145	0	288021853	1025
1776374446084	S1_DepositRedeemMix	4472345	PASSED	50	1308	855	447	0	0	0	0	0	4	2	51	0	306860873	1187
1776374451017	S2_AsyncRedeemFullCycle	4472345	PASSED	50	502	56	0	331	50	50	0	0	9	6	151	0	288206696	965
1776374456878	S3_RebalanceSettlement	4472345	PASSED	50	1677	834	0	623	49	49	50	54	9	9	201	0	675634499	1944
1776374461118	S4_ExchangeRateFeeAccrual	4472345	PASSED	50	208	127	22	0	0	0	0	0	50	9	50	0	63378645	312
1776374466692	S5_SanctionedUserInterlace	4472345	PASSED	50	2073	1674	338	17	17	17	0	0	6	4	51	0	519498599	1653
1776374471151	S6_InFlightEdgeCases	4472345	PASSED	50	403	140	14	83	26	26	58	28	16	12	51	0	143175284	546
1776374475741	S7_FullProtocolEndurance	4472345	PASSED	15	763	374	118	198	15	15	15	9	15	4	17	0	202957123	663
1776374480082	S8_InvestSettlementEdge	4472345	PASSED	50	242	100	0	0	0	0	50	64	16	12	51	0	100355912	404
1776374485580	S9_MultiAdapterMix	4472345	PASSED	50	1593	943	0	426	50	50	50	52	9	13	102	0	528134236	1579
1776374490510	S10_InterleavedOperations	4472345	PASSED	50	654	189	31	201	52	52	50	35	21	23	143	0	281259635	1001
1776374495442	S1_DepositRedeemMix	4482345	PASSED	50	1051	696	349	0	0	0	0	0	4	2	51	0	247152254	1001
1776374500381	S2_AsyncRedeemFullCycle	4482345	PASSED	50	495	59	0	327	47	47	0	0	9	6	151	0	286272430	958
1776374506148	S3_RebalanceSettlement	4482345	PASSED	50	1594	784	0	578	50	50	50	64	9	9	201	0	641110521	1857
1776374510402	S4_ExchangeRateFeeAccrual	4482345	PASSED	50	204	119	26	0	0	0	0	0	50	9	50	0	62900356	298
1776374515977	S5_SanctionedUserInterlace	4482345	PASSED	50	2045	1616	368	17	17	17	0	0	6	4	51	0	508020874	1650
1776374520416	S6_InFlightEdgeCases	4482345	PASSED	50	405	142	12	83	23	23	58	36	16	12	51	0	147394101	532
1776374525000	S7_FullProtocolEndurance	4482345	PASSED	15	809	501	102	128	15	15	15	14	15	4	17	0	190964266	654
1776374529308	S8_InvestSettlementEdge	4482345	PASSED	50	244	100	0	0	0	0	50	66	16	12	51	0	101306042	402
1776374534821	S9_MultiAdapterMix	4482345	PASSED	50	1551	867	0	450	49	49	50	64	9	13	102	0	530450895	1575
1776374539875	S10_InterleavedOperations	4482345	PASSED	50	723	216	39	221	59	59	50	35	21	23	149	0	305233138	1098
1776374544835	S1_DepositRedeemMix	4492345	PASSED	50	1087	725	356	0	0	0	0	0	4	2	51	0	254947661	1013
1776374549818	S2_AsyncRedeemFullCycle	4492345	PASSED	50	520	60	0	345	50	50	0	0	9	6	151	0	298135166	1025
1776374555657	S3_RebalanceSettlement	4492345	PASSED	50	1683	791	0	668	50	50	50	56	9	9	201	0	693816155	1950
1776374559877	S4_ExchangeRateFeeAccrual	4492345	PASSED	50	197	119	19	0	0	0	0	0	50	9	50	0	61636662	299
1776374565499	S5_SanctionedUserInterlace	4492345	PASSED	50	2186	1769	356	17	17	17	0	0	6	4	51	0	542938150	1727
1776374569947	S6_InFlightEdgeCases	4492345	PASSED	50	396	139	9	75	24	24	58	39	16	12	51	0	142782348	528
1776374574574	S7_FullProtocolEndurance	4492345	PASSED	15	814	475	97	169	15	15	15	9	15	4	17	0	201852727	667
1776374578914	S8_InvestSettlementEdge	4492345	PASSED	50	239	100	0	0	0	0	50	61	16	12	51	0	99037426	424
1776374584217	S9_MultiAdapterMix	4492345	PASSED	50	1412	785	0	411	49	49	50	46	9	13	102	0	480481724	1409
1776374589278	S10_InterleavedOperations	4492345	PASSED	50	719	225	37	221	55	55	50	34	20	22	145	0	303258912	1097
1776374594386	S1_DepositRedeemMix	4502345	PASSED	50	1284	849	429	0	0	0	0	0	4	2	51	0	300686213	1176
1776374599261	S2_AsyncRedeemFullCycle	4502345	PASSED	50	451	53	0	283	50	50	0	0	9	6	151	0	261497433	915
1776374605209	S3_RebalanceSettlement	4502345	PASSED	50	1757	817	0	703	50	50	50	69	9	9	201	0	730221876	2008
1776374609429	S4_ExchangeRateFeeAccrual	4502345	PASSED	50	211	123	29	0	0	0	0	0	50	9	50	0	63908500	312
1776374615095	S5_SanctionedUserInterlace	4502345	PASSED	50	2227	1739	427	17	17	17	0	0	6	4	51	0	552770552	1760
1776374619580	S6_InFlightEdgeCases	4502345	PASSED	50	379	129	10	70	27	27	58	30	16	12	51	0	135422772	515
1776374624229	S7_FullProtocolEndurance	4502345	PASSED	15	857	411	139	232	15	15	15	11	15	4	17	0	231238212	725
1776374628561	S8_InvestSettlementEdge	4502345	PASSED	50	244	100	0	0	0	0	50	66	16	12	51	0	101282010	399
1776374633924	S9_MultiAdapterMix	4502345	PASSED	50	1479	881	0	374	49	49	50	54	9	13	102	0	483654039	1450
1776374638908	S10_InterleavedOperations	4502345	PASSED	50	708	181	50	231	61	61	50	30	21	23	149	0	303645208	1067
1776374643939	S1_DepositRedeemMix	4512345	PASSED	50	1193	789	398	0	0	0	0	0	4	2	51	0	281352655	1110
1776374648805	S2_AsyncRedeemFullCycle	4512345	PASSED	50	499	54	0	334	48	48	0	0	9	6	151	0	288800324	964
1776374654678	S3_RebalanceSettlement	4512345	PASSED	50	1733	884	0	616	49	49	50	67	9	9	201	0	691213252	1975
1776374658923	S4_ExchangeRateFeeAccrual	4512345	PASSED	50	203	120	24	0	0	0	0	0	50	9	50	0	62667599	295
1776374664812	S5_SanctionedUserInterlace	4512345	PASSED	50	2525	2023	441	17	17	17	0	0	6	4	51	0	640746270	1948
1776374669293	S6_InFlightEdgeCases	4512345	PASSED	50	411	148	17	75	27	27	58	31	16	12	51	0	143848384	554
1776374673943	S7_FullProtocolEndurance	4512345	PASSED	15	848	461	133	176	15	15	15	14	15	4	17	0	212867376	744
1776374678260	S8_InvestSettlementEdge	4512345	PASSED	50	239	100	0	0	0	0	50	61	16	12	51	0	99126595	397
1776374683700	S9_MultiAdapterMix	4512345	PASSED	50	1543	855	0	465	49	49	50	53	9	13	102	0	528784813	1512
1776374688570	S10_InterleavedOperations	4512345	PASSED	50	612	197	29	168	52	52	50	24	19	21	142	0	260233409	967
1776374693596	S1_DepositRedeemMix	4522345	PASSED	50	1193	800	387	0	0	0	0	0	4	2	51	0	278898101	1114
1776374698529	S2_AsyncRedeemFullCycle	4522345	PASSED	50	482	57	0	310	50	50	0	0	9	6	151	0	277546893	949
1776374704404	S3_RebalanceSettlement	4522345	PASSED	50	1669	813	0	623	50	50	50	65	9	9	201	0	680136075	1948
1776374708629	S4_ExchangeRateFeeAccrual	4522345	PASSED	50	225	137	29	0	0	0	0	0	50	9	50	0	66154976	326
1776374714174	S5_SanctionedUserInterlace	4522345	PASSED	50	2084	1646	377	17	17	17	0	0	6	4	51	0	512770812	1656
1776374718628	S6_InFlightEdgeCases	4522345	PASSED	50	391	137	15	72	26	26	58	29	16	12	51	0	139602465	525
1776374723382	S7_FullProtocolEndurance	4522345	PASSED	15	1010	575	136	220	15	15	15	15	15	4	17	0	258658873	828
1776374727715	S8_InvestSettlementEdge	4522345	PASSED	50	237	100	0	0	0	0	50	59	16	12	51	0	98248250	405
1776374733119	S9_MultiAdapterMix	4522345	PASSED	50	1519	845	0	449	49	49	50	55	9	13	102	0	519606619	1492
1776374738070	S10_InterleavedOperations	4522345	PASSED	50	660	183	47	187	59	59	50	31	21	23	149	0	281092558	1035
1776374743053	S1_DepositRedeemMix	4532345	PASSED	50	1148	771	371	0	0	0	0	0	4	2	51	0	268797721	1051
1776374747967	S2_AsyncRedeemFullCycle	4532345	PASSED	50	519	54	0	352	49	49	0	0	9	6	151	0	300477765	1005
1776374753913	S3_RebalanceSettlement	4532345	PASSED	50	1743	867	0	650	49	49	50	60	9	9	201	0	704220190	2009
1776374758119	S4_ExchangeRateFeeAccrual	4532345	PASSED	50	183	108	16	0	0	0	0	0	50	9	50	0	60137229	284
1776374764168	S5_SanctionedUserInterlace	4532345	PASSED	50	2550	2009	480	17	17	17	0	0	6	4	51	0	651652628	2114
1776374768609	S6_InFlightEdgeCases	4532345	PASSED	50	412	137	21	78	27	27	58	36	16	12	51	0	147381050	535
1776374773282	S7_FullProtocolEndurance	4532345	PASSED	15	842	478	113	169	15	15	15	18	15	4	17	0	210436345	764
1776374777639	S8_InvestSettlementEdge	4532345	PASSED	50	246	100	0	0	0	0	50	68	16	12	51	0	102141478	416
1776374783012	S9_MultiAdapterMix	4532345	PASSED	50	1471	855	0	396	48	48	50	52	9	13	102	0	488214339	1432
1776374788086	S10_InterleavedOperations	4532345	PASSED	50	774	222	55	249	60	60	50	34	21	23	148	0	322493931	1134
1776374793121	S1_DepositRedeemMix	4542345	PASSED	50	1165	758	401	0	0	0	0	0	4	2	51	0	273511434	1072
1776374798010	S2_AsyncRedeemFullCycle	4542345	PASSED	50	458	52	0	291	50	50	0	0	9	6	151	0	267436152	947
1776374803914	S3_RebalanceSettlement	4542345	PASSED	50	1705	878	0	600	49	49	50	61	9	9	201	0	676928419	1956
1776374808116	S4_ExchangeRateFeeAccrual	4542345	PASSED	50	196	120	17	0	0	0	0	0	50	9	50	0	61436749	289
1776374813847	S5_SanctionedUserInterlace	4542345	PASSED	50	2140	1738	341	17	17	17	0	0	6	4	51	0	529165669	1776
1776374818317	S6_InFlightEdgeCases	4542345	PASSED	50	420	159	14	78	25	25	58	33	16	12	51	0	146928171	539
1776374822994	S7_FullProtocolEndurance	4542345	PASSED	15	878	442	125	235	15	15	15	12	15	4	17	0	237215897	737
1776374827310	S8_InvestSettlementEdge	4542345	PASSED	50	242	100	0	0	0	0	50	64	16	12	51	0	100418181	399
1776374832647	S9_MultiAdapterMix	4542345	PASSED	50	1403	739	0	452	49	49	50	42	9	13	102	0	486865332	1432
1776374837583	S10_InterleavedOperations	4542345	PASSED	50	650	193	43	177	56	56	50	31	21	23	146	0	273816038	1033
1776374842679	S1_DepositRedeemMix	4552345	PASSED	50	1300	837	457	0	0	0	0	0	4	2	51	0	305405879	1176
1776374847560	S2_AsyncRedeemFullCycle	4552345	PASSED	50	501	56	0	334	48	48	0	0	9	6	151	0	289827181	974
1776374853548	S3_RebalanceSettlement	4552345	PASSED	50	1730	860	0	649	50	50	50	53	9	9	201	0	699057966	2075
1776374857797	S4_ExchangeRateFeeAccrual	4552345	PASSED	50	234	148	27	0	0	0	0	0	50	9	50	0	67567022	315
1776374863388	S5_SanctionedUserInterlace	4552345	PASSED	50	2085	1712	315	16	16	16	0	0	6	4	51	0	514717937	1664
1776374867809	S6_InFlightEdgeCases	4552345	PASSED	50	374	122	21	64	25	25	58	31	16	12	51	0	134634416	530
1776374872423	S7_FullProtocolEndurance	4552345	PASSED	15	858	479	93	209	15	15	15	13	15	4	17	0	224071635	722
1776374876788	S8_InvestSettlementEdge	4552345	PASSED	50	242	100	0	0	0	0	50	64	16	12	51	0	100214925	414
1776374882159	S9_MultiAdapterMix	4552345	PASSED	50	1514	845	0	456	50	50	50	41	9	13	102	0	517078343	1486
1776374887040	S10_InterleavedOperations	4552345	PASSED	50	594	177	34	157	53	53	50	28	20	22	141	0	255265440	996
1776374892084	S1_DepositRedeemMix	4562345	PASSED	50	1268	851	411	0	0	0	0	0	4	2	51	0	296767998	1141
1776374897037	S2_AsyncRedeemFullCycle	4562345	PASSED	50	525	58	0	352	50	50	0	0	9	6	151	0	302303121	1067
1776374902969	S3_RebalanceSettlement	4562345	PASSED	50	1719	878	0	608	50	50	50	65	9	9	201	0	685476908	2041
1776374907178	S4_ExchangeRateFeeAccrual	4562345	PASSED	50	212	121	32	0	0	0	0	0	50	9	50	0	64118909	303
1776374912849	S5_SanctionedUserInterlace	4562345	PASSED	50	2167	1777	329	17	17	17	0	0	6	4	51	0	536291033	1761
1776374917345	S6_InFlightEdgeCases	4562345	PASSED	50	424	144	27	81	29	29	58	28	16	12	51	0	145352659	547
1776374921960	S7_FullProtocolEndurance	4562345	PASSED	15	871	456	142	199	15	15	15	10	15	4	17	0	223939157	744
1776374926266	S8_InvestSettlementEdge	4562345	PASSED	50	242	100	0	0	0	0	50	64	16	12	51	0	100291698	397
1776374931675	S9_MultiAdapterMix	4562345	PASSED	50	1529	834	0	474	49	49	50	51	9	13	102	0	528050792	1516
1776374936590	S10_InterleavedOperations	4562345	PASSED	50	666	197	48	184	60	60	50	23	21	23	148	0	277866566	1021
1776374941596	S1_DepositRedeemMix	4572345	PASSED	50	1172	782	384	0	0	0	0	0	4	2	51	0	275608437	1126
1776374946497	S2_AsyncRedeemFullCycle	4572345	PASSED	50	495	56	0	326	49	49	0	0	9	6	151	0	288092048	1018
1776374952400	S3_RebalanceSettlement	4572345	PASSED	50	1777	871	0	675	50	50	50	63	9	9	201	0	722870254	2016
1776374956658	S4_ExchangeRateFeeAccrual	4572345	PASSED	50	234	150	25	0	0	0	0	0	50	9	50	0	67701355	316
1776374962326	S5_SanctionedUserInterlace	4572345	PASSED	50	2196	1763	372	17	17	17	0	0	6	4	51	0	544511853	1746
1776374966791	S6_InFlightEdgeCases	4572345	PASSED	50	413	142	16	88	25	25	58	31	16	12	51	0	150428264	547
1776374971421	S7_FullProtocolEndurance	4572345	PASSED	15	898	509	111	199	15	15	15	15	15	4	17	0	229764708	740
1776374975714	S8_InvestSettlementEdge	4572345	PASSED	50	239	100	0	0	0	0	50	61	16	12	51	0	99061673	397
1776374981237	S9_MultiAdapterMix	4572345	PASSED	50	1670	936	0	519	50	50	50	43	9	13	102	0	576520723	1616
1776374986163	S10_InterleavedOperations	4572345	PASSED	50	609	165	35	177	54	54	50	30	21	23	142	0	263943955	986
1776374991219	S1_DepositRedeemMix	4582345	PASSED	50	1267	834	427	0	0	0	0	0	4	2	51	0	297073796	1148
1776374996146	S2_AsyncRedeemFullCycle	4582345	PASSED	50	542	62	0	365	50	50	0	0	9	6	151	0	309437711	1023
1776375002038	S3_RebalanceSettlement	4582345	PASSED	50	1748	915	0	591	50	50	50	74	9	9	201	0	693009711	1967
1776375006269	S4_ExchangeRateFeeAccrual	4582345	PASSED	50	201	121	21	0	0	0	0	0	50	9	50	0	62799988	299
1776375011982	S5_SanctionedUserInterlace	4582345	PASSED	50	2300	1891	351	16	16	16	0	0	6	4	51	0	573778804	1815
1776375016460	S6_InFlightEdgeCases	4582345	PASSED	50	431	169	14	82	24	24	58	32	16	12	51	0	150133853	550
1776375021069	S7_FullProtocolEndurance	4582345	PASSED	15	824	445	135	165	15	15	15	15	15	4	17	0	205615185	679
1776375025391	S8_InvestSettlementEdge	4582345	PASSED	50	243	100	0	0	0	0	50	65	16	12	51	0	100835625	420
1776375030822	S9_MultiAdapterMix	4582345	PASSED	50	1599	930	0	444	50	50	50	53	9	13	102	0	536120872	1542
1776375035817	S10_InterleavedOperations	4582345	PASSED	50	719	215	41	216	60	60	50	33	21	23	149	0	301596431	1087
1776375040941	S1_DepositRedeemMix	4592345	PASSED	50	1344	892	446	0	0	0	0	0	4	2	51	0	315109855	1205
1776375045871	S2_AsyncRedeemFullCycle	4592345	PASSED	50	495	59	0	323	49	49	0	0	9	6	151	0	284795001	1028
1776375051632	S3_RebalanceSettlement	4592345	PASSED	50	1521	774	0	528	49	49	50	53	9	9	201	0	601166950	1824
1776375055817	S4_ExchangeRateFeeAccrual	4592345	PASSED	50	180	104	17	0	0	0	0	0	50	9	50	0	59357630	279
1776375061418	S5_SanctionedUserInterlace	4592345	PASSED	50	2104	1690	356	16	16	16	0	0	6	4	51	0	525882117	1672
1776375065856	S6_InFlightEdgeCases	4592345	PASSED	50	388	138	13	71	26	26	58	28	16	12	51	0	135891445	558
1776375070551	S7_FullProtocolEndurance	4592345	PASSED	15	980	585	130	185	15	15	15	16	15	4	17	0	241795855	786
1776375074854	S8_InvestSettlementEdge	4592345	PASSED	50	242	100	0	0	0	0	50	64	16	12	51	0	100318294	400
1776375080194	S9_MultiAdapterMix	4592345	PASSED	50	1417	816	0	387	49	49	50	44	9	13	102	0	469416376	1399
1776375085120	S10_InterleavedOperations	4592345	PASSED	50	650	202	41	184	55	55	50	19	21	23	144	0	270903451	999
1776375090331	S1_DepositRedeemMix	4602345	PASSED	50	1388	898	484	0	0	0	0	0	4	2	51	0	326825590	1282
1776375095217	S2_AsyncRedeemFullCycle	4602345	PASSED	50	512	59	0	338	50	50	0	0	9	6	151	0	294178450	980
1776375101083	S3_RebalanceSettlement	4602345	PASSED	50	1733	904	0	598	50	50	50	63	9	9	201	0	683216409	1955
1776375105346	S4_ExchangeRateFeeAccrual	4602345	PASSED	50	220	132	29	0	0	0	0	0	50	9	50	0	65572737	321
1776375110944	S5_SanctionedUserInterlace	4602345	PASSED	50	2088	1662	365	17	17	17	0	0	6	4	51	0	517454379	1675
1776375115453	S6_InFlightEdgeCases	4602345	PASSED	50	411	150	25	72	22	22	58	34	16	12	51	0	142921502	581
1776375120074	S7_FullProtocolEndurance	4602345	PASSED	15	844	483	107	175	15	15	15	15	15	4	17	0	211781915	706
1776375124380	S8_InvestSettlementEdge	4602345	PASSED	50	244	100	0	0	0	0	50	66	16	12	51	0	101179392	406
1776375129710	S9_MultiAdapterMix	4602345	PASSED	50	1399	788	0	394	50	50	50	45	9	13	102	0	470062664	1428
1776375134753	S10_InterleavedOperations	4602345	PASSED	50	709	209	51	207	59	59	50	32	20	22	149	0	297109336	1127
1776375139913	S1_DepositRedeemMix	4612345	PASSED	50	1348	853	489	0	0	0	0	0	4	2	51	0	317396853	1226
1776375144806	S2_AsyncRedeemFullCycle	4612345	PASSED	50	490	55	0	324	48	48	0	0	9	6	151	0	283940874	1007
1776375150785	S3_RebalanceSettlement	4612345	PASSED	50	1725	825	0	672	49	49	50	62	9	9	201	0	708283062	2024
1776375154986	S4_ExchangeRateFeeAccrual	4612345	PASSED	50	181	106	16	0	0	0	0	0	50	9	50	0	59410752	278
1776375160646	S5_SanctionedUserInterlace	4612345	PASSED	50	2251	1803	387	17	17	17	0	0	6	4	51	0	557265549	1756
1776375165128	S6_InFlightEdgeCases	4612345	PASSED	50	416	146	16	81	27	27	58	33	16	12	51	0	147655513	547
1776375169811	S7_FullProtocolEndurance	4612345	PASSED	15	917	537	106	192	15	15	15	18	15	4	17	0	231624818	764
1776375174173	S8_InvestSettlementEdge	4612345	PASSED	50	246	100	0	0	0	0	50	68	16	12	51	0	101946346	408
1776375179507	S9_MultiAdapterMix	4612345	PASSED	50	1426	816	0	384	49	49	50	56	9	13	102	0	475228699	1423
1776375184433	S10_InterleavedOperations	4612345	PASSED	50	703	214	42	211	57	57	50	30	20	22	146	0	295559879	1052
1776375189546	S1_DepositRedeemMix	4622345	PASSED	50	1281	854	421	0	0	0	0	0	4	2	51	0	301957236	1191
1776375194378	S2_AsyncRedeemFullCycle	4622345	PASSED	50	474	52	0	307	50	50	0	0	9	6	151	0	273841972	930
1776375200318	S3_RebalanceSettlement	4622345	PASSED	50	1776	849	0	685	50	50	50	74	9	9	201	0	731183601	2042
1776375204545	S4_ExchangeRateFeeAccrual	4622345	PASSED	50	214	131	24	0	0	0	0	0	50	9	50	0	64269972	302
1776375210164	S5_SanctionedUserInterlace	4622345	PASSED	50	2167	1692	414	17	17	17	0	0	6	4	51	0	539306933	1734
1776375214682	S6_InFlightEdgeCases	4622345	PASSED	50	428	160	16	74	26	26	58	40	16	12	51	0	150486216	559
1776375219273	S7_FullProtocolEndurance	4622345	PASSED	15	844	516	104	148	15	15	15	12	15	4	17	0	201505979	682
1776375223580	S8_InvestSettlementEdge	4622345	PASSED	50	240	100	0	0	0	0	50	62	16	12	51	0	99491675	397
1776375228876	S9_MultiAdapterMix	4622345	PASSED	50	1370	754	0	401	50	50	50	43	9	13	102	0	461804790	1381
1776375233872	S10_InterleavedOperations	4622345	PASSED	50	705	207	40	211	62	62	50	29	21	23	150	0	295863409	1088
1776375238913	S1_DepositRedeemMix	4632345	PASSED	50	1234	800	428	0	0	0	0	0	4	2	51	0	289466702	1121
1776375243867	S2_AsyncRedeemFullCycle	4632345	PASSED	50	524	59	0	350	50	50	0	0	9	6	151	0	301217350	1043
1776375249777	S3_RebalanceSettlement	4632345	PASSED	50	1756	913	0	628	49	49	50	49	9	9	201	0	700716703	1988
1776375253988	S4_ExchangeRateFeeAccrual	4632345	PASSED	50	222	132	31	0	0	0	0	0	50	9	50	0	65571127	311
1776375259468	S5_SanctionedUserInterlace	4632345	PASSED	50	1976	1553	362	17	17	17	0	0	6	4	51	0	477586081	1579
1776375263960	S6_InFlightEdgeCases	4632345	PASSED	50	431	167	17	78	26	26	58	31	16	12	51	0	147176747	546
1776375268615	S7_FullProtocolEndurance	4632345	PASSED	15	927	552	129	167	15	15	15	15	15	4	17	0	225435689	755
1776375272957	S8_InvestSettlementEdge	4632345	PASSED	50	246	100	0	0	0	0	50	68	16	12	51	0	101955546	403
1776375278437	S9_MultiAdapterMix	4632345	PASSED	50	1581	893	0	461	50	50	50	55	9	13	102	0	537898897	1550
1776375283517	S10_InterleavedOperations	4632345	PASSED	50	716	204	48	221	60	60	50	29	21	23	149	0	300797921	1147
1776375288555	S1_DepositRedeemMix	4642345	PASSED	50	1276	852	418	0	0	0	0	0	4	2	51	0	298649876	1154
1776375293448	S2_AsyncRedeemFullCycle	4642345	PASSED	50	505	59	0	333	49	49	0	0	9	6	151	0	289098004	976
1776375299361	S3_RebalanceSettlement	4642345	PASSED	50	1784	915	0	632	48	48	50	73	9	9	201	0	713034722	2023
1776375303634	S4_ExchangeRateFeeAccrual	4642345	PASSED	50	264	160	45	0	0	0	0	0	50	9	50	0	72464232	360
1776375309323	S5_SanctionedUserInterlace	4642345	PASSED	50	2260	1853	346	17	17	17	0	0	6	4	51	0	568727296	1777
1776375313797	S6_InFlightEdgeCases	4642345	PASSED	50	419	144	13	85	29	29	58	33	16	12	51	0	150648661	572
1776375318466	S7_FullProtocolEndurance	4642345	PASSED	15	937	552	134	173	15	15	15	14	15	4	17	0	228936220	752
1776375322775	S8_InvestSettlementEdge	4642345	PASSED	50	240	100	0	0	0	0	50	62	16	12	51	0	99566048	401
1776375328207	S9_MultiAdapterMix	4642345	PASSED	50	1547	915	0	401	50	50	50	59	9	13	102	0	510552578	1523
1776375333169	S10_InterleavedOperations	4642345	PASSED	50	652	191	37	192	56	56	50	26	21	23	147	0	278432041	1011
1776375338285	S1_DepositRedeemMix	4652345	PASSED	50	1332	864	462	0	0	0	0	0	4	2	51	0	313112541	1192
1776375343173	S2_AsyncRedeemFullCycle	4652345	PASSED	50	485	55	0	317	49	49	0	0	9	6	151	0	282037919	959
1776375349097	S3_RebalanceSettlement	4652345	PASSED	50	1729	800	0	685	50	50	50	76	9	9	201	0	718189053	2007
1776375353344	S4_ExchangeRateFeeAccrual	4652345	PASSED	50	202	123	20	0	0	0	0	0	50	9	50	0	62485328	305
1776375359035	S5_SanctionedUserInterlace	4652345	PASSED	50	2212	1731	420	17	17	17	0	0	6	4	51	0	556716129	1759
1776375363516	S6_InFlightEdgeCases	4652345	PASSED	50	393	127	16	71	28	28	58	37	16	12	51	0	143355840	533
1776375368070	S7_FullProtocolEndurance	4652345	PASSED	15	797	466	113	141	15	15	15	13	15	4	17	0	192422750	648
1776375372423	S8_InvestSettlementEdge	4652345	PASSED	50	242	100	0	0	0	0	50	64	16	12	51	0	100366779	406
1776375377846	S9_MultiAdapterMix	4652345	PASSED	50	1552	932	0	404	49	49	50	46	9	13	102	0	508592148	1522
1776375382784	S10_InterleavedOperations	4652345	PASSED	50	690	207	43	195	59	59	50	33	21	23	147	0	288776078	1032
1776375387922	S1_DepositRedeemMix	4662345	PASSED	50	1323	891	426	0	0	0	0	0	4	2	51	0	309555050	1192
1776375392828	S2_AsyncRedeemFullCycle	4662345	PASSED	50	518	62	0	345	48	48	0	0	9	6	151	0	297427172	982
1776375398635	S3_RebalanceSettlement	4662345	PASSED	50	1603	795	0	572	50	50	50	68	9	9	201	0	643523558	1868
1776375402908	S4_ExchangeRateFeeAccrual	4662345	PASSED	50	187	105	23	0	0	0	0	0	50	9	50	0	60028036	284
1776375408482	S5_SanctionedUserInterlace	4662345	PASSED	50	1997	1574	362	17	17	17	0	0	6	4	51	0	490698692	1617
1776375413012	S6_InFlightEdgeCases	4662345	PASSED	50	416	159	6	83	27	27	58	28	16	12	51	0	145458048	558
1776375417600	S7_FullProtocolEndurance	4662345	PASSED	15	802	441	116	166	15	15	15	15	15	4	17	0	201329241	668
1776375421919	S8_InvestSettlementEdge	4662345	PASSED	50	236	100	0	0	0	0	50	58	16	12	51	0	97993911	397
1776375427472	S9_MultiAdapterMix	4662345	PASSED	50	1614	970	0	409	50	50	50	63	9	13	102	0	535330755	1624
1776375432433	S10_InterleavedOperations	4662345	PASSED	50	711	199	34	229	60	60	50	35	21	23	149	0	304711940	1074
1776375437406	S1_DepositRedeemMix	4672345	PASSED	50	1116	733	377	0	0	0	0	0	4	2	51	0	261873874	1051
1776375442346	S2_AsyncRedeemFullCycle	4672345	PASSED	50	539	59	0	365	50	50	0	0	9	6	151	0	306779969	1009
1776375448174	S3_RebalanceSettlement	4672345	PASSED	50	1692	903	0	556	50	50	50	65	9	9	201	0	658711102	1915
1776375452375	S4_ExchangeRateFeeAccrual	4672345	PASSED	50	188	108	21	0	0	0	0	0	50	9	50	0	60320641	298
1776375458065	S5_SanctionedUserInterlace	4672345	PASSED	50	2246	1856	329	17	17	17	0	0	6	4	51	0	562250316	1778
1776375462571	S6_InFlightEdgeCases	4672345	PASSED	50	399	129	14	75	28	28	58	39	16	12	51	0	145970201	554
1776375467238	S7_FullProtocolEndurance	4672345	PASSED	15	862	442	118	226	15	15	15	12	15	4	17	0	230145537	730
1776375471579	S8_InvestSettlementEdge	4672345	PASSED	50	241	100	0	0	0	0	50	63	16	12	51	0	99929060	408
1776375476889	S9_MultiAdapterMix	4672345	PASSED	50	1406	831	0	353	49	49	50	52	9	13	102	0	459196920	1390
1776375481887	S10_InterleavedOperations	4672345	PASSED	50	710	209	54	201	59	59	50	36	20	22	149	0	297390904	1075
1776375486986	S1_DepositRedeemMix	4682345	PASSED	50	1297	882	409	0	0	0	0	0	4	2	51	0	305081334	1172
1776375491842	S2_AsyncRedeemFullCycle	4682345	PASSED	50	487	57	0	317	49	49	0	0	9	6	151	0	281975573	969
1776375497608	S3_RebalanceSettlement	4682345	PASSED	50	1546	740	0	584	50	50	50	54	9	9	201	0	629079852	1850
1776375501808	S4_ExchangeRateFeeAccrual	4682345	PASSED	50	192	117	16	0	0	0	0	0	50	9	50	0	60939431	287
1776375507314	S5_SanctionedUserInterlace	4682345	PASSED	50	1961	1583	317	17	17	17	0	0	6	4	51	0	480281441	1586
1776375511788	S6_InFlightEdgeCases	4682345	PASSED	50	422	152	18	79	28	28	58	31	16	12	51	0	146656688	551
1776375516422	S7_FullProtocolEndurance	4682345	PASSED	15	929	537	124	189	15	15	15	15	15	4	17	0	231848262	751
1776375520723	S8_InvestSettlementEdge	4682345	PASSED	50	244	100	0	0	0	0	50	66	16	12	51	0	101178747	398
1776375526168	S9_MultiAdapterMix	4682345	PASSED	50	1576	867	0	486	50	50	50	51	9	13	102	0	543990181	1552
1776375531144	S10_InterleavedOperations	4682345	PASSED	50	684	226	32	185	61	61	50	25	21	23	149	0	281702079	1071
1776375536147	S1_DepositRedeemMix	4692345	PASSED	50	1153	764	383	0	0	0	0	0	4	2	51	0	270049727	1072
1776375541028	S2_AsyncRedeemFullCycle	4692345	PASSED	50	474	56	0	307	48	48	0	0	9	6	151	0	276543236	947
1776375546797	S3_RebalanceSettlement	4692345	PASSED	50	1552	737	0	590	50	50	50	57	9	9	201	0	636579968	1856
1776375550993	S4_ExchangeRateFeeAccrual	4692345	PASSED	50	209	132	18	0	0	0	0	0	50	9	50	0	63335255	297
1776375556707	S5_SanctionedUserInterlace	4692345	PASSED	50	2258	1775	422	17	17	17	0	0	6	4	51	0	563125417	1782
1776375561143	S6_InFlightEdgeCases	4692345	PASSED	50	396	127	21	70	26	26	58	40	16	12	51	0	143913279	529
1776375565763	S7_FullProtocolEndurance	4692345	PASSED	15	850	467	142	165	15	15	15	12	15	4	17	0	209337510	698
1776375570095	S8_InvestSettlementEdge	4692345	PASSED	50	242	100	0	0	0	0	50	64	16	12	51	0	100319343	401
1776375575455	S9_MultiAdapterMix	4692345	PASSED	50	1476	864	0	389	47	47	50	57	9	13	102	0	489287497	1472
1776375580479	S10_InterleavedOperations	4692345	PASSED	50	755	225	53	220	62	62	50	39	21	23	150	0	311768580	1113
1776375585523	S1_DepositRedeemMix	4702345	PASSED	50	1227	819	402	0	0	0	0	0	4	2	51	0	287044577	1124
1776375590432	S2_AsyncRedeemFullCycle	4702345	PASSED	50	518	52	0	353	49	49	0	0	9	6	151	0	300465526	993
1776375596312	S3_RebalanceSettlement	4702345	PASSED	50	1665	819	0	623	49	49	50	57	9	9	201	0	673640330	1971
1776375600529	S4_ExchangeRateFeeAccrual	4702345	PASSED	50	213	127	27	0	0	0	0	0	50	9	50	0	64119736	300
1776375606080	S5_SanctionedUserInterlace	4702345	PASSED	50	2082	1714	307	17	17	17	0	0	6	4	51	0	524969693	1658
1776375610520	S6_InFlightEdgeCases	4702345	PASSED	50	382	135	12	81	23	23	58	22	16	12	51	0	138475660	518
1776375615166	S7_FullProtocolEndurance	4702345	PASSED	15	915	522	135	177	15	15	15	17	15	4	17	0	226909396	742
1776375619487	S8_InvestSettlementEdge	4702345	PASSED	50	244	100	0	0	0	0	50	66	16	12	51	0	101224279	418
1776375624971	S9_MultiAdapterMix	4702345	PASSED	50	1605	898	0	487	49	49	50	50	9	13	102	0	550679604	1571
1776375629976	S10_InterleavedOperations	4702345	PASSED	50	702	218	46	198	58	58	50	32	20	22	147	0	290949309	1074
1776375635050	S1_DepositRedeemMix	4712345	PASSED	50	1258	839	413	0	0	0	0	0	4	2	51	0	294724166	1139
1776375639915	S2_AsyncRedeemFullCycle	4712345	PASSED	50	455	52	0	292	48	48	0	0	9	6	151	0	265546349	935
1776375645830	S3_RebalanceSettlement	4712345	PASSED	50	1732	845	0	654	49	49	50	67	9	9	201	0	705702701	1992
1776375650083	S4_ExchangeRateFeeAccrual	4712345	PASSED	50	190	112	19	0	0	0	0	0	50	9	50	0	60718357	314
1776375655772	S5_SanctionedUserInterlace	4712345	PASSED	50	2179	1704	420	15	15	15	0	0	6	4	51	0	540825839	1735
1776375660257	S6_InFlightEdgeCases	4712345	PASSED	50	440	165	15	82	29	29	58	34	16	12	51	0	152327427	574
1776375664960	S7_FullProtocolEndurance	4712345	PASSED	15	1004	579	157	192	15	15	15	12	15	4	17	0	248815469	811
1776375669265	S8_InvestSettlementEdge	4712345	PASSED	50	246	100	0	0	0	0	50	68	16	12	51	0	102201530	413
1776375674656	S9_MultiAdapterMix	4712345	PASSED	50	1477	832	0	432	50	50	50	41	9	13	102	0	497703165	1461
1776375679563	S10_InterleavedOperations	4712345	PASSED	50	625	176	32	180	55	55	50	35	20	22	143	0	269720435	1002
1776375684593	S1_DepositRedeemMix	4722345	PASSED	50	1190	797	387	0	0	0	0	0	4	2	51	0	278383495	1099
1776375689428	S2_AsyncRedeemFullCycle	4722345	PASSED	50	455	56	0	284	50	50	0	0	9	6	151	0	264062559	914
1776375695349	S3_RebalanceSettlement	4722345	PASSED	50	1802	925	0	640	50	50	50	69	9	9	201	0	719227020	2020
1776375699550	S4_ExchangeRateFeeAccrual	4722345	PASSED	50	166	94	13	0	0	0	0	0	50	9	50	0	57260824	284
1776375705087	S5_SanctionedUserInterlace	4722345	PASSED	50	2065	1644	360	17	17	17	0	0	6	4	51	0	503178189	1634
1776375709601	S6_InFlightEdgeCases	4722345	PASSED	50	407	143	14	68	27	27	58	42	16	12	51	0	144836879	561
1776375714186	S7_FullProtocolEndurance	4722345	PASSED	15	824	463	127	160	15	15	15	10	15	4	17	0	202584813	677
1776375718499	S8_InvestSettlementEdge	4722345	PASSED	50	244	100	0	0	0	0	50	66	16	12	51	0	101188933	404
1776375723984	S9_MultiAdapterMix	4722345	PASSED	50	1660	1005	0	432	50	50	50	51	9	13	102	0	550777007	1588
1776375728927	S10_InterleavedOperations	4722345	PASSED	50	700	207	38	220	57	57	50	27	21	23	146	0	297279140	1051
1776375734040	S1_DepositRedeemMix	4732345	PASSED	50	1273	843	424	0	0	0	0	0	4	2	51	0	298195478	1186
1776375738995	S2_AsyncRedeemFullCycle	4732345	PASSED	50	495	55	0	325	50	50	0	0	9	6	151	0	287631190	1030
1776375744915	S3_RebalanceSettlement	4732345	PASSED	50	1766	879	0	658	50	50	50	61	9	9	201	0	713434154	2002
1776375749103	S4_ExchangeRateFeeAccrual	4732345	PASSED	50	169	92	18	0	0	0	0	0	50	9	50	0	57770006	278
1776375754726	S5_SanctionedUserInterlace	4732345	PASSED	50	2154	1760	333	17	17	17	0	0	6	4	51	0	539207072	1737
1776375759169	S6_InFlightEdgeCases	4732345	PASSED	50	385	127	21	70	26	26	58	29	16	12	51	0	136546584	513
1776375763828	S7_FullProtocolEndurance	4732345	PASSED	15	894	466	181	171	15	15	15	12	15	4	17	0	220658752	747
1776375768151	S8_InvestSettlementEdge	4732345	PASSED	50	243	100	0	0	0	0	50	65	16	12	51	0	100719822	399
1776375773594	S9_MultiAdapterMix	4732345	PASSED	50	1535	851	0	471	49	49	50	43	9	13	102	0	525881429	1521
1776375778560	S10_InterleavedOperations	4732345	PASSED	50	705	209	42	213	57	57	50	35	20	22	146	0	298835645	1052
1776375783563	S1_DepositRedeemMix	4742345	PASSED	50	1187	804	377	0	0	0	0	0	4	2	51	0	279429060	1085
1776375788396	S2_AsyncRedeemFullCycle	4742345	PASSED	50	462	53	0	294	50	50	0	0	9	6	151	0	269369553	920
1776375794241	S3_RebalanceSettlement	4742345	PASSED	50	1687	869	0	584	49	49	50	68	9	9	201	0	668230314	1937
1776375798450	S4_ExchangeRateFeeAccrual	4742345	PASSED	50	176	100	17	0	0	0	0	0	50	9	50	0	58633119	278
1776375803988	S5_SanctionedUserInterlace	4742345	PASSED	50	2034	1622	351	17	17	17	0	0	6	4	51	0	495516065	1629
1776375808487	S6_InFlightEdgeCases	4742345	PASSED	50	393	137	11	72	28	28	58	31	16	12	51	0	138805260	547
1776375813078	S7_FullProtocolEndurance	4742345	PASSED	15	823	479	101	166	15	15	15	13	15	4	17	0	204109237	669
1776375817402	S8_InvestSettlementEdge	4742345	PASSED	50	243	100	0	0	0	0	50	65	16	12	51	0	100745125	425
1776375822766	S9_MultiAdapterMix	4742345	PASSED	50	1476	836	0	416	48	48	50	56	9	13	102	0	497292234	1452
1776375827801	S10_InterleavedOperations	4742345	PASSED	50	699	207	55	198	58	58	50	31	20	22	147	0	290871849	1067
1776375832781	S1_DepositRedeemMix	4752345	PASSED	50	1173	755	412	0	0	0	0	0	4	2	51	0	275418688	1083
1776375837756	S2_AsyncRedeemFullCycle	4752345	PASSED	50	547	61	0	371	50	50	0	0	9	6	151	0	313568169	1032
1776375843590	S3_RebalanceSettlement	4752345	PASSED	50	1665	788	0	649	50	50	50	60	9	9	201	0	686553158	1941
1776375847763	S4_ExchangeRateFeeAccrual	4752345	PASSED	50	182	104	19	0	0	0	0	0	50	9	50	0	59635101	286
1776375853562	S5_SanctionedUserInterlace	4752345	PASSED	50	2396	1913	422	17	17	17	0	0	6	4	51	0	600358188	1866
1776375858037	S6_InFlightEdgeCases	4752345	PASSED	50	437	162	17	81	26	26	58	39	16	12	51	0	150403102	545
1776375862555	S7_FullProtocolEndurance	4752345	PASSED	15	703	421	68	138	15	15	15	12	15	4	17	0	172503267	580
1776375866888	S8_InvestSettlementEdge	4752345	PASSED	50	242	100	0	0	0	0	50	64	16	12	51	0	100347058	400
1776375872398	S9_MultiAdapterMix	4752345	PASSED	50	1563	903	0	434	50	50	50	54	9	13	102	0	523585822	1582
1776375877442	S10_InterleavedOperations	4752345	PASSED	50	724	233	42	205	62	62	50	26	21	23	150	0	296371960	1092
1776375882550	S1_DepositRedeemMix	4762345	PASSED	50	1211	782	423	0	0	0	0	0	4	2	51	0	284380178	1198
1776375887412	S2_AsyncRedeemFullCycle	4762345	PASSED	50	474	54	0	305	50	50	0	0	9	6	151	0	274686753	943
1776375893339	S3_RebalanceSettlement	4762345	PASSED	50	1734	826	0	680	48	48	50	64	9	9	201	0	715040122	2017
1776375897534	S4_ExchangeRateFeeAccrual	4762345	PASSED	50	193	112	22	0	0	0	0	0	50	9	50	0	61184448	294
1776375903265	S5_SanctionedUserInterlace	4762345	PASSED	50	2242	1769	412	17	17	17	0	0	6	4	51	0	564971742	1816
1776375907689	S6_InFlightEdgeCases	4762345	PASSED	50	393	130	19	73	26	26	58	33	16	12	51	0	141146790	535
1776375912309	S7_FullProtocolEndurance	4762345	PASSED	15	914	557	103	169	15	15	15	21	15	4	17	0	224494753	736
1776375916682	S8_InvestSettlementEdge	4762345	PASSED	50	246	100	0	0	0	0	50	68	16	12	51	0	102005864	402
1776375922223	S9_MultiAdapterMix	4762345	PASSED	50	1575	855	0	488	50	50	50	60	9	13	102	0	547222294	1607
1776375927297	S10_InterleavedOperations	4762345	PASSED	50	731	217	45	220	61	61	50	33	21	23	149	0	305193854	1127
1776375932390	S1_DepositRedeemMix	4772345	PASSED	50	1281	846	429	0	0	0	0	0	4	2	51	0	300244160	1169
1776375937244	S2_AsyncRedeemFullCycle	4772345	PASSED	50	488	54	0	319	50	50	0	0	9	6	151	0	281469863	946
1776375943167	S3_RebalanceSettlement	4772345	PASSED	50	1727	818	0	677	50	50	50	64	9	9	201	0	711417973	1989
1776375947352	S4_ExchangeRateFeeAccrual	4772345	PASSED	50	187	108	20	0	0	0	0	0	50	9	50	0	60220703	284
1776375952962	S5_SanctionedUserInterlace	4772345	PASSED	50	2084	1676	347	17	17	17	0	0	6	4	51	0	507884593	1656
1776375957447	S6_InFlightEdgeCases	4772345	PASSED	50	432	165	14	81	24	24	58	38	16	12	51	0	149931871	562
1776375962051	S7_FullProtocolEndurance	4772345	PASSED	15	851	457	142	173	15	15	15	15	15	4	17	0	214266658	711
1776375966375	S8_InvestSettlementEdge	4772345	PASSED	50	240	100	0	0	0	0	50	62	16	12	51	0	99595115	415
1776375971757	S9_MultiAdapterMix	4772345	PASSED	50	1539	933	0	374	49	49	50	62	9	13	102	0	500981230	1485
1776375976834	S10_InterleavedOperations	4772345	PASSED	50	730	223	62	200	59	59	50	33	21	23	149	0	298403874	1135
1776375981835	S1_DepositRedeemMix	4782345	PASSED	50	1140	738	396	0	0	0	0	0	4	2	51	0	268089954	1065
1776375986745	S2_AsyncRedeemFullCycle	4782345	PASSED	50	510	58	0	339	49	49	0	0	9	6	151	0	295052085	980
1776375992742	S3_RebalanceSettlement	4782345	PASSED	50	1826	925	0	678	50	50	50	55	9	9	201	0	735341189	2063
1776375996938	S4_ExchangeRateFeeAccrual	4782345	PASSED	50	173	104	10	0	0	0	0	0	50	9	50	0	58192070	273
1776376002486	S5_SanctionedUserInterlace	4782345	PASSED	50	2058	1679	318	17	17	17	0	0	6	4	51	0	505484889	1626
1776376006924	S6_InFlightEdgeCases	4782345	PASSED	50	403	136	21	76	26	26	58	32	16	12	51	0	144786162	532
1776376011621	S7_FullProtocolEndurance	4782345	PASSED	15	945	527	131	210	15	15	15	13	15	4	17	0	241785085	787
1776376015975	S8_InvestSettlementEdge	4782345	PASSED	50	246	100	0	0	0	0	50	68	16	12	51	0	102065611	422
1776376021308	S9_MultiAdapterMix	4782345	PASSED	50	1390	794	0	376	49	49	50	50	9	13	102	0	463588267	1391
1776376026225	S10_InterleavedOperations	4782345	PASSED	50	643	198	32	183	53	53	50	30	21	23	145	0	274755649	1011
1776376031235	S1_DepositRedeemMix	4792345	PASSED	50	1218	812	400	0	0	0	0	0	4	2	51	0	284855791	1118
1776376036239	S2_AsyncRedeemFullCycle	4792345	PASSED	50	529	56	0	358	50	50	0	0	9	6	151	0	302198831	1056
1776376042040	S3_RebalanceSettlement	4792345	PASSED	50	1618	781	0	605	50	50	50	64	9	9	201	0	656038064	1906
1776376046285	S4_ExchangeRateFeeAccrual	4792345	PASSED	50	233	141	33	0	0	0	0	0	50	9	50	0	67583041	316
1776376051954	S5_SanctionedUserInterlace	4792345	PASSED	50	2217	1783	373	17	17	17	0	0	6	4	51	0	552036885	1764
1776376056448	S6_InFlightEdgeCases	4792345	PASSED	50	430	148	15	92	27	27	58	35	16	12	51	0	154645078	574
1776376061179	S7_FullProtocolEndurance	4792345	PASSED	15	988	581	143	189	15	15	15	11	15	4	17	0	242948977	796
1776376065492	S8_InvestSettlementEdge	4792345	PASSED	50	241	100	0	0	0	0	50	63	16	12	51	0	99960524	410
1776376070899	S9_MultiAdapterMix	4792345	PASSED	50	1565	928	0	416	49	49	50	51	9	13	102	0	518216168	1522
1776376075837	S10_InterleavedOperations	4792345	PASSED	50	665	192	47	181	57	57	50	37	21	23	148	0	282103379	1029
1776376080960	S1_DepositRedeemMix	4802345	PASSED	50	1378	867	505	0	0	0	0	0	4	2	51	0	326185891	1219
1776376085826	S2_AsyncRedeemFullCycle	4802345	PASSED	50	485	54	0	318	49	49	0	0	9	6	151	0	281638863	957
1776376091691	S3_RebalanceSettlement	4802345	PASSED	50	1714	857	0	622	50	50	50	67	9	9	201	0	689315534	1951
1776376095888	S4_ExchangeRateFeeAccrual	4802345	PASSED	50	210	124	27	0	0	0	0	0	50	9	50	0	64078133	302
1776376101472	S5_SanctionedUserInterlace	4802345	PASSED	50	2116	1713	345	16	16	16	0	0	6	4	51	0	523172535	1699
1776376105946	S6_InFlightEdgeCases	4802345	PASSED	50	425	146	14	83	30	30	58	36	16	12	51	0	150972207	548
1776376110681	S7_FullProtocolEndurance	4802345	PASSED	15	1000	581	122	217	15	15	15	16	15	4	17	0	255490576	804
1776376114994	S8_InvestSettlementEdge	4802345	PASSED	50	242	100	0	0	0	0	50	64	16	12	51	0	100319033	399
1776376120421	S9_MultiAdapterMix	4802345	PASSED	50	1503	800	0	479	50	50	50	52	9	13	102	0	522960597	1484
1776376125344	S10_InterleavedOperations	4802345	PASSED	50	614	179	39	172	50	50	50	30	21	23	141	0	262041358	981
1776376130373	S1_DepositRedeemMix	4812345	PASSED	50	1228	800	422	0	0	0	0	0	4	2	51	0	287921190	1131
1776376135268	S2_AsyncRedeemFullCycle	4812345	PASSED	50	468	54	0	299	50	50	0	0	9	6	151	0	271663668	978
1776376141195	S3_RebalanceSettlement	4812345	PASSED	50	1758	876	0	644	50	50	50	70	9	9	201	0	711507220	2012
1776376145412	S4_ExchangeRateFeeAccrual	4812345	PASSED	50	202	117	26	0	0	0	0	0	50	9	50	0	62605093	309
1776376151035	S5_SanctionedUserInterlace	4812345	PASSED	50	2245	1814	370	17	17	17	0	0	6	4	51	0	561037461	1758
1776376155497	S6_InFlightEdgeCases	4812345	PASSED	50	421	148	18	80	28	28	58	33	16	12	51	0	147825782	545
1776376160175	S7_FullProtocolEndurance	4812345	PASSED	15	924	481	138	230	15	15	15	11	15	4	17	0	243256373	763
1776376164512	S8_InvestSettlementEdge	4812345	PASSED	50	240	100	0	0	0	0	50	62	16	12	51	0	99405433	398
1776376169787	S9_MultiAdapterMix	4812345	PASSED	50	1347	766	0	367	49	49	50	44	9	13	102	0	447419197	1376
1776376174677	S10_InterleavedOperations	4812345	PASSED	50	631	183	27	189	57	57	50	24	21	23	147	0	272663483	1003
1776376179602	S1_DepositRedeemMix	4822345	PASSED	50	1105	742	357	0	0	0	0	0	4	2	51	0	259074100	1025
1776376184474	S2_AsyncRedeemFullCycle	4822345	PASSED	50	474	55	0	308	48	48	0	0	9	6	151	0	275124116	981
1776376190350	S3_RebalanceSettlement	4822345	PASSED	50	1727	926	0	575	49	49	50	60	9	9	201	0	673846793	1966
1776376194557	S4_ExchangeRateFeeAccrual	4822345	PASSED	50	197	116	22	0	0	0	0	0	50	9	50	0	61769354	292
1776376200304	S5_SanctionedUserInterlace	4822345	PASSED	50	2332	1862	409	17	17	17	0	0	6	4	51	0	585567556	1834
1776376204714	S6_InFlightEdgeCases	4822345	PASSED	50	358	118	11	62	23	23	58	35	16	12	51	0	131525539	493
1776376209325	S7_FullProtocolEndurance	4822345	PASSED	15	858	499	94	187	15	15	15	14	15	4	17	0	218293772	711
1776376213635	S8_InvestSettlementEdge	4822345	PASSED	50	244	100	0	0	0	0	50	66	16	12	51	0	101125267	411
1776376219144	S9_MultiAdapterMix	4822345	PASSED	50	1658	929	0	504	49	49	50	55	9	13	102	0	572807608	1599
1776376224139	S10_InterleavedOperations	4822345	PASSED	50	727	212	54	221	59	59	50	32	19	21	147	0	304833270	1076
1776376229228	S1_DepositRedeemMix	4832345	PASSED	50	1268	833	429	0	0	0	0	0	4	2	51	0	297596226	1141
1776376234176	S2_AsyncRedeemFullCycle	4832345	PASSED	50	527	59	0	353	50	50	0	0	9	6	151	0	302365076	1023
1776376240031	S3_RebalanceSettlement	4832345	PASSED	50	1641	869	0	546	49	49	50	60	9	9	201	0	640855400	1923
1776376244217	S4_ExchangeRateFeeAccrual	4832345	PASSED	50	206	123	24	0	0	0	0	0	50	9	50	0	62998766	295
1776376249856	S5_SanctionedUserInterlace	4832345	PASSED	50	2223	1767	395	17	17	17	0	0	6	4	51	0	549091167	1742
1776376254315	S6_InFlightEdgeCases	4832345	PASSED	50	413	140	17	75	28	28	58	39	16	12	51	0	144909394	532
1776376258906	S7_FullProtocolEndurance	4832345	PASSED	15	765	417	124	151	15	15	15	9	15	4	17	0	188093040	643
1776376263239	S8_InvestSettlementEdge	4832345	PASSED	50	238	100	0	0	0	0	50	60	16	12	51	0	98748587	428
1776376268594	S9_MultiAdapterMix	4832345	PASSED	50	1415	775	0	434	48	48	50	38	9	13	102	0	485370039	1427
1776376273598	S10_InterleavedOperations	4832345	PASSED	50	662	211	40	178	57	57	50	27	20	22	147	0	275109924	1041
1776376278571	S1_DepositRedeemMix	4842345	PASSED	50	1163	762	395	0	0	0	0	0	4	2	51	0	272682119	1066
1776376283500	S2_AsyncRedeemFullCycle	4842345	PASSED	50	446	52	0	281	49	49	0	0	9	6	151	0	258084134	996
1776376289370	S3_RebalanceSettlement	4842345	PASSED	50	1637	726	0	688	48	48	50	59	9	9	201	0	689226078	1957
1776376293558	S4_ExchangeRateFeeAccrual	4842345	PASSED	50	188	111	18	0	0	0	0	0	50	9	50	0	60533162	301
1776376299408	S5_SanctionedUserInterlace	4842345	PASSED	50	2255	1784	410	17	17	17	0	0	6	4	51	0	564642165	1902
1776376303898	S6_InFlightEdgeCases	4842345	PASSED	50	462	174	32	84	27	27	58	32	16	12	51	0	154491250	565
1776376308571	S7_FullProtocolEndurance	4842345	PASSED	15	963	545	136	202	15	15	15	16	15	4	17	0	243953765	782
1776376312909	S8_InvestSettlementEdge	4842345	PASSED	50	244	100	0	0	0	0	50	66	16	12	51	0	101101414	415
1776376318246	S9_MultiAdapterMix	4842345	PASSED	50	1416	789	0	405	50	50	50	50	9	13	102	0	478145370	1414
1776376323232	S10_InterleavedOperations	4842345	PASSED	50	715	211	56	211	57	57	50	29	21	23	148	0	299015938	1064
1776376328242	S1_DepositRedeemMix	4852345	PASSED	50	1229	823	400	0	0	0	0	0	4	2	51	0	289376182	1114
1776376333097	S2_AsyncRedeemFullCycle	4852345	PASSED	50	467	56	0	298	49	49	0	0	9	6	151	0	270257944	921
1776376338958	S3_RebalanceSettlement	4852345	PASSED	50	1656	839	0	594	50	50	50	55	9	9	201	0	660329897	1928
1776376343198	S4_ExchangeRateFeeAccrual	4852345	PASSED	50	197	116	22	0	0	0	0	0	50	9	50	0	62075626	307
1776376348719	S5_SanctionedUserInterlace	4852345	PASSED	50	1986	1582	343	17	17	17	0	0	6	4	51	0	485522952	1586
1776376353126	S6_InFlightEdgeCases	4852345	PASSED	50	362	123	19	56	22	22	58	34	16	12	51	0	131930105	497
1776376357813	S7_FullProtocolEndurance	4852345	PASSED	15	866	457	130	204	15	15	15	11	15	4	17	0	224426379	736
1776376362131	S8_InvestSettlementEdge	4852345	PASSED	50	241	100	0	0	0	0	50	63	16	12	51	0	99857841	400
1776376367454	S9_MultiAdapterMix	4852345	PASSED	50	1386	780	0	391	50	50	50	43	9	13	102	0	462918440	1396
1776376372399	S10_InterleavedOperations	4852345	PASSED	50	673	204	38	192	58	58	50	29	21	23	148	0	283104428	1026
1776376377470	S1_DepositRedeemMix	4862345	PASSED	50	1265	859	400	0	0	0	0	0	4	2	51	0	295394931	1150
1776376382364	S2_AsyncRedeemFullCycle	4862345	PASSED	50	505	58	0	332	50	50	0	0	9	6	151	0	290079647	971
1776376388291	S3_RebalanceSettlement	4862345	PASSED	50	1716	879	0	604	50	50	50	65	9	9	201	0	685235390	2036
1776376392499	S4_ExchangeRateFeeAccrual	4862345	PASSED	50	205	127	19	0	0	0	0	0	50	9	50	0	63170726	309
1776376398060	S5_SanctionedUserInterlace	4862345	PASSED	50	2085	1628	396	17	17	17	0	0	6	4	51	0	506312981	1648
1776376402486	S6_InFlightEdgeCases	4862345	PASSED	50	347	112	12	53	26	26	58	32	16	12	51	0	127270121	484
1776376407113	S7_FullProtocolEndurance	4862345	PASSED	15	845	486	123	158	15	15	15	14	15	4	17	0	206906080	706
1776376411510	S8_InvestSettlementEdge	4862345	PASSED	50	242	100	0	0	0	0	50	64	16	12	51	0	100386211	439
1776376416904	S9_MultiAdapterMix	4862345	PASSED	50	1488	856	0	405	50	50	50	55	9	13	102	0	495810785	1475
1776376421872	S10_InterleavedOperations	4862345	PASSED	50	672	207	32	192	60	60	50	27	21	23	149	0	282618101	1044
1776376426951	S1_DepositRedeemMix	4872345	PASSED	50	1289	856	427	0	0	0	0	0	4	2	51	0	301941166	1156
1776376431914	S2_AsyncRedeemFullCycle	4872345	PASSED	50	535	59	0	361	50	50	0	0	9	6	151	0	306569124	1023
1776376437762	S3_RebalanceSettlement	4872345	PASSED	50	1671	856	0	582	48	48	50	69	9	9	201	0	663134523	1926
1776376441942	S4_ExchangeRateFeeAccrual	4872345	PASSED	50	192	109	24	0	0	0	0	0	50	9	50	0	60996979	286
1776376447606	S5_SanctionedUserInterlace	4872345	PASSED	50	2239	1772	406	17	17	17	0	0	6	4	51	0	562333430	1756
1776376452044	S6_InFlightEdgeCases	4872345	PASSED	50	344	106	13	58	24	24	58	33	16	12	51	0	129308393	488
1776376456721	S7_FullProtocolEndurance	4872345	PASSED	15	966	519	125	243	15	15	15	15	15	4	17	0	256629046	787
1776376461021	S8_InvestSettlementEdge	4872345	PASSED	50	240	100	0	0	0	0	50	62	16	12	51	0	99516466	397
1776376466423	S9_MultiAdapterMix	4872345	PASSED	50	1455	821	0	418	49	49	50	46	9	13	102	0	489736060	1511
1776376471385	S10_InterleavedOperations	4872345	PASSED	50	715	214	37	218	60	60	50	32	21	23	148	0	299460529	1067
1776376476440	S1_DepositRedeemMix	4882345	PASSED	50	1251	838	407	0	0	0	0	0	4	2	51	0	292583849	1153
1776376481367	S2_AsyncRedeemFullCycle	4882345	PASSED	50	530	63	0	352	50	50	0	0	9	6	151	0	303410273	1003
1776376487341	S3_RebalanceSettlement	4882345	PASSED	50	1637	757	0	659	49	49	50	55	9	9	201	0	679249260	2031
1776376491552	S4_ExchangeRateFeeAccrual	4882345	PASSED	50	230	138	33	0	0	0	0	0	50	9	50	0	66898639	315
1776376497223	S5_SanctionedUserInterlace	4882345	PASSED	50	2186	1765	360	17	17	17	0	0	6	4	51	0	539997026	1774
1776376501681	S6_InFlightEdgeCases	4882345	PASSED	50	386	136	14	66	25	25	58	34	16	12	51	0	140268314	524
1776376506325	S7_FullProtocolEndurance	4882345	PASSED	15	894	457	116	241	15	15	15	16	15	4	17	0	243514583	752
1776376510628	S8_InvestSettlementEdge	4882345	PASSED	50	245	100	0	0	0	0	50	67	16	12	51	0	101537884	401
1776376516206	S9_MultiAdapterMix	4882345	PASSED	50	1693	972	0	493	49	49	50	58	9	13	102	0	578997662	1635
1776376521157	S10_InterleavedOperations	4882345	PASSED	50	662	201	27	189	58	58	50	35	21	23	148	0	282103314	1024
1776376526220	S1_DepositRedeemMix	4892345	PASSED	50	1253	852	395	0	0	0	0	0	4	2	51	0	292918371	1148
1776376531059	S2_AsyncRedeemFullCycle	4892345	PASSED	50	463	53	0	295	50	50	0	0	9	6	151	0	267035371	918
1776376536783	S3_RebalanceSettlement	4892345	PASSED	50	1556	814	0	512	50	50	50	62	9	9	201	0	607204205	1809
1776376541050	S4_ExchangeRateFeeAccrual	4892345	PASSED	50	200	115	26	0	0	0	0	0	50	9	50	0	62359477	307
1776376546621	S5_SanctionedUserInterlace	4892345	PASSED	50	2117	1679	377	17	17	17	0	0	6	4	51	0	518448365	1665
1776376551047	S6_InFlightEdgeCases	4892345	PASSED	50	372	120	12	72	26	26	58	30	16	12	51	0	137510079	512
1776376555712	S7_FullProtocolEndurance	4892345	PASSED	15	854	515	99	160	15	15	15	16	15	4	17	0	208486026	750
1776376560051	S8_InvestSettlementEdge	4892345	PASSED	50	242	100	0	0	0	0	50	64	16	12	51	0	100285523	412
1776376565503	S9_MultiAdapterMix	4892345	PASSED	50	1539	879	0	432	50	50	50	56	9	13	102	0	521113147	1507
1776376570531	S10_InterleavedOperations	4892345	PASSED	50	746	228	46	232	58	58	50	32	20	22	148	0	311664652	1109
1776376575649	S1_DepositRedeemMix	4902345	PASSED	50	1339	868	465	0	0	0	0	0	4	2	51	0	314612945	1206
1776376580531	S2_AsyncRedeemFullCycle	4902345	PASSED	50	491	53	0	325	49	49	0	0	9	6	151	0	284845791	954
1776376586387	S3_RebalanceSettlement	4902345	PASSED	50	1672	804	0	648	50	50	50	52	9	9	201	0	682467916	1947
1776376590634	S4_ExchangeRateFeeAccrual	4902345	PASSED	50	234	144	31	0	0	0	0	0	50	9	50	0	67675990	316
1776376596275	S5_SanctionedUserInterlace	4902345	PASSED	50	2152	1725	369	16	16	16	0	0	6	4	51	0	533435123	1713
1776376600755	S6_InFlightEdgeCases	4902345	PASSED	50	441	170	15	84	24	24	58	38	16	12	51	0	152575713	552
1776376605367	S7_FullProtocolEndurance	4902345	PASSED	15	863	487	124	175	15	15	15	13	15	4	17	0	215078426	716
1776376609719	S8_InvestSettlementEdge	4902345	PASSED	50	240	100	0	0	0	0	50	62	16	12	51	0	99441665	420
1776376615117	S9_MultiAdapterMix	4902345	PASSED	50	1487	800	0	468	49	49	50	49	9	13	102	0	516349339	1489
1776376620094	S10_InterleavedOperations	4902345	PASSED	50	667	194	45	187	59	59	50	29	21	23	149	0	280928777	1034
1776376625062	S1_DepositRedeemMix	4912345	PASSED	50	1158	782	370	0	0	0	0	0	4	2	51	0	272520858	1069
1776376629976	S2_AsyncRedeemFullCycle	4912345	PASSED	50	473	54	0	306	49	49	0	0	9	6	151	0	273564327	987
1776376635913	S3_RebalanceSettlement	4912345	PASSED	50	1802	886	0	670	50	50	50	78	9	9	201	0	733357543	2026
1776376640102	S4_ExchangeRateFeeAccrual	4912345	PASSED	50	170	95	16	0	0	0	0	0	50	9	50	0	57583734	271
1776376645784	S5_SanctionedUserInterlace	4912345	PASSED	50	2219	1774	384	17	17	17	0	0	6	4	51	0	554559611	1748
1776376650288	S6_InFlightEdgeCases	4912345	PASSED	50	479	183	11	98	31	31	58	39	16	12	51	0	163858005	582
1776376654954	S7_FullProtocolEndurance	4912345	PASSED	15	851	504	111	160	15	15	15	12	15	4	17	0	207088458	688
1776376659278	S8_InvestSettlementEdge	4912345	PASSED	50	239	100	0	0	0	0	50	61	16	12	51	0	99062415	401
1776376664661	S9_MultiAdapterMix	4912345	PASSED	50	1509	843	0	447	50	50	50	47	9	13	102	0	513176516	1477
1776376669748	S10_InterleavedOperations	4912345	PASSED	50	758	211	54	246	59	59	50	35	21	23	147	0	319439159	1117
1776376674714	S1_DepositRedeemMix	4922345	PASSED	50	1134	747	381	0	0	0	0	0	4	2	51	0	266115482	1058
1776376679557	S2_AsyncRedeemFullCycle	4922345	PASSED	50	459	54	0	292	49	49	0	0	9	6	151	0	266588079	942
1776376685537	S3_RebalanceSettlement	4922345	PASSED	50	1877	938	0	700	50	50	50	71	9	9	201	0	766628640	2085
1776376689754	S4_ExchangeRateFeeAccrual	4922345	PASSED	50	189	108	22	0	0	0	0	0	50	9	50	0	60611423	287
1776376695454	S5_SanctionedUserInterlace	4922345	PASSED	50	2293	1826	409	16	16	16	0	0	6	4	51	0	570745600	1790
1776376699915	S6_InFlightEdgeCases	4922345	PASSED	50	401	141	19	75	28	28	58	24	16	12	51	0	140200419	523
1776376704594	S7_FullProtocolEndurance	4922345	PASSED	15	858	425	134	224	15	15	15	11	15	4	17	0	229270292	725
1776376708939	S8_InvestSettlementEdge	4922345	PASSED	50	241	100	0	0	0	0	50	63	16	12	51	0	99871557	395
1776376714282	S9_MultiAdapterMix	4922345	PASSED	50	1426	842	0	367	48	48	50	49	9	13	102	0	467345945	1423
1776376719212	S10_InterleavedOperations	4922345	PASSED	50	656	199	37	177	60	60	50	29	21	23	150	0	275144085	1018
1776376724346	S1_DepositRedeemMix	4932345	PASSED	50	1311	853	452	0	0	0	0	0	4	2	51	0	307699916	1192
1776376729261	S2_AsyncRedeemFullCycle	4932345	PASSED	50	494	56	0	325	49	49	0	0	9	6	151	0	286580848	959
1776376735206	S3_RebalanceSettlement	4932345	PASSED	50	1657	792	0	642	49	49	50	57	9	9	201	0	678894353	2036
1776376739419	S4_ExchangeRateFeeAccrual	4932345	PASSED	50	187	105	23	0	0	0	0	0	50	9	50	0	60509650	289
1776376744997	S5_SanctionedUserInterlace	4932345	PASSED	50	2124	1665	398	17	17	17	0	0	6	4	51	0	527061986	1691
1776376749432	S6_InFlightEdgeCases	4932345	PASSED	50	381	123	10	67	28	28	58	39	16	12	51	0	139019682	517
1776376754026	S7_FullProtocolEndurance	4932345	PASSED	15	829	426	114	214	14	14	15	13	15	4	17	0	221259038	712
1776376758386	S8_InvestSettlementEdge	4932345	PASSED	50	242	100	0	0	0	0	50	64	16	12	51	0	100344327	427
1776376763791	S9_MultiAdapterMix	4932345	PASSED	50	1521	915	0	391	50	50	50	43	9	13	102	0	495077394	1494
1776376768695	S10_InterleavedOperations	4932345	PASSED	50	636	191	33	184	55	55	50	24	21	23	146	0	270915304	999
1776376773867	S1_DepositRedeemMix	4942345	PASSED	50	1337	894	437	0	0	0	0	0	4	2	51	0	313294182	1209
1776376778850	S2_AsyncRedeemFullCycle	4942345	PASSED	50	532	55	0	362	50	50	0	0	9	6	151	0	306439852	1063
1776376784671	S3_RebalanceSettlement	4942345	PASSED	50	1663	897	0	544	48	48	50	58	9	9	201	0	644336894	1905
1776376788929	S4_ExchangeRateFeeAccrual	4942345	PASSED	50	211	130	22	0	0	0	0	0	50	9	50	0	63684393	315
1776376794647	S5_SanctionedUserInterlace	4942345	PASSED	50	2295	1829	405	17	17	17	0	0	6	4	51	0	569169858	1799
1776376799110	S6_InFlightEdgeCases	4942345	PASSED	50	387	138	15	71	24	24	58	29	16	12	51	0	137556540	516
1776376803733	S7_FullProtocolEndurance	4942345	PASSED	15	815	441	115	182	15	15	15	13	15	4	17	0	209896028	712
1776376808036	S8_InvestSettlementEdge	4942345	PASSED	50	243	100	0	0	0	0	50	65	16	12	51	0	100711644	398
1776376813409	S9_MultiAdapterMix	4942345	PASSED	50	1443	813	0	407	50	50	50	51	9	13	102	0	486605892	1443
1776376818345	S10_InterleavedOperations	4942345	PASSED	50	646	184	43	182	58	58	50	27	21	23	147	0	274716039	1001
1776376823393	S1_DepositRedeemMix	4952345	PASSED	50	1212	789	417	0	0	0	0	0	4	2	51	0	285226354	1121
1776376828269	S2_AsyncRedeemFullCycle	4952345	PASSED	50	493	55	0	325	49	49	0	0	9	6	151	0	286399473	960
1776376834118	S3_RebalanceSettlement	4952345	PASSED	50	1676	820	0	624	49	49	50	66	9	9	201	0	682311424	1959
1776376838353	S4_ExchangeRateFeeAccrual	4952345	PASSED	50	221	135	27	0	0	0	0	0	50	9	50	0	65543080	324
1776376844046	S5_SanctionedUserInterlace	4952345	PASSED	50	2204	1746	397	17	17	17	0	0	6	4	51	0	552320656	1756
1776376848459	S6_InFlightEdgeCases	4952345	PASSED	50	397	139	14	75	27	27	58	29	16	12	51	0	140088877	519
1776376853107	S7_FullProtocolEndurance	4952345	PASSED	15	835	410	115	234	15	15	15	12	15	4	17	0	228349124	742
1776376857434	S8_InvestSettlementEdge	4952345	PASSED	50	243	100	0	0	0	0	50	65	16	12	51	0	100625671	404
1776376862799	S9_MultiAdapterMix	4952345	PASSED	50	1508	865	0	415	50	50	50	56	9	13	102	0	511503423	1476
1776376867722	S10_InterleavedOperations	4952345	PASSED	50	664	206	48	174	56	56	50	30	21	23	146	0	277544802	1024
1776376872808	S1_DepositRedeemMix	4962345	PASSED	50	1315	883	426	0	0	0	0	0	4	2	51	0	309803882	1182
1776376877703	S2_AsyncRedeemFullCycle	4962345	PASSED	50	453	52	0	292	47	47	0	0	9	6	151	0	266490392	968
1776376883586	S3_RebalanceSettlement	4962345	PASSED	50	1745	837	0	674	49	49	50	68	9	9	201	0	720255743	1983
1776376887800	S4_ExchangeRateFeeAccrual	4962345	PASSED	50	176	107	10	0	0	0	0	0	50	9	50	0	58395612	276
1776376893286	S5_SanctionedUserInterlace	4962345	PASSED	50	2001	1609	331	17	17	17	0	0	6	4	51	0	494709195	1592
1776376897789	S6_InFlightEdgeCases	4962345	PASSED	50	431	163	14	88	24	24	58	32	16	12	51	0	151328583	554
1776376902499	S7_FullProtocolEndurance	4962345	PASSED	15	942	544	130	190	15	15	15	14	15	4	17	0	235987336	790
1776376906825	S8_InvestSettlementEdge	4962345	PASSED	50	246	100	0	0	0	0	50	68	16	12	51	0	102102515	415
1776376912181	S9_MultiAdapterMix	4962345	PASSED	50	1425	802	0	412	49	49	50	41	9	13	102	0	481601890	1430
1776376917138	S10_InterleavedOperations	4962345	PASSED	50	695	219	51	187	59	59	50	26	21	23	148	0	286046708	1044
1776376922317	S1_DepositRedeemMix	4972345	PASSED	50	1322	889	427	0	0	0	0	0	4	2	51	0	313863929	1271
1776376927149	S2_AsyncRedeemFullCycle	4972345	PASSED	50	442	55	0	278	47	47	0	0	9	6	151	0	259446073	906
1776376933018	S3_RebalanceSettlement	4972345	PASSED	50	1753	902	0	623	50	50	50	60	9	9	201	0	701483198	1979
1776376937229	S4_ExchangeRateFeeAccrual	4972345	PASSED	50	195	121	15	0	0	0	0	0	50	9	50	0	61338232	291
1776376942759	S5_SanctionedUserInterlace	4972345	PASSED	50	2052	1605	386	17	17	17	0	0	6	4	51	0	511492236	1651
1776376947206	S6_InFlightEdgeCases	4972345	PASSED	50	392	125	15	76	28	28	58	34	16	12	51	0	142056466	530
1776376951917	S7_FullProtocolEndurance	4972345	PASSED	15	972	534	136	224	15	15	15	14	15	4	17	0	253212272	796
1776376956220	S8_InvestSettlementEdge	4972345	PASSED	50	241	100	0	0	0	0	50	63	16	12	51	0	99846675	395
1776376961669	S9_MultiAdapterMix	4972345	PASSED	50	1575	930	0	426	50	50	50	47	9	13	102	0	525406286	1543
1776376966698	S10_InterleavedOperations	4972345	PASSED	50	767	227	48	249	59	59	50	33	20	22	147	0	323283223	1117
1776376971805	S1_DepositRedeemMix	4982345	PASSED	50	1305	874	425	0	0	0	0	0	4	2	51	0	307482871	1184
1776376976659	S2_AsyncRedeemFullCycle	4982345	PASSED	50	500	57	0	330	49	49	0	0	9	6	151	0	287383026	955
1776376982549	S3_RebalanceSettlement	4982345	PASSED	50	1720	847	0	645	50	50	50	60	9	9	201	0	703927752	1981
1776376986737	S4_ExchangeRateFeeAccrual	4982345	PASSED	50	172	103	10	0	0	0	0	0	50	9	50	0	57861303	274
1776376992341	S5_SanctionedUserInterlace	4982345	PASSED	50	2174	1750	363	17	17	17	0	0	6	4	51	0	540725521	1708
1776376996783	S6_InFlightEdgeCases	4982345	PASSED	50	382	131	15	72	23	23	58	32	16	12	51	0	136686419	516
1776377001447	S7_FullProtocolEndurance	4982345	PASSED	15	875	452	143	200	15	15	15	16	15	4	17	0	227598732	739
1776377005759	S8_InvestSettlementEdge	4982345	PASSED	50	244	100	0	0	0	0	50	66	16	12	51	0	101207699	402
1776377011225	S9_MultiAdapterMix	4982345	PASSED	50	1619	897	0	502	50	50	50	48	9	13	102	0	562185703	1572
1776377016180	S10_InterleavedOperations	4982345	PASSED	50	684	198	34	215	57	57	50	29	21	23	148	0	293295417	1057
1776377021241	S1_DepositRedeemMix	4992345	PASSED	50	1245	800	439	0	0	0	0	0	4	2	51	0	294287612	1143
1776377026090	S2_AsyncRedeemFullCycle	4992345	PASSED	50	471	53	0	305	49	49	0	0	9	6	151	0	272900871	944
1776377032067	S3_RebalanceSettlement	4992345	PASSED	50	1808	901	0	667	50	50	50	72	9	9	201	0	736192951	2078
1776377036261	S4_ExchangeRateFeeAccrual	4992345	PASSED	50	202	120	23	0	0	0	0	0	50	9	50	0	62670742	294
1776377041828	S5_SanctionedUserInterlace	4992345	PASSED	50	2091	1695	335	17	17	17	0	0	6	4	51	0	522533970	1659
1776377046234	S6_InFlightEdgeCases	4992345	PASSED	50	371	118	21	60	25	25	58	36	16	12	51	0	134651442	503
1776377050889	S7_FullProtocolEndurance	4992345	PASSED	15	931	521	131	204	15	15	15	11	15	4	17	0	237772408	765
1776377055236	S8_InvestSettlementEdge	4992345	PASSED	50	244	100	0	0	0	0	50	66	16	12	51	0	101208496	428
1776377060736	S9_MultiAdapterMix	4992345	PASSED	50	1643	920	0	496	50	50	50	55	9	13	102	0	569827960	1599
1776377065802	S10_InterleavedOperations	4992345	PASSED	50	733	203	51	230	61	61	50	33	21	23	150	0	310229371	1112
1776377070734	S1_DepositRedeemMix	5002345	PASSED	50	1083	734	343	0	0	0	0	0	4	2	51	0	255105241	1006
1776377075574	S2_AsyncRedeemFullCycle	5002345	PASSED	50	448	51	0	282	50	50	0	0	9	6	151	0	262386606	922
1776377081464	S3_RebalanceSettlement	5002345	PASSED	50	1669	795	0	641	50	50	50	65	9	9	201	0	687755411	1974
1776377085678	S4_ExchangeRateFeeAccrual	5002345	PASSED	50	198	119	20	0	0	0	0	0	50	9	50	0	61950207	292
1776377091285	S5_SanctionedUserInterlace	5002345	PASSED	50	2112	1736	315	17	17	17	0	0	6	4	51	0	531837390	1685
1776377095735	S6_InFlightEdgeCases	5002345	PASSED	50	402	131	18	77	28	28	58	34	16	12	51	0	143405639	535
1776377100371	S7_FullProtocolEndurance	5002345	PASSED	15	804	390	125	211	15	15	15	14	15	4	17	0	216508897	706
1776377104680	S8_InvestSettlementEdge	5002345	PASSED	50	242	100	0	0	0	0	50	64	16	12	51	0	100561966	401
1776377110111	S9_MultiAdapterMix	5002345	PASSED	50	1523	846	0	453	50	50	50	52	9	13	102	0	525861947	1503
1776377115044	S10_InterleavedOperations	5002345	PASSED	50	654	192	30	205	55	55	50	27	19	21	145	0	282457589	1024
1776377120037	S1_DepositRedeemMix	5012345	PASSED	50	1178	795	377	0	0	0	0	0	4	2	51	0	277208323	1084
1776377124912	S2_AsyncRedeemFullCycle	5012345	PASSED	50	483	57	0	315	48	48	0	0	9	6	151	0	281282383	942
1776377130867	S3_RebalanceSettlement	5012345	PASSED	50	1755	843	0	687	48	48	50	61	9	9	201	0	726653242	2011
1776377135071	S4_ExchangeRateFeeAccrual	5012345	PASSED	50	195	116	20	0	0	0	0	0	50	9	50	0	61874003	306
1776377140701	S5_SanctionedUserInterlace	5012345	PASSED	50	2151	1766	324	17	17	17	0	0	6	4	51	0	532189187	1706
1776377145117	S6_InFlightEdgeCases	5012345	PASSED	50	430	149	18	86	28	28	58	35	16	12	51	0	150710104	546
1776377149759	S7_FullProtocolEndurance	5012345	PASSED	15	845	444	119	203	15	15	15	15	15	4	17	0	221807880	710
1776377154135	S8_InvestSettlementEdge	5012345	PASSED	50	246	100	0	0	0	0	50	68	16	12	51	0	102172499	404
1776377159507	S9_MultiAdapterMix	5012345	PASSED	50	1449	765	0	469	50	50	50	43	9	13	102	0	506482489	1470
1776377164453	S10_InterleavedOperations	5012345	PASSED	50	638	182	37	179	57	57	50	32	21	23	147	0	274732890	1005
1776377169572	S1_DepositRedeemMix	5022345	PASSED	50	1371	893	472	0	0	0	0	0	4	2	51	0	327242328	1239
1776377174384	S2_AsyncRedeemFullCycle	5022345	PASSED	50	456	52	0	291	49	49	0	0	9	6	151	0	267859324	917
1776377180224	S3_RebalanceSettlement	5022345	PASSED	50	1675	797	0	648	50	50	50	62	9	9	201	0	689534062	1948
1776377184474	S4_ExchangeRateFeeAccrual	5022345	PASSED	50	198	121	18	0	0	0	0	0	50	9	50	0	61853312	289
1776377190086	S5_SanctionedUserInterlace	5022345	PASSED	50	2142	1700	381	17	17	17	0	0	6	4	51	0	538337631	1719
1776377194546	S6_InFlightEdgeCases	5022345	PASSED	50	410	145	14	78	26	26	58	35	16	12	51	0	145655503	536
1776377199167	S7_FullProtocolEndurance	5022345	PASSED	15	848	463	121	186	15	15	15	14	15	4	17	0	217208538	716
1776377203499	S8_InvestSettlementEdge	5022345	PASSED	50	242	100	0	0	0	0	50	64	16	12	51	0	100382652	403
1776377208971	S9_MultiAdapterMix	5022345	PASSED	50	1535	891	0	421	50	50	50	51	9	13	102	0	515026857	1546
1776377213926	S10_InterleavedOperations	5022345	PASSED	50	675	201	30	202	57	57	50	34	21	23	148	0	289503334	1041
1776377218928	S1_DepositRedeemMix	5032345	PASSED	50	1127	758	363	0	0	0	0	0	4	2	51	0	265548695	1044
1776377223788	S2_AsyncRedeemFullCycle	5032345	PASSED	50	494	54	0	327	49	49	0	0	9	6	151	0	288754113	966
1776377229760	S3_RebalanceSettlement	5032345	PASSED	50	1803	887	0	682	49	49	50	68	9	9	201	0	743993188	2055
1776377233963	S4_ExchangeRateFeeAccrual	5032345	PASSED	50	200	118	23	0	0	0	0	0	50	9	50	0	62237180	294
1776377239550	S5_SanctionedUserInterlace	5032345	PASSED	50	2121	1673	387	17	17	17	0	0	6	4	51	0	531829031	1696
1776377244023	S6_InFlightEdgeCases	5032345	PASSED	50	416	142	19	88	26	26	58	29	16	12	51	0	149585860	544
1776377248705	S7_FullProtocolEndurance	5032345	PASSED	15	957	535	162	184	15	15	15	12	15	4	17	0	237582887	773
1776377253040	S8_InvestSettlementEdge	5032345	PASSED	50	244	100	0	0	0	0	50	66	16	12	51	0	101170012	419
1776377258428	S9_MultiAdapterMix	5032345	PASSED	50	1515	904	0	396	48	48	50	47	9	13	102	0	500939130	1505
1776377263434	S10_InterleavedOperations	5032345	PASSED	50	725	214	52	215	59	59	50	32	21	23	148	0	302245879	1092
1776377268570	S1_DepositRedeemMix	5042345	PASSED	50	1232	838	388	0	0	0	0	0	4	2	51	0	289908396	1208
1776377273466	S2_AsyncRedeemFullCycle	5042345	PASSED	50	484	53	0	316	50	50	0	0	9	6	151	0	279905865	962
1776377279315	S3_RebalanceSettlement	5042345	PASSED	50	1691	871	0	595	50	50	50	57	9	9	201	0	673676306	1934
1776377283529	S4_ExchangeRateFeeAccrual	5042345	PASSED	50	188	112	17	0	0	0	0	0	50	9	50	0	60363008	309
1776377289190	S5_SanctionedUserInterlace	5042345	PASSED	50	2205	1673	471	17	17	17	0	0	6	4	51	0	563959722	1765
1776377293673	S6_InFlightEdgeCases	5042345	PASSED	50	438	157	14	87	29	29	58	36	16	12	51	0	155054440	576
1776377298410	S7_FullProtocolEndurance	5042345	PASSED	15	943	566	136	160	15	15	15	17	15	4	17	0	227971526	758
1776377302721	S8_InvestSettlementEdge	5042345	PASSED	50	248	100	0	0	0	0	50	70	16	12	51	0	102906547	402
1776377308228	S9_MultiAdapterMix	5042345	PASSED	50	1653	964	0	462	50	50	50	55	9	13	102	0	560397921	1589
1776377313157	S10_InterleavedOperations	5042345	PASSED	50	647	211	34	165	59	59	50	25	21	23	149	0	269271927	1004
1776377318091	S1_DepositRedeemMix	5052345	PASSED	50	1060	701	353	0	0	0	0	0	4	2	51	0	250693800	1009
1776377322956	S2_AsyncRedeemFullCycle	5052345	PASSED	50	436	51	0	272	49	49	0	0	9	6	151	0	255752270	941
1776377328898	S3_RebalanceSettlement	5052345	PASSED	50	1707	818	0	660	50	50	50	61	9	9	201	0	704098972	2024
1776377333093	S4_ExchangeRateFeeAccrual	5052345	PASSED	50	183	107	17	0	0	0	0	0	50	9	50	0	59666142	284
1776377338713	S5_SanctionedUserInterlace	5052345	PASSED	50	2149	1698	390	17	17	17	0	0	6	4	51	0	533965792	1715
1776377343122	S6_InFlightEdgeCases	5052345	PASSED	50	365	117	7	71	27	27	58	30	16	12	51	0	137118799	510
1776377347793	S7_FullProtocolEndurance	5052345	PASSED	15	933	526	117	208	15	15	15	18	15	4	17	0	241804751	776
1776377352090	S8_InvestSettlementEdge	5052345	PASSED	50	244	100	0	0	0	0	50	66	16	12	51	0	101370308	400
1776377357471	S9_MultiAdapterMix	5052345	PASSED	50	1463	786	0	458	49	49	50	49	9	13	102	0	508802249	1490
1776377362416	S10_InterleavedOperations	5052345	PASSED	50	671	220	38	181	54	54	50	32	20	22	145	0	280682925	1028
1776377367468	S1_DepositRedeemMix	5062345	PASSED	50	1266	841	419	0	0	0	0	0	4	2	51	0	298617299	1155
1776377372340	S2_AsyncRedeemFullCycle	5062345	PASSED	50	491	53	0	325	49	49	0	0	9	6	151	0	287094827	969
1776377378399	S3_RebalanceSettlement	5062345	PASSED	50	1855	864	0	759	49	49	50	66	9	9	201	0	781052056	2122
1776377382614	S4_ExchangeRateFeeAccrual	5062345	PASSED	50	229	144	26	0	0	0	0	0	50	9	50	0	66663527	315
1776377388362	S5_SanctionedUserInterlace	5062345	PASSED	50	2352	1920	371	17	17	17	0	0	6	4	51	0	592253233	1838
1776377392775	S6_InFlightEdgeCases	5062345	PASSED	50	396	125	15	73	30	30	58	37	16	12	51	0	143223377	523
1776377397459	S7_FullProtocolEndurance	5062345	PASSED	15	954	580	133	167	15	15	15	10	15	4	17	0	229960418	780
1776377401767	S8_InvestSettlementEdge	5062345	PASSED	50	239	100	0	0	0	0	50	61	16	12	51	0	98975218	406
1776377407233	S9_MultiAdapterMix	5062345	PASSED	50	1636	932	0	484	50	50	50	48	9	13	102	0	560994250	1580
1776377412207	S10_InterleavedOperations	5062345	PASSED	50	693	211	48	199	58	58	50	27	20	22	149	0	290055296	1070
1776377417223	S1_DepositRedeemMix	5072345	PASSED	50	1207	804	397	0	0	0	0	0	4	2	51	0	282669230	1111
1776377422188	S2_AsyncRedeemFullCycle	5072345	PASSED	50	527	56	0	356	50	50	0	0	9	6	151	0	304683014	1006
1776377428144	S3_RebalanceSettlement	5072345	PASSED	50	1798	922	0	649	50	50	50	59	9	9	201	0	717849661	2029
1776377432333	S4_ExchangeRateFeeAccrual	5072345	PASSED	50	175	103	13	0	0	0	0	0	50	9	50	0	58225917	274
1776377438141	S5_SanctionedUserInterlace	5072345	PASSED	50	2439	2045	333	17	17	17	0	0	6	4	51	0	611262368	1912
1776377442585	S6_InFlightEdgeCases	5072345	PASSED	50	429	147	13	85	30	30	58	38	16	12	51	0	150610710	546
1776377447244	S7_FullProtocolEndurance	5072345	PASSED	15	938	527	118	212	15	15	15	17	15	4	17	0	241804728	763
1776377451548	S8_InvestSettlementEdge	5072345	PASSED	50	240	100	0	0	0	0	50	62	16	12	51	0	99427029	400
1776377456890	S9_MultiAdapterMix	5072345	PASSED	50	1414	788	0	409	49	49	50	47	9	13	102	0	476674420	1400
1776377461860	S10_InterleavedOperations	5072345	PASSED	50	729	231	58	207	57	57	50	29	19	21	146	0	298953489	1068
1776377466999	S1_DepositRedeemMix	5082345	PASSED	50	1349	873	470	0	0	0	0	0	4	2	51	0	319416601	1246
1776377471930	S2_AsyncRedeemFullCycle	5082345	PASSED	50	538	58	0	365	50	50	0	0	9	6	151	0	308827632	1017
1776377477784	S3_RebalanceSettlement	5082345	PASSED	50	1673	847	0	591	49	49	50	69	9	9	201	0	667518395	1922
1776377481988	S4_ExchangeRateFeeAccrual	5082345	PASSED	50	185	111	15	0	0	0	0	0	50	9	50	0	59845019	287
1776377487572	S5_SanctionedUserInterlace	5082345	PASSED	50	2013	1603	349	17	17	17	0	0	6	4	51	0	498031896	1639
1776377492037	S6_InFlightEdgeCases	5082345	PASSED	50	435	155	18	87	27	27	58	35	16	12	51	0	151466717	552
1776377496704	S7_FullProtocolEndurance	5082345	PASSED	15	915	539	122	172	15	15	15	18	15	4	17	0	225111181	767
1776377501042	S8_InvestSettlementEdge	5082345	PASSED	50	240	100	0	0	0	0	50	62	16	12	51	0	99547748	403
1776377506385	S9_MultiAdapterMix	5082345	PASSED	50	1464	849	0	396	50	50	50	47	9	13	102	0	484675900	1440
1776377511435	S10_InterleavedOperations	5082345	PASSED	50	758	227	60	226	61	61	50	29	21	23	149	0	311307709	1162
1776377516556	S1_DepositRedeemMix	5092345	PASSED	50	1361	911	444	0	0	0	0	0	4	2	51	0	319145384	1208
1776377521451	S2_AsyncRedeemFullCycle	5092345	PASSED	50	520	63	0	342	50	50	0	0	9	6	151	0	298826234	997
1776377527278	S3_RebalanceSettlement	5092345	PASSED	50	1642	813	0	605	49	49	50	58	9	9	201	0	665284996	1925
1776377531526	S4_ExchangeRateFeeAccrual	5092345	PASSED	50	186	111	16	0	0	0	0	0	50	9	50	0	60189690	290
1776377537078	S5_SanctionedUserInterlace	5092345	PASSED	50	2056	1694	301	17	17	17	0	0	6	4	51	0	508848235	1633
1776377541531	S6_InFlightEdgeCases	5092345	PASSED	50	404	142	15	75	25	25	58	36	16	12	51	0	142970212	541
1776377546194	S7_FullProtocolEndurance	5092345	PASSED	15	919	558	125	158	14	14	15	16	15	4	17	0	220841549	743
1776377550535	S8_InvestSettlementEdge	5092345	PASSED	50	242	100	0	0	0	0	50	64	16	12	51	0	100333340	398
1776377555777	S9_MultiAdapterMix	5092345	PASSED	50	1303	730	0	358	49	49	50	45	9	13	102	0	433794261	1339
1776377560694	S10_InterleavedOperations	5092345	PASSED	50	653	204	29	196	54	54	50	24	20	22	144	0	275821697	1000
1776377565796	S1_DepositRedeemMix	5102345	PASSED	50	1298	862	430	0	0	0	0	0	4	2	51	0	303982724	1173
1776377570799	S2_AsyncRedeemFullCycle	5102345	PASSED	50	564	58	0	391	50	50	0	0	9	6	151	0	321772023	1085
1776377576774	S3_RebalanceSettlement	5102345	PASSED	50	1661	752	0	677	49	49	50	66	9	9	201	0	694298803	2050
1776377580998	S4_ExchangeRateFeeAccrual	5102345	PASSED	50	210	136	15	0	0	0	0	0	50	9	50	0	62917206	296
1776377586619	S5_SanctionedUserInterlace	5102345	PASSED	50	2158	1785	312	17	17	17	0	0	6	4	51	0	535065886	1705
1776377591104	S6_InFlightEdgeCases	5102345	PASSED	50	440	153	20	97	25	25	58	34	16	12	51	0	155237234	584
1776377595734	S7_FullProtocolEndurance	5102345	PASSED	15	854	504	103	171	15	15	15	12	15	4	17	0	210697073	703
1776377600055	S8_InvestSettlementEdge	5102345	PASSED	50	243	100	0	0	0	0	50	65	16	12	51	0	100734830	399
1776377605498	S9_MultiAdapterMix	5102345	PASSED	50	1558	897	0	439	49	49	50	52	9	13	102	0	524138891	1534
1776377610477	S10_InterleavedOperations	5102345	PASSED	50	683	195	44	201	58	58	50	33	21	23	146	0	288677771	1033
1776377615564	S1_DepositRedeemMix	5112345	PASSED	50	1256	821	429	0	0	0	0	0	4	2	51	0	294388139	1179
1776377620458	S2_AsyncRedeemFullCycle	5112345	PASSED	50	489	57	0	317	50	50	0	0	9	6	151	0	285706204	964
1776377626345	S3_RebalanceSettlement	5112345	PASSED	50	1658	785	0	640	50	50	50	65	9	9	201	0	679963347	1933
1776377630551	S4_ExchangeRateFeeAccrual	5112345	PASSED	50	199	120	20	0	0	0	0	0	50	9	50	0	62097220	291
1776377636293	S5_SanctionedUserInterlace	5112345	PASSED	50	2298	1843	394	17	17	17	0	0	6	4	51	0	570690396	1815
1776377640807	S6_InFlightEdgeCases	5112345	PASSED	50	418	144	19	78	27	27	58	37	16	12	51	0	147700843	538
1776377645444	S7_FullProtocolEndurance	5112345	PASSED	15	880	477	140	184	15	15	15	15	15	4	17	0	222538558	739
1776377649745	S8_InvestSettlementEdge	5112345	PASSED	50	242	100	0	0	0	0	50	64	16	12	51	0	100391009	420
1776377655063	S9_MultiAdapterMix	5112345	PASSED	50	1412	733	0	463	48	48	50	48	9	13	102	0	495125857	1428
1776377660108	S10_InterleavedOperations	5112345	PASSED	50	689	214	45	191	56	56	50	33	21	23	145	0	285951264	1101
1776377665261	S1_DepositRedeemMix	5122345	PASSED	50	1358	891	461	0	0	0	0	0	4	2	51	0	318915032	1208
1776377670159	S2_AsyncRedeemFullCycle	5122345	PASSED	50	500	58	0	327	50	50	0	0	9	6	151	0	287345528	967
1776377676053	S3_RebalanceSettlement	5122345	PASSED	50	1774	875	0	671	50	50	50	60	9	9	201	0	720589485	2015
1776377680287	S4_ExchangeRateFeeAccrual	5122345	PASSED	50	219	138	22	0	0	0	0	0	50	9	50	0	65310170	310
1776377685818	S5_SanctionedUserInterlace	5122345	PASSED	50	2026	1648	317	17	17	17	0	0	6	4	51	0	500000239	1615
1776377690242	S6_InFlightEdgeCases	5122345	PASSED	50	390	140	8	68	25	25	58	38	16	12	51	0	139429368	514
1776377694874	S7_FullProtocolEndurance	5122345	PASSED	15	857	497	117	166	15	15	15	13	15	4	17	0	210053161	702
1776377699194	S8_InvestSettlementEdge	5122345	PASSED	50	244	100	0	0	0	0	50	66	16	12	51	0	101038882	403
1776377704619	S9_MultiAdapterMix	5122345	PASSED	50	1552	884	0	441	49	49	50	57	9	13	102	0	528084722	1511
1776377709572	S10_InterleavedOperations	5122345	PASSED	50	660	187	50	190	56	56	50	27	21	23	146	0	279020037	1045
1776377714596	S1_DepositRedeemMix	5132345	PASSED	50	1149	762	381	0	0	0	0	0	4	2	51	0	268853427	1138
1776377719468	S2_AsyncRedeemFullCycle	5132345	PASSED	50	489	53	0	323	49	49	0	0	9	6	151	0	283766262	959
1776377725286	S3_RebalanceSettlement	5132345	PASSED	50	1610	831	0	555	49	49	50	58	9	9	201	0	634863010	1891
1776377729514	S4_ExchangeRateFeeAccrual	5132345	PASSED	50	175	103	13	0	0	0	0	0	50	9	50	0	58253751	283
1776377735127	S5_SanctionedUserInterlace	5132345	PASSED	50	2215	1760	394	17	17	17	0	0	6	4	51	0	547498911	1729
1776377739604	S6_InFlightEdgeCases	5132345	PASSED	50	409	141	13	80	31	31	58	27	16	12	51	0	143516829	539
1776377744248	S7_FullProtocolEndurance	5132345	PASSED	15	866	460	107	223	15	15	15	12	15	4	17	0	230128310	723
1776377748582	S8_InvestSettlementEdge	5132345	PASSED	50	239	100	0	0	0	0	50	61	16	12	51	0	99092173	400
1776377754044	S9_MultiAdapterMix	5132345	PASSED	50	1524	838	0	467	50	50	50	47	9	13	102	0	523065148	1522
1776377758975	S10_InterleavedOperations	5132345	PASSED	50	668	185	40	202	59	59	50	31	20	22	147	0	286262603	1023
1776377764024	S1_DepositRedeemMix	5142345	PASSED	50	1211	802	403	0	0	0	0	0	4	2	51	0	285397162	1125
1776377768888	S2_AsyncRedeemFullCycle	5142345	PASSED	50	484	54	0	317	49	49	0	0	9	6	151	0	282363428	964
1776377774883	S3_RebalanceSettlement	5142345	PASSED	50	1740	840	0	679	49	49	50	55	9	9	201	0	711865925	2092
1776377779100	S4_ExchangeRateFeeAccrual	5142345	PASSED	50	186	106	21	0	0	0	0	0	50	9	50	0	60463577	287
1776377784611	S5_SanctionedUserInterlace	5142345	PASSED	50	1999	1580	358	17	17	17	0	0	6	4	51	0	496306509	1616
1776377788989	S6_InFlightEdgeCases	5142345	PASSED	50	347	112	11	64	22	22	58	30	16	12	51	0	129858647	488
1776377793616	S7_FullProtocolEndurance	5142345	PASSED	15	816	427	124	185	15	15	15	16	15	4	17	0	211188008	694
1776377797933	S8_InvestSettlementEdge	5142345	PASSED	50	240	100	0	0	0	0	50	62	16	12	51	0	99510628	399
1776377803366	S9_MultiAdapterMix	5142345	PASSED	50	1493	841	0	438	47	47	50	48	9	13	102	0	507083965	1495
1776377808326	S10_InterleavedOperations	5142345	PASSED	50	683	203	44	189	59	59	50	35	21	23	147	0	286066548	1049
1776377813451	S1_DepositRedeemMix	5152345	PASSED	50	1329	873	450	0	0	0	0	0	4	2	51	0	311999531	1217
1776377818321	S2_AsyncRedeemFullCycle	5152345	PASSED	50	444	51	0	278	50	50	0	0	9	6	151	0	258146106	900
1776377824198	S3_RebalanceSettlement	5152345	PASSED	50	1655	798	0	627	50	50	50	62	9	9	201	0	678672993	1941
1776377828378	S4_ExchangeRateFeeAccrual	5152345	PASSED	50	182	108	15	0	0	0	0	0	50	9	50	0	59591342	279
1776377833938	S5_SanctionedUserInterlace	5152345	PASSED	50	2028	1659	308	17	17	17	0	0	6	4	51	0	497033771	1634
1776377838376	S6_InFlightEdgeCases	5152345	PASSED	50	394	133	10	85	28	28	58	24	16	12	51	0	140240400	522
1776377843101	S7_FullProtocolEndurance	5152345	PASSED	15	958	563	141	173	15	15	15	17	15	4	17	0	233797254	776
1776377847418	S8_InvestSettlementEdge	5152345	PASSED	50	246	100	0	0	0	0	50	68	16	12	51	0	102056394	417
1776377852733	S9_MultiAdapterMix	5152345	PASSED	50	1423	791	0	416	50	50	50	44	9	13	102	0	479820603	1411
1776377857680	S10_InterleavedOperations	5152345	PASSED	50	664	195	31	200	57	57	50	30	21	23	146	0	284317285	1040
1776377862812	S1_DepositRedeemMix	5162345	PASSED	50	1367	867	494	0	0	0	0	0	4	2	51	0	322115124	1229
1776377867739	S2_AsyncRedeemFullCycle	5162345	PASSED	50	522	56	0	351	50	50	0	0	9	6	151	0	299896602	1003
1776377873522	S3_RebalanceSettlement	5162345	PASSED	50	1624	830	0	568	49	49	50	60	9	9	201	0	643787721	1888
1776377877780	S4_ExchangeRateFeeAccrual	5162345	PASSED	50	247	150	38	0	0	0	0	0	50	9	50	0	69638048	332
1776377883355	S5_SanctionedUserInterlace	5162345	PASSED	50	2095	1655	379	17	17	17	0	0	6	4	51	0	524907100	1674
1776377887790	S6_InFlightEdgeCases	5162345	PASSED	50	355	118	16	61	23	23	58	28	16	12	51	0	130358832	512
1776377892387	S7_FullProtocolEndurance	5162345	PASSED	15	887	514	146	149	15	15	15	14	15	4	17	0	212821572	716
1776377896679	S8_InvestSettlementEdge	5162345	PASSED	50	241	100	0	0	0	0	50	63	16	12	51	0	99886692	401
1776377902206	S9_MultiAdapterMix	5162345	PASSED	50	1590	828	0	542	50	50	50	48	9	13	102	0	565208806	1591
1776377907114	S10_InterleavedOperations	5162345	PASSED	50	667	199	38	185	60	60	50	31	21	23	148	0	278742072	1008
1776377912243	S1_DepositRedeemMix	5172345	PASSED	50	1320	871	443	0	0	0	0	0	4	2	51	0	309601532	1191
1776377917216	S2_AsyncRedeemFullCycle	5172345	PASSED	50	520	61	0	344	50	50	0	0	9	6	151	0	295745559	1035
1776377923116	S3_RebalanceSettlement	5172345	PASSED	50	1778	930	0	629	48	48	50	55	9	9	201	0	704734711	2011
1776377927366	S4_ExchangeRateFeeAccrual	5172345	PASSED	50	181	108	14	0	0	0	0	0	50	9	50	0	59386129	301
1776377933010	S5_SanctionedUserInterlace	5172345	PASSED	50	2248	1833	354	17	17	17	0	0	6	4	51	0	556816711	1759
1776377937513	S6_InFlightEdgeCases	5172345	PASSED	50	448	166	11	93	27	27	58	38	16	12	51	0	158954220	589
1776377942124	S7_FullProtocolEndurance	5172345	PASSED	15	824	449	127	172	15	15	15	12	15	4	17	0	207169512	689
1776377946414	S8_InvestSettlementEdge	5172345	PASSED	50	239	100	0	0	0	0	50	61	16	12	51	0	99261035	396
1776377951858	S9_MultiAdapterMix	5172345	PASSED	50	1593	906	0	468	50	50	50	47	9	13	102	0	540997809	1574
1776377956744	S10_InterleavedOperations	5172345	PASSED	50	640	201	25	177	56	56	50	31	21	23	144	0	270368337	986
1776377961859	S1_DepositRedeemMix	5182345	PASSED	50	1295	833	456	0	0	0	0	0	4	2	51	0	304122023	1219
1776377966693	S2_AsyncRedeemFullCycle	5182345	PASSED	50	454	56	0	283	50	50	0	0	9	6	151	0	263632914	908
1776377972638	S3_RebalanceSettlement	5182345	PASSED	50	1766	956	0	578	50	50	50	64	9	9	201	0	686550804	2020
1776377976846	S4_ExchangeRateFeeAccrual	5182345	PASSED	50	170	93	18	0	0	0	0	0	50	9	50	0	57566194	272
1776377982477	S5_SanctionedUserInterlace	5182345	PASSED	50	2174	1738	375	17	17	17	0	0	6	4	51	0	535083321	1721
1776377986919	S6_InFlightEdgeCases	5182345	PASSED	50	385	133	8	71	28	28	58	31	16	12	51	0	136503207	515
1776377991580	S7_FullProtocolEndurance	5182345	PASSED	15	867	423	141	227	15	15	15	12	15	4	17	0	231544215	728
1776377995895	S8_InvestSettlementEdge	5182345	PASSED	50	244	100	0	0	0	0	50	66	16	12	51	0	101054114	397
1776378001338	S9_MultiAdapterMix	5182345	PASSED	50	1579	858	0	502	49	49	50	49	9	13	102	0	551535669	1550
1776378006239	S10_InterleavedOperations	5182345	PASSED	50	649	196	36	176	57	57	50	33	21	23	147	0	275171194	1009
1776378011388	S1_DepositRedeemMix	5192345	PASSED	50	1358	911	441	0	0	0	0	0	4	2	51	0	318466861	1250
1776378016168	S2_AsyncRedeemFullCycle	5192345	PASSED	50	445	55	0	275	50	50	0	0	9	6	151	0	260183931	903
1776378022025	S3_RebalanceSettlement	5192345	PASSED	50	1676	816	0	634	49	49	50	60	9	9	201	0	681120682	1961
1776378026263	S4_ExchangeRateFeeAccrual	5192345	PASSED	50	193	115	19	0	0	0	0	0	50	9	50	0	60965326	287
1776378031843	S5_SanctionedUserInterlace	5192345	PASSED	50	2072	1693	318	17	17	17	0	0	6	4	51	0	514265697	1649
1776378036272	S6_InFlightEdgeCases	5192345	PASSED	50	403	136	15	73	30	30	58	33	16	12	51	0	141645728	526
1776378041015	S7_FullProtocolEndurance	5192345	PASSED	15	998	540	181	204	15	15	15	9	15	4	17	0	250723735	811
1776378045331	S8_InvestSettlementEdge	5192345	PASSED	50	241	100	0	0	0	0	50	63	16	12	51	0	99888722	408
1776378050873	S9_MultiAdapterMix	5192345	PASSED	50	1626	915	0	492	49	49	50	49	9	13	102	0	557536357	1636
1776378055872	S10_InterleavedOperations	5192345	PASSED	50	668	196	49	184	59	59	50	29	20	22	149	0	281070392	1053
1776378061095	S1_DepositRedeemMix	5202345	PASSED	50	1353	902	445	0	0	0	0	0	4	2	51	0	318529739	1290
1776378066002	S2_AsyncRedeemFullCycle	5202345	PASSED	50	523	55	0	353	50	50	0	0	9	6	151	0	302363580	1011
1776378071727	S3_RebalanceSettlement	5202345	PASSED	50	1574	774	0	565	50	50	50	67	9	9	201	0	633546167	1856
1776378075920	S4_ExchangeRateFeeAccrual	5202345	PASSED	50	181	106	16	0	0	0	0	0	50	9	50	0	59339566	278
1776378081525	S5_SanctionedUserInterlace	5202345	PASSED	50	2169	1763	345	17	17	17	0	0	6	4	51	0	540222519	1714
1776378085983	S6_InFlightEdgeCases	5202345	PASSED	50	379	127	21	67	23	23	58	32	16	12	51	0	138190602	516
1776378090707	S7_FullProtocolEndurance	5202345	PASSED	15	952	551	116	206	15	15	15	15	15	4	17	0	241907083	805
1776378095021	S8_InvestSettlementEdge	5202345	PASSED	50	242	100	0	0	0	0	50	64	16	12	51	0	100415242	398
1776378100468	S9_MultiAdapterMix	5202345	PASSED	50	1559	868	0	455	50	50	50	64	9	13	102	0	533178745	1523
1776378105501	S10_InterleavedOperations	5202345	PASSED	50	697	214	48	199	56	56	50	30	21	23	145	0	287919206	1096
1776378110572	S1_DepositRedeemMix	5212345	PASSED	50	1285	832	447	0	0	0	0	0	4	2	51	0	301329365	1157
1776378115463	S2_AsyncRedeemFullCycle	5212345	PASSED	50	504	53	0	338	49	49	0	0	9	6	151	0	291698568	975
1776378121299	S3_RebalanceSettlement	5212345	PASSED	50	1682	828	0	624	49	49	50	64	9	9	201	0	681902071	1931
1776378125516	S4_ExchangeRateFeeAccrual	5212345	PASSED	50	184	104	21	0	0	0	0	0	50	9	50	0	59959846	308
1776378131059	S5_SanctionedUserInterlace	5212345	PASSED	50	2074	1681	332	17	17	17	0	0	6	4	51	0	510822532	1658
1776378135492	S6_InFlightEdgeCases	5212345	PASSED	50	407	144	16	79	26	26	58	30	16	12	51	0	145479783	543
1776378140012	S7_FullProtocolEndurance	5212345	PASSED	15	727	368	104	183	15	15	15	8	15	4	17	0	190606127	617
1776378144286	S8_InvestSettlementEdge	5212345	PASSED	50	239	100	0	0	0	0	50	61	16	12	51	0	99071094	396
1776378149656	S9_MultiAdapterMix	5212345	PASSED	50	1446	788	0	445	48	48	50	45	9	13	102	0	496218787	1462
1776378154596	S10_InterleavedOperations	5212345	PASSED	50	685	198	44	210	56	56	50	29	20	22	148	0	291608328	1050
1776378159492	S1_DepositRedeemMix	5222345	PASSED	50	1033	707	320	0	0	0	0	0	4	2	51	0	242420995	985
1776378164439	S2_AsyncRedeemFullCycle	5222345	PASSED	50	519	59	0	345	50	50	0	0	9	6	151	0	295514053	978
1776378170357	S3_RebalanceSettlement	5222345	PASSED	50	1759	910	0	621	50	50	50	60	9	9	201	0	698122616	1986
1776378174554	S4_ExchangeRateFeeAccrual	5222345	PASSED	50	179	96	24	0	0	0	0	0	50	9	50	0	59239114	282
1776378180163	S5_SanctionedUserInterlace	5222345	PASSED	50	2143	1724	358	17	17	17	0	0	6	4	51	0	525697554	1675
1776378184625	S6_InFlightEdgeCases	5222345	PASSED	50	477	178	20	103	28	28	58	34	16	12	51	0	162212026	582
1776378189175	S7_FullProtocolEndurance	5222345	PASSED	15	794	458	120	138	14	14	15	16	15	4	17	0	191946286	651
1776378193497	S8_InvestSettlementEdge	5222345	PASSED	50	244	100	0	0	0	0	50	66	16	12	51	0	101185564	412
1776378198928	S9_MultiAdapterMix	5222345	PASSED	50	1592	892	0	485	48	48	50	47	9	13	102	0	546518686	1541
1776378203800	S10_InterleavedOperations	5222345	PASSED	50	576	178	34	145	51	51	50	23	21	23	142	0	246135667	940
1776378208828	S1_DepositRedeemMix	5232345	PASSED	50	1222	792	424	0	0	0	0	0	4	2	51	0	286904434	1126
1776378213688	S2_AsyncRedeemFullCycle	5232345	PASSED	50	458	56	0	289	49	49	0	0	9	6	151	0	264007271	923
1776378219587	S3_RebalanceSettlement	5232345	PASSED	50	1678	837	0	604	50	50	50	69	9	9	201	0	674463276	1973
1776378223808	S4_ExchangeRateFeeAccrual	5232345	PASSED	50	207	126	22	0	0	0	0	0	50	9	50	0	63386961	310
1776378229499	S5_SanctionedUserInterlace	5232345	PASSED	50	2177	1766	350	17	17	17	0	0	6	4	51	0	543003335	1790
1776378233923	S6_InFlightEdgeCases	5232345	PASSED	50	408	147	11	80	25	25	58	34	16	12	51	0	145150458	533
1776378238431	S7_FullProtocolEndurance	5232345	PASSED	15	768	440	119	129	15	15	15	16	15	4	17	0	183551334	625
1776378242799	S8_InvestSettlementEdge	5232345	PASSED	50	243	100	0	0	0	0	50	65	16	12	51	0	100772286	414
1776378248102	S9_MultiAdapterMix	5232345	PASSED	50	1379	744	0	419	49	49	50	46	9	13	102	0	474323887	1404
1776378253042	S10_InterleavedOperations	5232345	PASSED	50	629	163	37	196	57	57	50	25	21	23	147	0	275954065	1004
1776378258244	S1_DepositRedeemMix	5242345	PASSED	50	1414	924	484	0	0	0	0	0	4	2	51	0	333191927	1271
1776378263083	S2_AsyncRedeemFullCycle	5242345	PASSED	50	488	58	0	317	49	49	0	0	9	6	151	0	279962647	946
1776378268984	S3_RebalanceSettlement	5242345	PASSED	50	1711	823	0	655	49	49	50	67	9	9	201	0	699261653	1981
1776378273211	S4_ExchangeRateFeeAccrual	5242345	PASSED	50	175	99	17	0	0	0	0	0	50	9	50	0	58591711	305
1776378278797	S5_SanctionedUserInterlace	5242345	PASSED	50	2123	1730	332	17	17	17	0	0	6	4	51	0	519912288	1682
1776378283268	S6_InFlightEdgeCases	5242345	PASSED	50	413	143	7	88	28	28	58	33	16	12	51	0	146919660	545
1776378287856	S7_FullProtocolEndurance	5242345	PASSED	15	790	471	93	149	15	15	15	13	15	4	17	0	192274268	650
1776378292151	S8_InvestSettlementEdge	5242345	PASSED	50	245	100	0	0	0	0	50	67	16	12	51	0	101419545	400
1776378297475	S9_MultiAdapterMix	5242345	PASSED	50	1428	808	0	398	49	49	50	52	9	13	102	0	479082095	1431
1776378306892	S1_DepositRedeemMix	5252345	PASSED	50	1167	772	389	0	0	0	0	0	4	2	51	0	275219267	1072
1776378311773	S2_AsyncRedeemFullCycle	5252345	PASSED	50	493	56	0	322	50	50	0	0	9	6	151	0	284446474	991
1776378317654	S3_RebalanceSettlement	5252345	PASSED	50	1735	831	0	679	48	48	50	61	9	9	201	0	713028384	1991
1776378321844	S4_ExchangeRateFeeAccrual	5252345	PASSED	50	214	129	26	0	0	0	0	0	50	9	50	0	64808531	302
1776378327501	S5_SanctionedUserInterlace	5252345	PASSED	50	2140	1690	389	17	17	17	0	0	6	4	51	0	530277765	1739
1776378331989	S6_InFlightEdgeCases	5252345	PASSED	50	382	129	13	70	26	26	58	32	16	12	51	0	138725865	517
1776378336591	S7_FullProtocolEndurance	5252345	PASSED	15	804	427	104	196	15	15	15	13	15	4	17	0	209673745	671
1776378340943	S8_InvestSettlementEdge	5252345	PASSED	50	240	100	0	0	0	0	50	62	16	12	51	0	99578072	396
1776378346433	S9_MultiAdapterMix	5252345	PASSED	50	1638	965	0	449	50	50	50	52	9	13	102	0	547672558	1573
1776378351431	S10_InterleavedOperations	5252345	PASSED	50	706	205	40	226	57	57	50	27	21	23	146	0	298836560	1095
1776378356390	S1_DepositRedeemMix	5262345	PASSED	50	1045	693	346	0	0	0	0	0	4	2	51	0	245751283	1004
1776378361275	S2_AsyncRedeemFullCycle	5262345	PASSED	50	504	57	0	336	48	48	0	0	9	6	151	0	290680504	963
1776378367306	S3_RebalanceSettlement	5262345	PASSED	50	1831	930	0	660	50	50	50	73	9	9	201	0	739357094	2132
1776378371526	S4_ExchangeRateFeeAccrual	5262345	PASSED	50	196	119	18	0	0	0	0	0	50	9	50	0	61323436	326
1776378377190	S5_SanctionedUserInterlace	5262345	PASSED	50	2269	1851	357	17	17	17	0	0	6	4	51	0	571853945	1772
1776378381636	S6_InFlightEdgeCases	5262345	PASSED	50	399	133	19	75	30	30	58	26	16	12	51	0	139552273	547
1776378386294	S7_FullProtocolEndurance	5262345	PASSED	15	890	505	100	213	15	15	15	8	15	4	17	0	229044335	731
1776378390627	S8_InvestSettlementEdge	5262345	PASSED	50	244	100	0	0	0	0	50	66	16	12	51	0	101135293	400
1776378395984	S9_MultiAdapterMix	5262345	PASSED	50	1396	731	0	458	50	50	50	35	9	13	102	0	484261416	1431
1776378400970	S10_InterleavedOperations	5262345	PASSED	50	720	221	45	209	60	60	50	31	21	23	148	0	297437567	1061
1776378406046	S1_DepositRedeemMix	5272345	PASSED	50	1282	863	413	0	0	0	0	0	4	2	51	0	299838281	1162
1776378410975	S2_AsyncRedeemFullCycle	5272345	PASSED	50	516	52	0	351	49	49	0	0	9	6	151	0	299519848	984
1776378416969	S3_RebalanceSettlement	5272345	PASSED	50	1685	747	0	698	50	50	50	72	9	9	201	0	710499947	2072
1776378421225	S4_ExchangeRateFeeAccrual	5272345	PASSED	50	233	147	27	0	0	0	0	0	50	9	50	0	67172461	330
1776378426903	S5_SanctionedUserInterlace	5272345	PASSED	50	2226	1822	343	17	17	17	0	0	6	4	51	0	555276628	1774
1776378431325	S6_InFlightEdgeCases	5272345	PASSED	50	411	140	13	88	27	27	58	30	16	12	51	0	145732838	542
1776378435983	S7_FullProtocolEndurance	5272345	PASSED	15	864	475	123	190	15	15	15	12	15	4	17	0	219091048	718
1776378440292	S8_InvestSettlementEdge	5272345	PASSED	50	240	100	0	0	0	0	50	62	16	12	51	0	99546119	399
1776378445694	S9_MultiAdapterMix	5272345	PASSED	50	1466	806	0	442	50	50	50	46	9	13	102	0	500562039	1475
1776378450687	S10_InterleavedOperations	5272345	PASSED	50	684	195	51	190	57	57	50	40	21	23	146	0	287431379	1087
1776378455678	S1_DepositRedeemMix	5282345	PASSED	50	1122	755	361	0	0	0	0	0	4	2	51	0	262721682	1052
1776378460600	S2_AsyncRedeemFullCycle	5282345	PASSED	50	482	57	0	310	50	50	0	0	9	6	151	0	279318726	994
1776378466466	S3_RebalanceSettlement	5282345	PASSED	50	1668	863	0	573	50	50	50	64	9	9	201	0	657696543	1914
1776378470729	S4_ExchangeRateFeeAccrual	5282345	PASSED	50	248	149	40	0	0	0	0	0	50	9	50	0	69940883	324
1776378476441	S5_SanctionedUserInterlace	5282345	PASSED	50	2272	1831	380	17	17	17	0	0	6	4	51	0	568536356	1799
1776378480913	S6_InFlightEdgeCases	5282345	PASSED	50	399	132	22	75	27	27	58	30	16	12	51	0	141748330	527
1776378485535	S7_FullProtocolEndurance	5282345	PASSED	15	809	439	134	164	14	14	15	10	15	4	17	0	202061266	711
1776378489835	S8_InvestSettlementEdge	5282345	PASSED	50	250	100	0	0	0	0	50	72	16	12	51	0	103903184	406
1776378495255	S9_MultiAdapterMix	5282345	PASSED	50	1547	900	0	427	50	50	50	48	9	13	102	0	515879138	1535
1776378500192	S10_InterleavedOperations	5282345	PASSED	50	627	174	42	180	58	58	50	25	19	21	147	0	270133281	1020
1776378505365	S1_DepositRedeemMix	5292345	PASSED	50	1408	932	470	0	0	0	0	0	4	2	51	0	330577590	1251
1776378510258	S2_AsyncRedeemFullCycle	5292345	PASSED	50	495	57	0	327	48	48	0	0	9	6	151	0	287160584	978
1776378516136	S3_RebalanceSettlement	5292345	PASSED	50	1733	872	0	632	50	50	50	61	9	9	201	0	695708936	1979
1776378520334	S4_ExchangeRateFeeAccrual	5292345	PASSED	50	187	110	18	0	0	0	0	0	50	9	50	0	60547803	284
1776378525979	S5_SanctionedUserInterlace	5292345	PASSED	50	2158	1730	367	17	17	17	0	0	6	4	51	0	536204731	1734
1776378530478	S6_InFlightEdgeCases	5292345	PASSED	50	430	154	21	83	25	25	58	36	16	12	51	0	151769776	551
1776378535052	S7_FullProtocolEndurance	5292345	PASSED	15	837	471	113	174	15	15	15	15	15	4	17	0	209441585	686
1776378539411	S8_InvestSettlementEdge	5292345	PASSED	50	239	100	0	0	0	0	50	61	16	12	51	0	99070243	426
1776378544950	S9_MultiAdapterMix	5292345	PASSED	50	1598	928	0	445	50	50	50	53	9	13	102	0	539519516	1601
1776378549977	S10_InterleavedOperations	5292345	PASSED	50	762	243	40	229	59	59	50	38	21	23	149	0	316033027	1119
1776378554971	S1_DepositRedeemMix	5302345	PASSED	50	1158	783	369	0	0	0	0	0	4	2	51	0	270696240	1108
1776378559863	S2_AsyncRedeemFullCycle	5302345	PASSED	50	455	55	0	287	49	49	0	0	9	6	151	0	263942406	1002
1776378565715	S3_RebalanceSettlement	5302345	PASSED	50	1628	796	0	598	50	50	50	66	9	9	201	0	657854874	1913
1776378569917	S4_ExchangeRateFeeAccrual	5302345	PASSED	50	209	123	27	0	0	0	0	0	50	9	50	0	63901138	301
1776378575414	S5_SanctionedUserInterlace	5302345	PASSED	50	1989	1611	317	17	17	17	0	0	6	4	51	0	486124125	1594
1776378579896	S6_InFlightEdgeCases	5302345	PASSED	50	416	141	14	80	29	29	58	37	16	12	51	0	148922899	548
1776378584483	S7_FullProtocolEndurance	5302345	PASSED	15	821	452	105	186	15	15	15	14	15	4	17	0	210407498	684
1776378588777	S8_InvestSettlementEdge	5302345	PASSED	50	238	100	0	0	0	0	50	60	16	12	51	0	98834412	395
1776378594293	S9_MultiAdapterMix	5302345	PASSED	50	1686	931	0	529	49	49	50	56	9	13	102	0	588891601	1629
1776378599268	S10_InterleavedOperations	5302345	PASSED	50	704	235	34	196	56	56	50	33	21	23	148	0	291556616	1045
1776378604370	S1_DepositRedeemMix	5312345	PASSED	50	1317	865	446	0	0	0	0	0	4	2	51	0	311411786	1186
1776378609194	S2_AsyncRedeemFullCycle	5312345	PASSED	50	470	55	0	302	49	49	0	0	9	6	151	0	274075726	941
1776378615074	S3_RebalanceSettlement	5312345	PASSED	50	1728	806	0	692	50	50	50	62	9	9	201	0	715921586	1990
1776378619313	S4_ExchangeRateFeeAccrual	5312345	PASSED	50	181	105	17	0	0	0	0	0	50	9	50	0	59567208	288
1776378624928	S5_SanctionedUserInterlace	5312345	PASSED	50	2125	1678	386	17	17	17	0	0	6	4	51	0	529612124	1716
1776378629410	S6_InFlightEdgeCases	5312345	PASSED	50	419	144	17	83	29	29	58	31	16	12	51	0	148254739	543
1776378634089	S7_FullProtocolEndurance	5312345	PASSED	15	963	539	142	200	15	15	15	18	15	4	17	0	243925284	786
1776378638452	S8_InvestSettlementEdge	5312345	PASSED	50	242	100	0	0	0	0	50	64	16	12	51	0	100314476	407
1776378643869	S9_MultiAdapterMix	5312345	PASSED	50	1528	842	0	473	50	50	50	41	9	13	102	0	523866871	1496
1776378648817	S10_InterleavedOperations	5312345	PASSED	50	699	203	49	212	55	55	50	33	20	22	144	0	295257852	1037
1776378653838	S1_DepositRedeemMix	5322345	PASSED	50	1136	760	370	0	0	0	0	0	4	2	51	0	265821115	1080
1776378658734	S2_AsyncRedeemFullCycle	5322345	PASSED	50	508	60	0	335	49	49	0	0	9	6	151	0	291401343	973
1776378664577	S3_RebalanceSettlement	5322345	PASSED	50	1659	838	0	589	50	50	50	64	9	9	201	0	665534440	1940
1776378668751	S4_ExchangeRateFeeAccrual	5322345	PASSED	50	178	106	13	0	0	0	0	0	50	9	50	0	59045505	279
1776378674363	S5_SanctionedUserInterlace	5322345	PASSED	50	2173	1720	392	17	17	17	0	0	6	4	51	0	537337749	1709
1776378678771	S6_InFlightEdgeCases	5322345	PASSED	50	342	103	16	64	24	24	58	25	16	12	51	0	127584665	483
1776378683622	S7_FullProtocolEndurance	5322345	PASSED	15	1028	534	155	263	15	15	15	12	15	4	17	0	275564391	892
1776378687945	S8_InvestSettlementEdge	5322345	PASSED	50	244	100	0	0	0	0	50	66	16	12	51	0	101042420	407
1776378693479	S9_MultiAdapterMix	5322345	PASSED	50	1555	865	0	469	49	49	50	51	9	13	102	0	533519375	1603
1776378698457	S10_InterleavedOperations	5322345	PASSED	50	635	178	42	184	55	55	50	29	20	22	147	0	273631415	1060
1776378703517	S1_DepositRedeemMix	5332345	PASSED	50	1251	812	433	0	0	0	0	0	4	2	51	0	293570811	1142
1776378708374	S2_AsyncRedeemFullCycle	5332345	PASSED	50	463	53	0	297	49	49	0	0	9	6	151	0	270153572	926
1776378714389	S3_RebalanceSettlement	5332345	PASSED	50	1815	846	0	732	50	50	50	69	9	9	201	0	755358796	2103
1776378718616	S4_ExchangeRateFeeAccrual	5332345	PASSED	50	198	114	25	0	0	0	0	0	50	9	50	0	62233945	290
1776378724246	S5_SanctionedUserInterlace	5332345	PASSED	50	2220	1713	446	17	17	17	0	0	6	4	51	0	554642301	1751
1776378728644	S6_InFlightEdgeCases	5332345	PASSED	50	386	127	10	73	29	29	58	32	16	12	51	0	137941703	513
1776378733272	S7_FullProtocolEndurance	5332345	PASSED	15	924	544	127	176	15	15	15	13	15	4	17	0	226679816	760
1776378737570	S8_InvestSettlementEdge	5332345	PASSED	50	237	100	0	0	0	0	50	59	16	12	51	0	98220972	408
1776378743039	S9_MultiAdapterMix	5332345	PASSED	50	1645	946	0	470	50	50	50	57	9	13	102	0	558094476	1580
1776378748030	S10_InterleavedOperations	5332345	PASSED	50	715	215	44	211	59	59	50	33	21	23	148	0	298499735	1071
1776378752925	S1_DepositRedeemMix	5342345	PASSED	50	1025	715	304	0	0	0	0	0	4	2	51	0	240406224	979
1776378757824	S2_AsyncRedeemFullCycle	5342345	PASSED	50	515	56	0	346	49	49	0	0	9	6	151	0	298600092	988
1776378763705	S3_RebalanceSettlement	5342345	PASSED	50	1724	873	0	623	48	48	50	64	9	9	201	0	692555526	1973
1776378767905	S4_ExchangeRateFeeAccrual	5342345	PASSED	50	184	115	10	0	0	0	0	0	50	9	50	0	59768431	279
1776378773556	S5_SanctionedUserInterlace	5342345	PASSED	50	2145	1763	321	17	17	17	0	0	6	4	51	0	531940660	1746
1776378778032	S6_InFlightEdgeCases	5342345	PASSED	50	412	145	14	75	29	29	58	34	16	12	51	0	146193754	534
1776378782745	S7_FullProtocolEndurance	5342345	PASSED	15	951	493	152	232	15	15	15	10	15	4	17	0	250792364	792
1776378787063	S8_InvestSettlementEdge	5342345	PASSED	50	234	100	0	0	0	0	50	56	16	12	51	0	97099301	398
1776378792433	S9_MultiAdapterMix	5342345	PASSED	50	1470	825	0	419	50	50	50	54	9	13	102	0	496143651	1452
1776378797381	S10_InterleavedOperations	5342345	PASSED	50	675	195	36	207	58	58	50	27	21	23	147	0	287597841	1037
1776378802403	S1_DepositRedeemMix	5352345	PASSED	50	1162	793	363	0	0	0	0	0	4	2	51	0	271534493	1081
1776378807274	S2_AsyncRedeemFullCycle	5352345	PASSED	50	485	56	0	314	50	50	0	0	9	6	151	0	279779596	954
1776378813102	S3_RebalanceSettlement	5352345	PASSED	50	1598	778	0	580	50	50	50	72	9	9	201	0	645270944	1898
1776378817314	S4_ExchangeRateFeeAccrual	5352345	PASSED	50	202	116	27	0	0	0	0	0	50	9	50	0	62754894	296
1776378822882	S5_SanctionedUserInterlace	5352345	PASSED	50	2128	1753	314	17	17	17	0	0	6	4	51	0	521580709	1677
1776378827344	S6_InFlightEdgeCases	5352345	PASSED	50	366	119	17	64	24	24	58	32	16	12	51	0	134329624	536
1776378832099	S7_FullProtocolEndurance	5352345	PASSED	15	1001	574	163	185	15	15	15	15	15	4	17	0	246425760	831
1776378836442	S8_InvestSettlementEdge	5352345	PASSED	50	240	100	0	0	0	0	50	62	16	12	51	0	99424715	400
1776378841854	S9_MultiAdapterMix	5352345	PASSED	50	1499	854	0	429	49	49	50	46	9	13	102	0	506831872	1485
1776378846825	S10_InterleavedOperations	5352345	PASSED	50	700	213	42	195	60	60	50	36	21	23	148	0	291923548	1045
1776378851814	S1_DepositRedeemMix	5362345	PASSED	50	1145	755	384	0	0	0	0	0	4	2	51	0	268550764	1091
1776378856647	S2_AsyncRedeemFullCycle	5362345	PASSED	50	485	57	0	313	50	50	0	0	9	6	151	0	279175743	948
1776378862471	S3_RebalanceSettlement	5362345	PASSED	50	1620	812	0	581	50	50	50	59	9	9	201	0	647071328	1913
1776378866672	S4_ExchangeRateFeeAccrual	5362345	PASSED	50	194	115	20	0	0	0	0	0	50	9	50	0	61707373	293
1776378872261	S5_SanctionedUserInterlace	5362345	PASSED	50	2070	1607	402	17	17	17	0	0	6	4	51	0	511907183	1671
1776378876737	S6_InFlightEdgeCases	5362345	PASSED	50	443	171	17	84	26	26	58	33	16	12	51	0	151829244	565
1776378881369	S7_FullProtocolEndurance	5362345	PASSED	15	790	405	142	165	15	15	15	14	15	4	17	0	199660866	688
1776378885722	S8_InvestSettlementEdge	5362345	PASSED	50	242	100	0	0	0	0	50	64	16	12	51	0	100276501	406
1776378891023	S9_MultiAdapterMix	5362345	PASSED	50	1383	773	0	395	49	49	50	45	9	13	102	0	464406207	1395
1776378896015	S10_InterleavedOperations	5362345	PASSED	50	686	207	40	195	58	58	50	34	21	23	146	0	288266631	1051
1776378901178	S1_DepositRedeemMix	5372345	PASSED	50	1337	875	456	0	0	0	0	0	4	2	51	0	315323158	1192
1776378906080	S2_AsyncRedeemFullCycle	5372345	PASSED	50	482	59	0	310	49	49	0	0	9	6	151	0	280320506	960
1776378911874	S3_RebalanceSettlement	5372345	PASSED	50	1612	813	0	571	50	50	50	60	9	9	201	0	642428285	1877
1776378916068	S4_ExchangeRateFeeAccrual	5372345	PASSED	50	181	104	18	0	0	0	0	0	50	9	50	0	59912192	282
1776378921639	S5_SanctionedUserInterlace	5372345	PASSED	50	2063	1648	354	17	17	17	0	0	6	4	51	0	506989622	1652
1776378926071	S6_InFlightEdgeCases	5372345	PASSED	50	416	151	17	70	29	29	58	34	16	12	51	0	144225425	533
1776378930694	S7_FullProtocolEndurance	5372345	PASSED	15	906	528	156	145	15	15	15	13	15	4	17	0	215357820	731
1776378934996	S8_InvestSettlementEdge	5372345	PASSED	50	238	100	0	0	0	0	50	60	16	12	51	0	98732138	397
1776378940408	S9_MultiAdapterMix	5372345	PASSED	50	1493	894	0	384	50	50	50	43	9	13	102	0	486648773	1492
1776378945427	S10_InterleavedOperations	5372345	PASSED	50	694	211	51	192	56	56	50	34	21	23	146	0	288465285	1090
1776378950455	S1_DepositRedeemMix	5382345	PASSED	50	1218	816	396	0	0	0	0	0	4	2	51	0	284878306	1109
1776378955437	S2_AsyncRedeemFullCycle	5382345	PASSED	50	486	55	0	316	50	50	0	0	9	6	151	0	280814738	1003
1776378961383	S3_RebalanceSettlement	5382345	PASSED	50	1769	836	0	707	50	50	50	58	9	9	201	0	734254314	2018
1776378965601	S4_ExchangeRateFeeAccrual	5382345	PASSED	50	188	108	21	0	0	0	0	0	50	9	50	0	60678450	307
1776378971069	S5_SanctionedUserInterlace	5382345	PASSED	50	1969	1626	282	17	17	17	0	0	6	4	51	0	483089693	1573
1776378975524	S6_InFlightEdgeCases	5382345	PASSED	50	410	148	12	74	26	26	58	38	16	12	51	0	146043528	549
1776378980206	S7_FullProtocolEndurance	5382345	PASSED	15	966	564	150	176	15	15	15	12	15	4	17	0	234915208	780
1776378984541	S8_InvestSettlementEdge	5382345	PASSED	50	244	100	0	0	0	0	50	66	16	12	51	0	101136332	402
1776378990044	S9_MultiAdapterMix	5382345	PASSED	50	1620	871	0	528	50	50	50	49	9	13	102	0	568036339	1586
1776378994993	S10_InterleavedOperations	5382345	PASSED	50	683	208	37	213	51	51	50	31	20	22	142	0	290426668	1026
1776379000195	S1_DepositRedeemMix	5392345	PASSED	50	1432	961	465	0	0	0	0	0	4	2	51	0	337008573	1275
1776379005064	S2_AsyncRedeemFullCycle	5392345	PASSED	50	485	56	0	314	50	50	0	0	9	6	151	0	279147165	948
1776379010934	S3_RebalanceSettlement	5392345	PASSED	50	1676	836	0	617	50	50	50	55	9	9	201	0	673877967	1934
1776379015140	S4_ExchangeRateFeeAccrual	5392345	PASSED	50	180	104	17	0	0	0	0	0	50	9	50	0	59335801	281
1776379020864	S5_SanctionedUserInterlace	5392345	PASSED	50	2256	1869	326	17	17	17	0	0	6	4	51	0	560315076	1774
1776379025333	S6_InFlightEdgeCases	5392345	PASSED	50	401	141	18	78	25	25	58	28	16	12	51	0	143241378	540
1776379029921	S7_FullProtocolEndurance	5392345	PASSED	15	825	456	108	186	15	15	15	11	15	4	17	0	211015502	693
1776379034239	S8_InvestSettlementEdge	5392345	PASSED	50	246	100	0	0	0	0	50	68	16	12	51	0	102083711	401
1776379039723	S9_MultiAdapterMix	5392345	PASSED	50	1627	915	0	504	48	48	50	40	9	13	102	0	559608397	1591
1776379044631	S10_InterleavedOperations	5392345	PASSED	50	650	194	45	178	57	57	50	27	20	22	146	0	273139884	1008
1776379049637	S1_DepositRedeemMix	5402345	PASSED	50	1173	803	364	0	0	0	0	0	4	2	51	0	273922901	1079
1776379054613	S2_AsyncRedeemFullCycle	5402345	PASSED	50	533	61	0	359	49	49	0	0	9	6	151	0	303677185	1056
1776379060622	S3_RebalanceSettlement	5402345	PASSED	50	1712	875	0	613	49	49	50	58	9	9	201	0	682295849	2053
1776379064835	S4_ExchangeRateFeeAccrual	5402345	PASSED	50	217	126	32	0	0	0	0	0	50	9	50	0	64860009	305
1776379070432	S5_SanctionedUserInterlace	5402345	PASSED	50	2084	1717	309	16	16	16	0	0	6	4	51	0	516285620	1668
1776379074936	S6_InFlightEdgeCases	5402345	PASSED	50	442	159	18	94	26	26	58	33	16	12	51	0	155549282	561
1776379079657	S7_FullProtocolEndurance	5402345	PASSED	15	931	528	128	195	15	15	15	16	15	4	17	0	234977790	812
1776379083959	S8_InvestSettlementEdge	5402345	PASSED	50	244	100	0	0	0	0	50	66	16	12	51	0	101305929	403
1776379089406	S9_MultiAdapterMix	5402345	PASSED	50	1524	885	0	418	50	50	50	49	9	13	102	0	510980873	1518
1776379094292	S10_InterleavedOperations	5402345	PASSED	50	646	201	46	165	54	54	50	32	21	23	145	0	269121482	998
1776379099391	S1_DepositRedeemMix	5412345	PASSED	50	1290	843	441	0	0	0	0	0	4	2	51	0	302342299	1171
1776379104243	S2_AsyncRedeemFullCycle	5412345	PASSED	50	464	55	0	294	50	50	0	0	9	6	151	0	268141920	943
1776379110092	S3_RebalanceSettlement	5412345	PASSED	50	1652	786	0	627	50	50	50	71	9	9	201	0	675624655	1942
1776379114252	S4_ExchangeRateFeeAccrual	5412345	PASSED	50	182	105	18	0	0	0	0	0	50	9	50	0	59768907	279
1776379119843	S5_SanctionedUserInterlace	5412345	PASSED	50	2039	1621	357	17	17	17	0	0	6	4	51	0	500382783	1657
1776379124289	S6_InFlightEdgeCases	5412345	PASSED	50	432	153	13	86	30	30	58	34	16	12	51	0	149028669	541
1776379128971	S7_FullProtocolEndurance	5412345	PASSED	15	910	532	122	179	15	15	15	13	15	4	17	0	224770576	742
1776379133291	S8_InvestSettlementEdge	5412345	PASSED	50	246	100	0	0	0	0	50	68	16	12	51	0	102043197	402
1776379138593	S9_MultiAdapterMix	5412345	PASSED	50	1317	705	0	403	50	50	50	37	9	13	102	0	449174802	1415
1776379143585	S10_InterleavedOperations	5412345	PASSED	50	717	208	51	214	58	58	50	36	20	22	147	0	301984704	1074
1776379148623	S1_DepositRedeemMix	5422345	PASSED	50	1255	815	434	0	0	0	0	0	4	2	51	0	296367431	1137
1776379153516	S2_AsyncRedeemFullCycle	5422345	PASSED	50	477	55	0	309	49	49	0	0	9	6	151	0	275135180	952
1776379159472	S3_RebalanceSettlement	5422345	PASSED	50	1809	882	0	686	50	50	50	73	9	9	201	0	739568218	2044
1776379163675	S4_ExchangeRateFeeAccrual	5422345	PASSED	50	205	125	21	0	0	0	0	0	50	9	50	0	63009670	294
1776379169499	S5_SanctionedUserInterlace	5422345	PASSED	50	2417	1905	451	17	17	17	0	0	6	4	51	0	604505269	1890
1776379173917	S6_InFlightEdgeCases	5422345	PASSED	50	382	139	23	59	23	23	58	29	16	12	51	0	133350207	510
1776379178531	S7_FullProtocolEndurance	5422345	PASSED	15	882	513	114	177	15	15	15	14	15	4	17	0	219503867	724
1776379182834	S8_InvestSettlementEdge	5422345	PASSED	50	246	100	0	0	0	0	50	68	16	12	51	0	102034762	399
1776379188256	S9_MultiAdapterMix	5422345	PASSED	50	1492	850	0	423	50	50	50	47	9	13	102	0	500521824	1475
1776379193206	S10_InterleavedOperations	5422345	PASSED	50	645	203	42	178	54	54	50	24	19	21	145	0	271296164	1004
1776379198346	S1_DepositRedeemMix	5432345	PASSED	50	1305	855	444	0	0	0	0	0	4	2	51	0	306046507	1185
1776379203155	S2_AsyncRedeemFullCycle	5432345	PASSED	50	445	52	0	278	50	50	0	0	9	6	151	0	257875617	891
1776379209320	S3_RebalanceSettlement	5432345	PASSED	50	2088	1010	0	832	50	50	50	78	9	9	201	0	880469654	2273
1776379213529	S4_ExchangeRateFeeAccrual	5432345	PASSED	50	215	130	26	0	0	0	0	0	50	9	50	0	64634466	312
1776379219107	S5_SanctionedUserInterlace	5432345	PASSED	50	2100	1717	322	17	17	17	0	0	6	4	51	0	517654696	1649
1776379223556	S6_InFlightEdgeCases	5432345	PASSED	50	392	144	10	74	24	24	58	30	16	12	51	0	138176606	518
1776379228126	S7_FullProtocolEndurance	5432345	PASSED	15	802	478	99	146	14	14	15	17	15	4	17	0	194812685	654
1776379232466	S8_InvestSettlementEdge	5432345	PASSED	50	239	100	0	0	0	0	50	61	16	12	51	0	99082212	405
1776379237870	S9_MultiAdapterMix	5432345	PASSED	50	1548	942	0	378	50	50	50	56	9	13	102	0	501964025	1496
1776379242881	S10_InterleavedOperations	5432345	PASSED	50	719	197	41	231	59	59	50	38	21	23	147	0	306546018	1071
1776379248027	S1_DepositRedeemMix	5442345	PASSED	50	1323	862	455	0	0	0	0	0	4	2	51	0	310520809	1211
1776379252861	S2_AsyncRedeemFullCycle	5442345	PASSED	50	462	54	0	293	50	50	0	0	9	6	151	0	266767061	917
1776379258878	S3_RebalanceSettlement	5442345	PASSED	50	1796	903	0	659	50	50	50	66	9	9	201	0	723004600	2108
1776379263111	S4_ExchangeRateFeeAccrual	5442345	PASSED	50	205	121	25	0	0	0	0	0	50	9	50	0	63123849	313
1776379268668	S5_SanctionedUserInterlace	5442345	PASSED	50	2108	1667	380	17	17	17	0	0	6	4	51	0	525799446	1670
1776379273099	S6_InFlightEdgeCases	5442345	PASSED	50	405	133	22	77	27	27	58	33	16	12	51	0	144234719	533
1776379277764	S7_FullProtocolEndurance	5442345	PASSED	15	933	552	115	190	15	15	15	12	15	4	17	0	232070059	769
1776379282062	S8_InvestSettlementEdge	5442345	PASSED	50	241	100	0	0	0	0	50	63	16	12	51	0	99884374	398
1776379287405	S9_MultiAdapterMix	5442345	PASSED	50	1366	785	0	365	49	49	50	46	9	13	102	0	451040994	1451
1776379292337	S10_InterleavedOperations	5442345	PASSED	50	681	216	36	185	58	58	50	34	21	23	147	0	283703146	1029
1776379297330	S1_DepositRedeemMix	5452345	PASSED	50	1204	812	386	0	0	0	0	0	4	2	51	0	281543580	1102
1776379302240	S2_AsyncRedeemFullCycle	5452345	PASSED	50	513	57	0	341	50	50	0	0	9	6	151	0	294967383	997
1776379308328	S3_RebalanceSettlement	5452345	PASSED	50	1890	942	0	717	50	50	50	63	9	9	201	0	770124485	2137
1776379312522	S4_ExchangeRateFeeAccrual	5452345	PASSED	50	183	100	24	0	0	0	0	0	50	9	50	0	59597671	283
1776379318175	S5_SanctionedUserInterlace	5452345	PASSED	50	2192	1740	391	17	17	17	0	0	6	4	51	0	543426773	1743
1776379322652	S6_InFlightEdgeCases	5452345	PASSED	50	425	151	13	81	29	29	58	36	16	12	51	0	149951047	543
1776379327276	S7_FullProtocolEndurance	5452345	PASSED	15	813	427	107	203	15	15	15	12	15	4	17	0	214537898	677
1776379331620	S8_InvestSettlementEdge	5452345	PASSED	50	240	100	0	0	0	0	50	62	16	12	51	0	99570264	401
1776379337035	S9_MultiAdapterMix	5452345	PASSED	50	1557	864	0	476	49	49	50	47	9	13	102	0	534278224	1518
1776379342002	S10_InterleavedOperations	5452345	PASSED	50	675	198	34	199	56	56	50	38	21	23	145	0	286724040	1051
1776379347185	S1_DepositRedeemMix	5462345	PASSED	50	1396	891	499	0	0	0	0	0	4	2	51	0	329130539	1233
1776379352090	S2_AsyncRedeemFullCycle	5462345	PASSED	50	500	55	0	330	50	50	0	0	9	6	151	0	288243783	971
1776379358122	S3_RebalanceSettlement	5462345	PASSED	50	1897	946	0	715	50	50	50	68	9	9	201	0	773158150	2104
1776379362352	S4_ExchangeRateFeeAccrual	5462345	PASSED	50	214	126	29	0	0	0	0	0	50	9	50	0	64478789	302
1776379367870	S5_SanctionedUserInterlace	5462345	PASSED	50	2003	1618	324	17	17	17	0	0	6	4	51	0	494600643	1610
1776379372360	S6_InFlightEdgeCases	5462345	PASSED	50	430	165	14	81	27	27	58	30	16	12	51	0	145551215	543
1776379376926	S7_FullProtocolEndurance	5462345	PASSED	15	744	384	105	175	15	15	15	16	15	4	17	0	193823660	653
1776379381278	S8_InvestSettlementEdge	5462345	PASSED	50	236	100	0	0	0	0	50	58	16	12	51	0	97873135	413
1776379386690	S9_MultiAdapterMix	5462345	PASSED	50	1526	883	0	417	50	50	50	54	9	13	102	0	511956175	1499
1776379391690	S10_InterleavedOperations	5462345	PASSED	50	707	225	32	209	58	58	50	31	21	23	148	0	295115594	1053
1776379396803	S1_DepositRedeemMix	5472345	PASSED	50	1255	834	415	0	0	0	0	0	4	2	51	0	293808623	1184
1776379401649	S2_AsyncRedeemFullCycle	5472345	PASSED	50	467	56	0	296	50	50	0	0	9	6	151	0	271061881	946
1776379407611	S3_RebalanceSettlement	5472345	PASSED	50	1776	841	0	704	50	50	50	63	9	9	201	0	734881955	2029
1776379411828	S4_ExchangeRateFeeAccrual	5472345	PASSED	50	169	94	16	0	0	0	0	0	50	9	50	0	57691053	273
1776379417359	S5_SanctionedUserInterlace	5472345	PASSED	50	2008	1582	365	17	17	17	0	0	6	4	51	0	496847704	1613
1776379421803	S6_InFlightEdgeCases	5472345	PASSED	50	365	107	16	63	29	29	58	35	16	12	51	0	135293219	531
1776379426503	S7_FullProtocolEndurance	5472345	PASSED	15	946	551	118	196	15	15	15	17	15	4	17	0	238121278	790
1776379430829	S8_InvestSettlementEdge	5472345	PASSED	50	241	100	0	0	0	0	50	63	16	12	51	0	99836205	399
1776379436166	S9_MultiAdapterMix	5472345	PASSED	50	1414	838	0	359	49	49	50	47	9	13	102	0	460643659	1426
1776379441063	S10_InterleavedOperations	5472345	PASSED	50	623	200	43	159	51	51	50	27	20	22	144	0	261944293	970
1776379446098	S1_DepositRedeemMix	5482345	PASSED	50	1205	811	388	0	0	0	0	0	4	2	51	0	283796532	1135
1776379450948	S2_AsyncRedeemFullCycle	5482345	PASSED	50	482	57	0	314	48	48	0	0	9	6	151	0	278553341	949
1776379456789	S3_RebalanceSettlement	5482345	PASSED	50	1686	831	0	623	50	50	50	64	9	9	201	0	680729698	1959
1776379461013	S4_ExchangeRateFeeAccrual	5482345	PASSED	50	195	110	26	0	0	0	0	0	50	9	50	0	61449205	290
1776379466561	S5_SanctionedUserInterlace	5482345	PASSED	50	2025	1635	329	17	17	17	0	0	6	4	51	0	495351269	1617
1776379471029	S6_InFlightEdgeCases	5482345	PASSED	50	423	167	25	62	23	23	58	37	16	12	51	0	142432732	534
1776379475753	S7_FullProtocolEndurance	5482345	PASSED	15	935	539	121	194	15	15	15	17	15	4	17	0	236108871	794
1776379480084	S8_InvestSettlementEdge	5482345	PASSED	50	246	100	0	0	0	0	50	68	16	12	51	0	102013394	405
1776379485384	S9_MultiAdapterMix	5482345	PASSED	50	1403	766	0	423	50	50	50	42	9	13	102	0	477032928	1403
1776379490434	S10_InterleavedOperations	5482345	PASSED	50	722	206	47	224	58	58	50	35	21	23	147	0	304458793	1081
1776379495497	S1_DepositRedeemMix	5492345	PASSED	50	1175	773	396	0	0	0	0	0	4	2	51	0	275214239	1093
1776379500389	S2_AsyncRedeemFullCycle	5492345	PASSED	50	501	57	0	329	50	50	0	0	9	6	151	0	288900405	965
1776379506361	S3_RebalanceSettlement	5492345	PASSED	50	1812	909	0	671	49	49	50	66	9	9	201	0	737113678	2045
1776379510549	S4_ExchangeRateFeeAccrual	5492345	PASSED	50	184	100	25	0	0	0	0	0	50	9	50	0	59898776	296
1776379516070	S5_SanctionedUserInterlace	5492345	PASSED	50	2036	1633	342	17	17	17	0	0	6	4	51	0	496606177	1617
1776379520533	S6_InFlightEdgeCases	5492345	PASSED	50	414	144	11	78	27	27	58	41	16	12	51	0	148230136	545
1776379525247	S7_FullProtocolEndurance	5492345	PASSED	15	987	584	124	201	15	15	15	14	15	4	17	0	246539337	820
1776379529575	S8_InvestSettlementEdge	5492345	PASSED	50	240	100	0	0	0	0	50	62	16	12	51	0	99450723	401
1776379534980	S9_MultiAdapterMix	5492345	PASSED	50	1548	850	0	475	48	48	50	55	9	13	102	0	534884672	1505
1776379539964	S10_InterleavedOperations	5492345	PASSED	50	686	207	49	192	55	55	50	34	21	23	147	0	285996271	1068
1776379544983	S1_DepositRedeemMix	5502345	PASSED	50	1196	797	393	0	0	0	0	0	4	2	51	0	279961807	1109
1776379549899	S2_AsyncRedeemFullCycle	5502345	PASSED	50	512	56	0	341	50	50	0	0	9	6	151	0	296333655	992
1776379555808	S3_RebalanceSettlement	5502345	PASSED	50	1694	799	0	660	50	50	50	67	9	9	201	0	696455536	1969
1776379560002	S4_ExchangeRateFeeAccrual	5502345	PASSED	50	194	113	22	0	0	0	0	0	50	9	50	0	61233188	287
1776379565598	S5_SanctionedUserInterlace	5502345	PASSED	50	2071	1612	398	17	17	17	0	0	6	4	51	0	518620661	1698
1776379570012	S6_InFlightEdgeCases	5502345	PASSED	50	408	145	9	80	26	26	58	36	16	12	51	0	146482061	534
1776379574730	S7_FullProtocolEndurance	5502345	PASSED	15	938	499	141	221	15	15	15	13	15	4	17	0	244913600	777
1776379579022	S8_InvestSettlementEdge	5502345	PASSED	50	236	100	0	0	0	0	50	58	16	12	51	0	97838206	395
1776379584443	S9_MultiAdapterMix	5502345	PASSED	50	1509	879	0	411	50	50	50	47	9	13	102	0	500516271	1480
1776379589430	S10_InterleavedOperations	5502345	PASSED	50	691	220	46	195	56	56	50	26	20	22	145	0	286606191	1044
1776379594596	S1_DepositRedeemMix	5512345	PASSED	50	1385	899	480	0	0	0	0	0	4	2	51	0	325843557	1237
1776379599424	S2_AsyncRedeemFullCycle	5512345	PASSED	50	461	57	0	291	49	49	0	0	9	6	151	0	267608480	931
1776379605238	S3_RebalanceSettlement	5512345	PASSED	50	1632	790	0	620	49	49	50	56	9	9	201	0	662428926	1905
1776379609445	S4_ExchangeRateFeeAccrual	5512345	PASSED	50	180	106	15	0	0	0	0	0	50	9	50	0	58936737	282
1776379614947	S5_SanctionedUserInterlace	5512345	PASSED	50	2020	1603	359	16	16	16	0	0	6	4	51	0	490793709	1605
1776379619444	S6_InFlightEdgeCases	5512345	PASSED	50	401	138	15	76	27	27	58	32	16	12	51	0	143082078	574
1776379624015	S7_FullProtocolEndurance	5512345	PASSED	15	825	462	135	150	15	15	15	14	15	4	17	0	201938870	682
1776379628305	S8_InvestSettlementEdge	5512345	PASSED	50	246	100	0	0	0	0	50	68	16	12	51	0	102050816	398
1776379633699	S9_MultiAdapterMix	5512345	PASSED	50	1511	772	0	518	49	49	50	51	9	13	102	0	538662558	1509
1776379638700	S10_InterleavedOperations	5512345	PASSED	50	745	229	45	227	58	58	50	36	20	22	147	0	309645480	1099
1776379643902	S1_DepositRedeemMix	5522345	PASSED	50	1413	910	497	0	0	0	0	0	4	2	51	0	333214543	1260
1776379648767	S2_AsyncRedeemFullCycle	5522345	PASSED	50	478	56	0	309	49	49	0	0	9	6	151	0	279108586	954
1776379654565	S3_RebalanceSettlement	5522345	PASSED	50	1598	758	0	610	49	49	50	64	9	9	201	0	653382068	1872
1776379658785	S4_ExchangeRateFeeAccrual	5522345	PASSED	50	186	103	24	0	0	0	0	0	50	9	50	0	60234950	285
1776379664415	S5_SanctionedUserInterlace	5522345	PASSED	50	2080	1649	370	17	17	17	0	0	6	4	51	0	510533921	1711
1776379668962	S6_InFlightEdgeCases	5522345	PASSED	50	444	171	8	87	28	28	58	36	16	12	51	0	151517302	571
1776379673627	S7_FullProtocolEndurance	5522345	PASSED	15	858	445	143	193	15	15	15	13	15	4	17	0	220456347	725
1776379677995	S8_InvestSettlementEdge	5522345	PASSED	50	244	100	0	0	0	0	50	66	16	12	51	0	101052060	418
1776379683386	S9_MultiAdapterMix	5522345	PASSED	50	1474	833	0	421	50	50	50	48	9	13	102	0	498269069	1484
1776379688420	S10_InterleavedOperations	5522345	PASSED	50	714	214	38	222	57	57	50	34	20	22	147	0	302639594	1073
1776379693362	S1_DepositRedeemMix	5532345	PASSED	50	1125	742	377	0	0	0	0	0	4	2	51	0	263936270	1060
1776379698195	S2_AsyncRedeemFullCycle	5532345	PASSED	50	456	54	0	289	49	49	0	0	9	6	151	0	264474584	926
1776379704147	S3_RebalanceSettlement	5532345	PASSED	50	1807	895	0	678	50	50	50	66	9	9	201	0	734183604	2033
1776379708381	S4_ExchangeRateFeeAccrual	5532345	PASSED	50	156	86	11	0	0	0	0	0	50	9	50	0	55682898	265
1776379714205	S5_SanctionedUserInterlace	5532345	PASSED	50	2457	1939	457	17	17	17	0	0	6	4	51	0	621096813	1915
1776379718653	S6_InFlightEdgeCases	5532345	PASSED	50	376	125	10	68	28	28	58	31	16	12	51	0	137002891	513
1776379723316	S7_FullProtocolEndurance	5532345	PASSED	15	908	503	130	198	15	15	15	13	15	4	17	0	231327910	747
1776379727670	S8_InvestSettlementEdge	5532345	PASSED	50	242	100	0	0	0	0	50	64	16	12	51	0	100433981	420
1776379733165	S9_MultiAdapterMix	5532345	PASSED	50	1585	951	0	413	49	49	50	51	9	13	102	0	522082034	1582
1776379738261	S10_InterleavedOperations	5532345	PASSED	50	711	212	35	224	60	60	50	28	20	22	149	0	301322220	1138
1776379743162	S1_DepositRedeemMix	5542345	PASSED	50	1036	683	347	0	0	0	0	0	4	2	51	0	245373635	985
1776379748037	S2_AsyncRedeemFullCycle	5542345	PASSED	50	488	54	0	319	50	50	0	0	9	6	151	0	283371844	972
1776379753844	S3_RebalanceSettlement	5542345	PASSED	50	1632	754	0	650	50	50	50	60	9	9	201	0	674799473	1900
1776379758020	S4_ExchangeRateFeeAccrual	5542345	PASSED	50	199	113	27	0	0	0	0	0	50	9	50	0	62221566	295
1776379763702	S5_SanctionedUserInterlace	5542345	PASSED	50	2207	1751	395	17	17	17	0	0	6	4	51	0	549173787	1769
1776379768149	S6_InFlightEdgeCases	5542345	PASSED	50	415	146	16	76	28	28	58	35	16	12	51	0	145462882	534
1776379772731	S7_FullProtocolEndurance	5542345	PASSED	15	854	525	87	168	15	15	15	10	15	4	17	0	208757404	698
1776379777046	S8_InvestSettlementEdge	5542345	PASSED	50	244	100	0	0	0	0	50	66	16	12	51	0	101080793	405
1776379782509	S9_MultiAdapterMix	5542345	PASSED	50	1566	890	0	464	50	50	50	40	9	13	102	0	530005865	1534
1776379787439	S10_InterleavedOperations	5542345	PASSED	50	641	206	42	176	53	53	50	19	20	22	145	0	269238853	1015
1776379792449	S1_DepositRedeemMix	5552345	PASSED	50	1223	810	407	0	0	0	0	0	4	2	51	0	286377048	1133
1776379797257	S2_AsyncRedeemFullCycle	5552345	PASSED	50	462	52	0	297	49	49	0	0	9	6	151	0	268575825	924
1776379803149	S3_RebalanceSettlement	5552345	PASSED	50	1745	913	0	606	48	48	50	62	9	9	201	0	694268729	1992
1776379807337	S4_ExchangeRateFeeAccrual	5552345	PASSED	50	173	102	12	0	0	0	0	0	50	9	50	0	58223775	294
1776379812965	S5_SanctionedUserInterlace	5552345	PASSED	50	2200	1767	372	17	17	17	0	0	6	4	51	0	543525032	1740
1776379817413	S6_InFlightEdgeCases	5552345	PASSED	50	422	152	20	79	28	28	58	29	16	12	51	0	146748963	559
1776379822081	S7_FullProtocolEndurance	5552345	PASSED	15	907	522	123	185	15	15	15	13	15	4	17	0	225489260	777
1776379826404	S8_InvestSettlementEdge	5552345	PASSED	50	240	100	0	0	0	0	50	62	16	12	51	0	99534197	411
1776379831792	S9_MultiAdapterMix	5552345	PASSED	50	1511	835	0	450	49	49	50	56	9	13	102	0	517646763	1492
1776379836758	S10_InterleavedOperations	5552345	PASSED	50	655	206	27	180	58	58	50	34	20	22	146	0	276407147	1047
1776379841783	S1_DepositRedeemMix	5562345	PASSED	50	1194	807	381	0	0	0	0	0	4	2	51	0	278964923	1100
1776379846663	S2_AsyncRedeemFullCycle	5562345	PASSED	50	516	56	0	345	50	50	0	0	9	6	151	0	296496097	985
1776379852524	S3_RebalanceSettlement	5562345	PASSED	50	1691	823	0	649	50	50	50	51	9	9	201	0	687552063	1972
1776379856712	S4_ExchangeRateFeeAccrual	5562345	PASSED	50	182	107	16	0	0	0	0	0	50	9	50	0	59223388	279
1776379862291	S5_SanctionedUserInterlace	5562345	PASSED	50	2107	1696	350	17	17	17	0	0	6	4	51	0	527343221	1671
1776379866743	S6_InFlightEdgeCases	5562345	PASSED	50	426	146	15	88	28	28	58	35	16	12	51	0	151852458	546
1776379871320	S7_FullProtocolEndurance	5562345	PASSED	15	824	460	128	158	15	15	15	14	15	4	17	0	203178449	684
1776379875624	S8_InvestSettlementEdge	5562345	PASSED	50	246	100	0	0	0	0	50	68	16	12	51	0	101985738	412
1776379881158	S9_MultiAdapterMix	5562345	PASSED	50	1675	937	0	511	50	50	50	55	9	13	102	0	578904493	1619
1776379886129	S10_InterleavedOperations	5562345	PASSED	50	674	178	44	211	58	58	50	31	21	23	149	0	291961616	1057
1776379891163	S1_DepositRedeemMix	5572345	PASSED	50	1194	766	422	0	0	0	0	0	4	2	51	0	280545765	1100
1776379896084	S2_AsyncRedeemFullCycle	5572345	PASSED	50	497	60	0	322	50	50	0	0	9	6	151	0	287457488	1044
1776379902148	S3_RebalanceSettlement	5572345	PASSED	50	1737	896	0	616	49	49	50	59	9	9	201	0	690232700	2143
1776379906338	S4_ExchangeRateFeeAccrual	5572345	PASSED	50	198	113	26	0	0	0	0	0	50	9	50	0	62305118	291
1776379911993	S5_SanctionedUserInterlace	5572345	PASSED	50	2154	1709	384	17	17	17	0	0	6	4	51	0	530390367	1713
1776379916450	S6_InFlightEdgeCases	5572345	PASSED	50	403	148	19	71	23	23	58	33	16	12	51	0	141788343	535
1776379921219	S7_FullProtocolEndurance	5572345	PASSED	15	1052	634	112	225	15	15	15	17	15	4	17	0	268612462	839
1776379925545	S8_InvestSettlementEdge	5572345	PASSED	50	242	100	0	0	0	0	50	64	16	12	51	0	100433480	425
1776379930923	S9_MultiAdapterMix	5572345	PASSED	50	1499	853	0	419	50	50	50	55	9	13	102	0	504823562	1472
1776379935836	S10_InterleavedOperations	5572345	PASSED	50	669	198	33	186	60	60	50	38	21	23	149	0	284056279	1040
1776379940897	S1_DepositRedeemMix	5582345	PASSED	50	1318	877	435	0	0	0	0	0	4	2	51	0	308722110	1177
1776379945827	S2_AsyncRedeemFullCycle	5582345	PASSED	50	503	55	0	333	50	50	0	0	9	6	151	0	288739065	1017
1776379951677	S3_RebalanceSettlement	5582345	PASSED	50	1698	910	0	563	49	49	50	59	9	9	201	0	661505003	1927
1776379955873	S4_ExchangeRateFeeAccrual	5582345	PASSED	50	166	99	8	0	0	0	0	0	50	9	50	0	57241137	295
1776379961455	S5_SanctionedUserInterlace	5582345	PASSED	50	2044	1600	383	17	17	17	0	0	6	4	51	0	503554866	1669
1776379965899	S6_InFlightEdgeCases	5582345	PASSED	50	419	146	19	82	26	26	58	34	16	12	51	0	148564163	537
1776379970532	S7_FullProtocolEndurance	5582345	PASSED	15	867	494	116	181	15	15	15	12	15	4	17	0	217109470	720
1776379974867	S8_InvestSettlementEdge	5582345	PASSED	50	244	100	0	0	0	0	50	66	16	12	51	0	101206882	400
1776379980246	S9_MultiAdapterMix	5582345	PASSED	50	1443	839	0	385	49	49	50	49	9	13	102	0	477146917	1482
1776379985112	S10_InterleavedOperations	5582345	PASSED	50	624	181	32	178	52	52	50	37	20	22	144	0	272066658	985
1776379990283	S1_DepositRedeemMix	5592345	PASSED	50	1384	889	489	0	0	0	0	0	4	2	51	0	328081357	1271
1776379995132	S2_AsyncRedeemFullCycle	5592345	PASSED	50	454	54	0	285	50	50	0	0	9	6	151	0	264218168	967
1776380001012	S3_RebalanceSettlement	5592345	PASSED	50	1738	854	0	658	50	50	50	58	9	9	201	0	705274525	1990
1776380005271	S4_ExchangeRateFeeAccrual	5592345	PASSED	50	213	126	28	0	0	0	0	0	50	9	50	0	64399133	333
1776380010814	S5_SanctionedUserInterlace	5592345	PASSED	50	2012	1585	366	17	17	17	0	0	6	4	51	0	490486472	1606
1776380015256	S6_InFlightEdgeCases	5592345	PASSED	50	388	130	22	67	25	25	58	33	16	12	51	0	138790724	527
1776380019929	S7_FullProtocolEndurance	5592345	PASSED	15	896	527	85	209	15	15	15	11	15	4	17	0	229876419	746
1776380024268	S8_InvestSettlementEdge	5592345	PASSED	50	244	100	0	0	0	0	50	66	16	12	51	0	101241304	400
1776380029776	S9_MultiAdapterMix	5592345	PASSED	50	1590	883	0	486	50	50	50	49	9	13	102	0	546881855	1568
1776380034762	S10_InterleavedOperations	5592345	PASSED	50	686	215	39	190	58	58	50	32	21	23	148	0	284786331	1078
1776380039778	S1_DepositRedeemMix	5602345	PASSED	50	1172	788	378	0	0	0	0	0	4	2	51	0	274240258	1088
1776380044634	S2_AsyncRedeemFullCycle	5602345	PASSED	50	488	56	0	317	50	50	0	0	9	6	151	0	282769699	954
1776380050609	S3_RebalanceSettlement	5602345	PASSED	50	1710	849	0	632	50	50	50	61	9	9	201	0	692754775	2050
1776380054789	S4_ExchangeRateFeeAccrual	5602345	PASSED	50	184	108	17	0	0	0	0	0	50	9	50	0	59826940	284
1776380060376	S5_SanctionedUserInterlace	5602345	PASSED	50	2068	1672	335	17	17	17	0	0	6	4	51	0	508300478	1676
1776380064813	S6_InFlightEdgeCases	5602345	PASSED	50	367	121	10	71	26	26	58	27	16	12	51	0	135456416	507
1776380069394	S7_FullProtocolEndurance	5602345	PASSED	15	820	438	110	192	15	15	15	16	15	4	17	0	213574657	687
1776380073675	S8_InvestSettlementEdge	5602345	PASSED	50	242	100	0	0	0	0	50	64	16	12	51	0	100274487	404
1776380079034	S9_MultiAdapterMix	5602345	PASSED	50	1489	869	0	402	50	50	50	46	9	13	102	0	491978634	1451
1776380084038	S10_InterleavedOperations	5602345	PASSED	50	711	211	49	204	61	61	50	31	21	23	150	0	296046305	1090
1776380089012	S1_DepositRedeemMix	5612345	PASSED	50	1196	801	389	0	0	0	0	0	4	2	51	0	279702842	1096
1776380093839	S2_AsyncRedeemFullCycle	5612345	PASSED	50	465	55	0	297	49	49	0	0	9	6	151	0	269544416	925
1776380099778	S3_RebalanceSettlement	5612345	PASSED	50	1820	924	0	664	49	49	50	66	9	9	201	0	731661342	2067
1776380103963	S4_ExchangeRateFeeAccrual	5612345	PASSED	50	187	109	19	0	0	0	0	0	50	9	50	0	60300088	285
1776380109574	S5_SanctionedUserInterlace	5612345	PASSED	50	2177	1784	332	17	17	17	0	0	6	4	51	0	545824669	1724
1776380114003	S6_InFlightEdgeCases	5612345	PASSED	50	365	114	10	70	28	28	58	29	16	12	51	0	135336789	502
1776380118594	S7_FullProtocolEndurance	5612345	PASSED	15	849	462	144	168	15	15	15	11	15	4	17	0	210076829	702
1776380122929	S8_InvestSettlementEdge	5612345	PASSED	50	242	100	0	0	0	0	50	64	16	12	51	0	100404657	430
1776380128362	S9_MultiAdapterMix	5612345	PASSED	50	1518	933	0	363	48	48	50	54	9	13	102	0	489229140	1499
1776380133267	S10_InterleavedOperations	5612345	PASSED	50	615	180	41	164	55	55	50	26	21	23	147	0	263949990	1000
1776380138289	S1_DepositRedeemMix	5622345	PASSED	50	1205	806	393	0	0	0	0	0	4	2	51	0	281719012	1127
1776380143139	S2_AsyncRedeemFullCycle	5622345	PASSED	50	445	56	0	278	48	48	0	0	9	6	151	0	260421956	917
1776380148992	S3_RebalanceSettlement	5622345	PASSED	50	1646	852	0	562	49	49	50	66	9	9	201	0	649755970	1894
1776380153203	S4_ExchangeRateFeeAccrual	5622345	PASSED	50	190	109	22	0	0	0	0	0	50	9	50	0	60979690	289
1776380158738	S5_SanctionedUserInterlace	5622345	PASSED	50	2026	1627	338	17	17	17	0	0	6	4	51	0	502336313	1627
1776380163201	S6_InFlightEdgeCases	5622345	PASSED	50	427	163	22	74	25	25	58	32	16	12	51	0	145011369	563
1776380167757	S7_FullProtocolEndurance	5622345	PASSED	15	745	377	127	166	15	15	15	11	15	4	17	0	190983671	645
1776380172078	S8_InvestSettlementEdge	5622345	PASSED	50	244	100	0	0	0	0	50	66	16	12	51	0	101139454	402
1776380177495	S9_MultiAdapterMix	5622345	PASSED	50	1558	893	0	447	49	49	50	48	9	13	102	0	525157210	1532
1776380182435	S10_InterleavedOperations	5622345	PASSED	50	658	189	25	202	58	58	50	32	21	23	148	0	284204326	1020
1776380187414	S1_DepositRedeemMix	5632345	PASSED	50	1164	778	380	0	0	0	0	0	4	2	51	0	272576748	1074
1776380192280	S2_AsyncRedeemFullCycle	5632345	PASSED	50	498	54	0	329	50	50	0	0	9	6	151	0	287254351	965
1776380198119	S3_RebalanceSettlement	5632345	PASSED	50	1649	828	0	588	49	49	50	67	9	9	201	0	659683800	1932
1776380202333	S4_ExchangeRateFeeAccrual	5632345	PASSED	50	214	128	27	0	0	0	0	0	50	9	50	0	64441132	303
1776380207985	S5_SanctionedUserInterlace	5632345	PASSED	50	2022	1611	350	17	17	17	0	0	6	4	51	0	493788872	1688
1776380212454	S6_InFlightEdgeCases	5632345	PASSED	50	402	138	6	79	29	29	58	35	16	12	51	0	144500441	537
1776380217095	S7_FullProtocolEndurance	5632345	PASSED	15	874	417	144	237	15	15	15	12	15	4	17	0	237528349	735
1776380221405	S8_InvestSettlementEdge	5632345	PASSED	50	238	100	0	0	0	0	50	60	16	12	51	0	98842178	404
1776380226710	S9_MultiAdapterMix	5632345	PASSED	50	1432	810	0	396	50	50	50	54	9	13	102	0	482231626	1434
1776380231685	S10_InterleavedOperations	5632345	PASSED	50	709	220	25	218	60	60	50	32	21	23	148	0	298287836	1069
1776380236749	S1_DepositRedeemMix	5642345	PASSED	50	1260	828	426	0	0	0	0	0	4	2	51	0	295394914	1147
1776380241577	S2_AsyncRedeemFullCycle	5642345	PASSED	50	474	55	0	306	49	49	0	0	9	6	151	0	275278427	941
1776380247420	S3_RebalanceSettlement	5642345	PASSED	50	1681	829	0	623	50	50	50	61	9	9	201	0	677877073	1928
1776380251644	S4_ExchangeRateFeeAccrual	5642345	PASSED	50	212	131	22	0	0	0	0	0	50	9	50	0	64077797	306
1776380257305	S5_SanctionedUserInterlace	5642345	PASSED	50	2287	1853	373	17	17	17	0	0	6	4	51	0	573525964	1786
1776380261747	S6_InFlightEdgeCases	5642345	PASSED	50	389	131	17	64	28	28	58	35	16	12	51	0	139318962	526
1776380266260	S7_FullProtocolEndurance	5642345	PASSED	15	741	402	128	137	15	15	15	10	15	4	17	0	180937730	613
1776380270563	S8_InvestSettlementEdge	5642345	PASSED	50	242	100	0	0	0	0	50	64	16	12	51	0	100281994	416
1776380275962	S9_MultiAdapterMix	5642345	PASSED	50	1496	852	0	431	50	50	50	41	9	13	102	0	501706921	1482
1776380280921	S10_InterleavedOperations	5642345	PASSED	50	698	219	28	210	59	59	50	31	20	22	149	0	294523998	1054
1776380285918	S1_DepositRedeemMix	5652345	PASSED	50	1195	811	378	0	0	0	0	0	4	2	51	0	281111233	1113
1776380290741	S2_AsyncRedeemFullCycle	5652345	PASSED	50	461	54	0	292	50	50	0	0	9	6	151	0	268662460	939
1776380296601	S3_RebalanceSettlement	5652345	PASSED	50	1719	866	0	629	49	49	50	58	9	9	201	0	690920395	1966
1776380300812	S4_ExchangeRateFeeAccrual	5652345	PASSED	50	184	106	19	0	0	0	0	0	50	9	50	0	59972022	293
1776380306375	S5_SanctionedUserInterlace	5652345	PASSED	50	2009	1647	301	17	17	17	0	0	6	4	51	0	485871254	1617
1776380310749	S6_InFlightEdgeCases	5652345	PASSED	50	372	120	23	67	25	25	58	26	16	12	51	0	133521880	509
1776380315414	S7_FullProtocolEndurance	5652345	PASSED	15	918	511	127	198	15	15	15	18	15	4	17	0	234764469	767
1776380319739	S8_InvestSettlementEdge	5652345	PASSED	50	240	100	0	0	0	0	50	62	16	12	51	0	99590984	446
1776380325106	S9_MultiAdapterMix	5652345	PASSED	50	1423	770	0	439	49	49	50	44	9	13	102	0	488062108	1452
1776380330075	S10_InterleavedOperations	5652345	PASSED	50	687	207	37	202	58	58	50	31	21	23	148	0	289855637	1078
1776380335100	S1_DepositRedeemMix	5662345	PASSED	50	1209	801	402	0	0	0	0	0	4	2	51	0	283180667	1109
1776380339960	S2_AsyncRedeemFullCycle	5662345	PASSED	50	480	55	0	312	49	49	0	0	9	6	151	0	278373289	957
1776380345793	S3_RebalanceSettlement	5662345	PASSED	50	1694	867	0	598	50	50	50	61	9	9	201	0	677132392	1934
1776380350009	S4_ExchangeRateFeeAccrual	5662345	PASSED	50	234	146	29	0	0	0	0	0	50	9	50	0	67324414	317
1776380355648	S5_SanctionedUserInterlace	5662345	PASSED	50	2297	1778	458	17	17	17	0	0	6	4	51	0	566041249	1784
1776380360041	S6_InFlightEdgeCases	5662345	PASSED	50	387	124	15	69	27	27	58	39	16	12	51	0	139544710	519
1776380364708	S7_FullProtocolEndurance	5662345	PASSED	15	957	504	140	235	15	15	15	14	15	4	17	0	253446179	787
1776380368999	S8_InvestSettlementEdge	5662345	PASSED	50	241	100	0	0	0	0	50	63	16	12	51	0	99924537	398
1776380374264	S9_MultiAdapterMix	5662345	PASSED	50	1364	789	0	361	48	48	50	46	9	13	102	0	449708460	1378
1776380379273	S10_InterleavedOperations	5662345	PASSED	50	699	216	48	193	60	60	50	28	21	23	150	0	288782387	1082
1776380384386	S1_DepositRedeemMix	5672345	PASSED	50	1282	847	429	0	0	0	0	0	4	2	51	0	300172644	1169
1776380389262	S2_AsyncRedeemFullCycle	5672345	PASSED	50	504	57	0	332	50	50	0	0	9	6	151	0	290632556	973
1776380395220	S3_RebalanceSettlement	5672345	PASSED	50	1826	931	0	663	50	50	50	64	9	9	201	0	732382851	2071
1776380399434	S4_ExchangeRateFeeAccrual	5672345	PASSED	50	210	127	24	0	0	0	0	0	50	9	50	0	63551444	308
1776380405047	S5_SanctionedUserInterlace	5672345	PASSED	50	2211	1764	386	17	17	17	0	0	6	4	51	0	557855793	1740
1776380409501	S6_InFlightEdgeCases	5672345	PASSED	50	425	150	9	90	29	29	58	32	16	12	51	0	151014536	564
1776380414060	S7_FullProtocolEndurance	5672345	PASSED	15	852	522	101	146	15	15	15	19	15	4	17	0	205882206	693
1776380418365	S8_InvestSettlementEdge	5672345	PASSED	50	244	100	0	0	0	0	50	66	16	12	51	0	101101542	400
1776380423733	S9_MultiAdapterMix	5672345	PASSED	50	1446	781	0	441	50	50	50	52	9	13	102	0	498925548	1445
1776380428668	S10_InterleavedOperations	5672345	PASSED	50	653	183	45	196	54	54	50	29	20	22	145	0	280691276	1016
1776380433598	S1_DepositRedeemMix	5682345	PASSED	50	1153	754	393	0	0	0	0	0	4	2	51	0	271305069	1067
1776380438497	S2_AsyncRedeemFullCycle	5682345	PASSED	50	492	52	0	325	50	50	0	0	9	6	151	0	284299122	1003
1776380444271	S3_RebalanceSettlement	5682345	PASSED	50	1491	719	0	546	49	49	50	60	9	9	201	0	606200155	1860
1776380448509	S4_ExchangeRateFeeAccrual	5682345	PASSED	50	228	139	30	0	0	0	0	0	50	9	50	0	66558066	314
1776380454140	S5_SanctionedUserInterlace	5682345	PASSED	50	2216	1776	379	17	17	17	0	0	6	4	51	0	556152417	1743
1776380458563	S6_InFlightEdgeCases	5682345	PASSED	50	385	133	12	73	26	26	58	29	16	12	51	0	139265732	518
1776380463213	S7_FullProtocolEndurance	5682345	PASSED	15	894	480	119	218	15	15	15	13	15	4	17	0	236379484	736
1776380467550	S8_InvestSettlementEdge	5682345	PASSED	50	244	100	0	0	0	0	50	66	16	12	51	0	101341200	453
1776380472876	S9_MultiAdapterMix	5682345	PASSED	50	1418	817	0	378	50	50	50	51	9	13	102	0	472108674	1406
1776380477848	S10_InterleavedOperations	5682345	PASSED	50	693	219	55	182	59	59	50	25	21	23	149	0	283736017	1069
1776380482785	S1_DepositRedeemMix	5692345	PASSED	50	1132	737	389	0	0	0	0	0	4	2	51	0	267153095	1050
1776380487645	S2_AsyncRedeemFullCycle	5692345	PASSED	50	497	55	0	327	50	50	0	0	9	6	151	0	288573429	971
1776380493606	S3_RebalanceSettlement	5692345	PASSED	50	1753	886	0	631	49	49	50	70	9	9	201	0	708007635	2018
1776380497826	S4_ExchangeRateFeeAccrual	5692345	PASSED	50	194	122	13	0	0	0	0	0	50	9	50	0	61558133	289
1776380503415	S5_SanctionedUserInterlace	5692345	PASSED	50	2102	1685	356	17	17	17	0	0	6	4	51	0	522904739	1672
1776380507888	S6_InFlightEdgeCases	5692345	PASSED	50	458	179	15	81	30	30	58	37	16	12	51	0	155542641	570
1776380512529	S7_FullProtocolEndurance	5692345	PASSED	15	894	451	146	221	15	15	15	12	15	4	17	0	237220227	744
1776380516828	S8_InvestSettlementEdge	5692345	PASSED	50	244	100	0	0	0	0	50	66	16	12	51	0	101140841	402
1776380522258	S9_MultiAdapterMix	5692345	PASSED	50	1520	909	0	389	50	50	50	50	9	13	102	0	503595103	1530
1776380527245	S10_InterleavedOperations	5692345	PASSED	50	693	181	35	229	59	59	50	36	21	23	147	0	302124560	1058
1776380532295	S1_DepositRedeemMix	5702345	PASSED	50	1250	839	405	0	0	0	0	0	4	2	51	0	294473013	1147
1776380537114	S2_AsyncRedeemFullCycle	5702345	PASSED	50	464	53	0	298	49	49	0	0	9	6	151	0	270969041	935
1776380542899	S3_RebalanceSettlement	5702345	PASSED	50	1653	834	0	581	50	50	50	70	9	9	201	0	663464285	1919
1776380547110	S4_ExchangeRateFeeAccrual	5702345	PASSED	50	196	115	22	0	0	0	0	0	50	9	50	0	61921713	293
1776380552654	S5_SanctionedUserInterlace	5702345	PASSED	50	2055	1660	334	17	17	17	0	0	6	4	51	0	504891259	1614
1776380557050	S6_InFlightEdgeCases	5702345	PASSED	50	338	94	11	67	28	28	58	24	16	12	51	0	129378568	486
1776380561676	S7_FullProtocolEndurance	5702345	PASSED	15	854	503	84	187	15	15	15	16	15	4	17	0	217759929	718
1776380565983	S8_InvestSettlementEdge	5702345	PASSED	50	242	100	0	0	0	0	50	64	16	12	51	0	100293560	398
1776380571303	S9_MultiAdapterMix	5702345	PASSED	50	1471	875	0	385	48	48	50	43	9	13	102	0	484455953	1436
1776380576247	S10_InterleavedOperations	5702345	PASSED	50	655	188	31	204	56	56	50	26	21	23	145	0	281834729	1023
1776380581374	S1_DepositRedeemMix	5712345	PASSED	50	1372	916	450	0	0	0	0	0	4	2	51	0	325917242	1226
1776380586276	S2_AsyncRedeemFullCycle	5712345	PASSED	50	544	60	0	371	49	49	0	0	9	6	151	0	313577641	1021
1776380592089	S3_RebalanceSettlement	5712345	PASSED	50	1623	735	0	653	50	50	50	67	9	9	201	0	679949084	1920
1776380596277	S4_ExchangeRateFeeAccrual	5712345	PASSED	50	206	125	22	0	0	0	0	0	50	9	50	0	63172670	298
1776380601956	S5_SanctionedUserInterlace	5712345	PASSED	50	2279	1825	393	17	17	17	0	0	6	4	51	0	573947504	1793
1776380606410	S6_InFlightEdgeCases	5712345	PASSED	50	387	127	17	73	26	26	58	32	16	12	51	0	140522752	537
1776380611022	S7_FullProtocolEndurance	5712345	PASSED	15	861	495	118	173	15	15	15	11	15	4	17	0	213738689	707
1776380615290	S8_InvestSettlementEdge	5712345	PASSED	50	244	100	0	0	0	0	50	66	16	12	51	0	101316628	404
1776380620665	S9_MultiAdapterMix	5712345	PASSED	50	1473	806	0	451	49	49	50	46	9	13	102	0	508116126	1452
1776380625623	S10_InterleavedOperations	5712345	PASSED	50	705	206	46	206	59	59	50	37	20	22	147	0	296918383	1069
1776380630594	S1_DepositRedeemMix	5722345	PASSED	50	1128	750	372	0	0	0	0	0	4	2	51	0	265987301	1050
1776380635466	S2_AsyncRedeemFullCycle	5722345	PASSED	50	496	58	0	323	50	50	0	0	9	6	151	0	288191973	973
1776380641371	S3_RebalanceSettlement	5722345	PASSED	50	1739	890	0	605	50	50	50	76	9	9	201	0	697793904	1991
1776380645594	S4_ExchangeRateFeeAccrual	5722345	PASSED	50	226	135	32	0	0	0	0	0	50	9	50	0	66738913	321
1776380651095	S5_SanctionedUserInterlace	5722345	PASSED	50	2025	1629	335	17	17	17	0	0	6	4	51	0	505445723	1615
1776380655468	S6_InFlightEdgeCases	5722345	PASSED	50	335	106	11	57	22	22	58	31	16	12	51	0	127427185	493
1776380659946	S7_FullProtocolEndurance	5722345	PASSED	15	721	380	90	172	15	15	15	15	15	4	17	0	188956020	608
1776380664245	S8_InvestSettlementEdge	5722345	PASSED	50	240	100	0	0	0	0	50	62	16	12	51	0	99545366	400
1776380669551	S9_MultiAdapterMix	5722345	PASSED	50	1392	774	0	405	49	49	50	43	9	13	102	0	471684093	1393
1776380674584	S10_InterleavedOperations	5722345	PASSED	50	683	208	48	196	57	57	50	25	20	22	146	0	286221829	1126
1776380679724	S1_DepositRedeemMix	5732345	PASSED	50	1186	802	378	0	0	0	0	0	4	2	51	0	279133526	1156
1776380684616	S2_AsyncRedeemFullCycle	5732345	PASSED	50	504	56	0	333	50	50	0	0	9	6	151	0	291636258	975
1776380690338	S3_RebalanceSettlement	5732345	PASSED	50	1508	705	0	578	50	50	50	57	9	9	201	0	619825064	1817
1776380694550	S4_ExchangeRateFeeAccrual	5732345	PASSED	50	187	111	17	0	0	0	0	0	50	9	50	0	60107174	284
1776380700220	S5_SanctionedUserInterlace	5732345	PASSED	50	2155	1706	391	16	16	16	0	0	6	4	51	0	541514230	1773
1776380704630	S6_InFlightEdgeCases	5732345	PASSED	50	396	132	19	76	25	25	58	33	16	12	51	0	140622197	520
1776380709351	S7_FullProtocolEndurance	5732345	PASSED	15	947	507	166	198	15	15	15	12	15	4	17	0	241379833	788
1776380713638	S8_InvestSettlementEdge	5732345	PASSED	50	244	100	0	0	0	0	50	66	16	12	51	0	101187531	404
1776380719159	S9_MultiAdapterMix	5732345	PASSED	50	1644	926	0	497	49	49	50	51	9	13	102	0	569123029	1647
1776380724174	S10_InterleavedOperations	5732345	PASSED	50	728	216	49	221	59	59	50	30	21	23	149	0	304234150	1096
1776380729260	S1_DepositRedeemMix	5742345	PASSED	50	1311	842	463	0	0	0	0	0	4	2	51	0	310287154	1209
1776380734211	S2_AsyncRedeemFullCycle	5742345	PASSED	50	554	60	0	379	50	50	0	0	9	6	151	0	315129060	1029
1776380740301	S3_RebalanceSettlement	5742345	PASSED	50	1860	919	0	712	50	50	50	61	9	9	201	0	764022932	2185
1776380744514	S4_ExchangeRateFeeAccrual	5742345	PASSED	50	216	131	26	0	0	0	0	0	50	9	50	0	64995912	304
1776380750168	S5_SanctionedUserInterlace	5742345	PASSED	50	2238	1807	370	17	17	17	0	0	6	4	51	0	554768296	1747
1776380754596	S6_InFlightEdgeCases	5742345	PASSED	50	405	139	9	84	27	27	58	33	16	12	51	0	145887699	532
1776380759213	S7_FullProtocolEndurance	5742345	PASSED	15	908	531	127	172	15	15	15	14	15	4	17	0	223620395	740
1776380763570	S8_InvestSettlementEdge	5742345	PASSED	50	242	100	0	0	0	0	50	64	16	12	51	0	100542200	407
1776380768871	S9_MultiAdapterMix	5742345	PASSED	50	1408	777	0	418	50	50	50	41	9	13	102	0	481074621	1406
1776380773809	S10_InterleavedOperations	5742345	PASSED	50	689	208	53	180	60	60	50	34	21	23	148	0	284791891	1044
1776380778758	S1_DepositRedeemMix	5752345	PASSED	50	1170	777	387	0	0	0	0	0	4	2	51	0	275833288	1070
1776380783544	S2_AsyncRedeemFullCycle	5752345	PASSED	50	468	56	0	297	50	50	0	0	9	6	151	0	270640085	933
1776380789369	S3_RebalanceSettlement	5752345	PASSED	50	1685	870	0	576	49	49	50	73	9	9	201	0	670728330	1936
1776380793579	S4_ExchangeRateFeeAccrual	5752345	PASSED	50	220	133	28	0	0	0	0	0	50	9	50	0	65168332	317
1776380799060	S5_SanctionedUserInterlace	5752345	PASSED	50	1957	1572	324	17	17	17	0	0	6	4	51	0	488070484	1580
1776380803503	S6_InFlightEdgeCases	5752345	PASSED	50	403	146	17	67	23	23	58	41	16	12	51	0	142271701	538
1776380808111	S7_FullProtocolEndurance	5752345	PASSED	15	829	465	115	170	15	15	15	15	15	4	17	0	208182591	676
1776380812424	S8_InvestSettlementEdge	5752345	PASSED	50	243	100	0	0	0	0	50	65	16	12	51	0	100847117	406
1776380817797	S9_MultiAdapterMix	5752345	PASSED	50	1488	823	0	446	49	49	50	49	9	13	102	0	511383697	1506
1776380822634	S10_InterleavedOperations	5752345	PASSED	50	581	166	35	154	53	53	50	26	21	23	143	0	253552116	940
1776380827591	S1_DepositRedeemMix	5762345	PASSED	50	1061	713	342	0	0	0	0	0	4	2	51	0	252044739	1035
1776380832400	S2_AsyncRedeemFullCycle	5762345	PASSED	50	452	52	0	287	49	49	0	0	9	6	151	0	264094614	915
1776380838131	S3_RebalanceSettlement	5762345	PASSED	50	1522	762	0	535	49	49	50	59	9	9	201	0	610763137	1829
1776380842322	S4_ExchangeRateFeeAccrual	5762345	PASSED	50	232	142	31	0	0	0	0	0	50	9	50	0	67178251	315
1776380847804	S5_SanctionedUserInterlace	5762345	PASSED	50	1974	1590	323	17	17	17	0	0	6	4	51	0	491873233	1590
1776380852303	S6_InFlightEdgeCases	5762345	PASSED	50	443	151	24	92	28	28	58	34	16	12	51	0	154430643	556
1776380856955	S7_FullProtocolEndurance	5762345	PASSED	15	926	530	110	207	15	15	15	15	15	4	17	0	238731489	759
1776380861317	S8_InvestSettlementEdge	5762345	PASSED	50	244	100	0	0	0	0	50	66	16	12	51	0	101376189	405
1776380866730	S9_MultiAdapterMix	5762345	PASSED	50	1414	823	0	370	50	50	50	49	9	13	102	0	467181700	1516
1776380871714	S10_InterleavedOperations	5762345	PASSED	50	706	207	40	209	61	61	50	34	21	23	150	0	298668143	1084
1776380876695	S1_DepositRedeemMix	5772345	PASSED	50	1147	773	368	0	0	0	0	0	4	2	51	0	269908271	1060
1776380881576	S2_AsyncRedeemFullCycle	5772345	PASSED	50	487	56	0	316	50	50	0	0	9	6	151	0	282881366	978
1776380887564	S3_RebalanceSettlement	5772345	PASSED	50	1736	881	0	630	48	48	50	61	9	9	201	0	704796194	2071
1776380891759	S4_ExchangeRateFeeAccrual	5772345	PASSED	50	193	114	20	0	0	0	0	0	50	9	50	0	61268952	290
1776380897389	S5_SanctionedUserInterlace	5772345	PASSED	50	2215	1771	383	17	17	17	0	0	6	4	51	0	550885624	1742
1776380901819	S6_InFlightEdgeCases	5772345	PASSED	50	399	149	15	67	25	25	58	32	16	12	51	0	138700538	541
1776380906432	S7_FullProtocolEndurance	5772345	PASSED	15	874	512	105	178	15	15	15	15	15	4	17	0	218786019	714
1776380910733	S8_InvestSettlementEdge	5772345	PASSED	50	240	100	0	0	0	0	50	62	16	12	51	0	99609376	396
1776380916109	S9_MultiAdapterMix	5772345	PASSED	50	1420	772	0	419	50	50	50	57	9	13	102	0	488414915	1459
1776380921040	S10_InterleavedOperations	5772345	PASSED	50	652	216	29	175	55	55	50	30	20	22	144	0	272291310	1007
1776380926175	S1_DepositRedeemMix	5782345	PASSED	50	1383	932	445	0	0	0	0	0	4	2	51	0	326709205	1230
1776380931035	S2_AsyncRedeemFullCycle	5782345	PASSED	50	482	55	0	312	50	50	0	0	9	6	151	0	278297216	938
1776380936852	S3_RebalanceSettlement	5782345	PASSED	50	1605	760	0	616	50	50	50	61	9	9	201	0	660293849	1893
1776380941053	S4_ExchangeRateFeeAccrual	5782345	PASSED	50	206	121	26	0	0	0	0	0	50	9	50	0	63492030	297
1776380946550	S5_SanctionedUserInterlace	5782345	PASSED	50	1923	1519	343	17	17	17	0	0	6	4	51	0	480758361	1583
1776380950990	S6_InFlightEdgeCases	5782345	PASSED	50	462	175	14	93	28	28	58	38	16	12	51	0	156692336	562
1776380955651	S7_FullProtocolEndurance	5782345	PASSED	15	924	541	142	164	14	14	15	15	15	4	17	0	225248056	768
1776380959924	S8_InvestSettlementEdge	5782345	PASSED	50	244	100	0	0	0	0	50	66	16	12	51	0	101189789	401
1776380965288	S9_MultiAdapterMix	5782345	PASSED	50	1468	811	0	442	50	50	50	43	9	13	102	0	503012262	1449
1776380970323	S10_InterleavedOperations	5782345	PASSED	50	762	221	54	238	60	60	50	35	21	23	148	0	318012173	1132
1776380975304	S1_DepositRedeemMix	5792345	PASSED	50	1143	766	371	0	0	0	0	0	4	2	51	0	269156131	1070
1776380980142	S2_AsyncRedeemFullCycle	5792345	PASSED	50	455	56	0	284	50	50	0	0	9	6	151	0	262997199	914
1776380986082	S3_RebalanceSettlement	5792345	PASSED	50	1754	844	0	683	48	48	50	63	9	9	201	0	725222906	2033
1776380990292	S4_ExchangeRateFeeAccrual	5792345	PASSED	50	208	129	20	0	0	0	0	0	50	9	50	0	63499143	298
1776380995952	S5_SanctionedUserInterlace	5792345	PASSED	50	2107	1706	340	17	17	17	0	0	6	4	51	0	527876440	1739
1776381000423	S6_InFlightEdgeCases	5792345	PASSED	50	426	160	9	85	29	29	58	28	16	12	51	0	147248042	536
1776381005030	S7_FullProtocolEndurance	5792345	PASSED	15	884	463	123	224	15	15	15	10	15	4	17	0	233858681	739
1776381009298	S8_InvestSettlementEdge	5792345	PASSED	50	242	100	0	0	0	0	50	64	16	12	51	0	100461700	402
1776381014667	S9_MultiAdapterMix	5792345	PASSED	50	1527	904	0	404	49	49	50	49	9	13	102	0	503598100	1498
1776381019624	S10_InterleavedOperations	5792345	PASSED	50	700	217	50	197	55	55	50	34	20	22	145	0	290741797	1051
1776381024792	S1_DepositRedeemMix	5802345	PASSED	50	1274	853	415	0	0	0	0	0	4	2	51	0	297916235	1241
1776381029691	S2_AsyncRedeemFullCycle	5802345	PASSED	50	487	57	0	315	50	50	0	0	9	6	151	0	279491784	992
1776381035514	S3_RebalanceSettlement	5802345	PASSED	50	1677	875	0	570	50	50	50	64	9	9	201	0	658935818	1936
1776381039690	S4_ExchangeRateFeeAccrual	5802345	PASSED	50	193	112	22	0	0	0	0	0	50	9	50	0	61057264	290
1776381045373	S5_SanctionedUserInterlace	5802345	PASSED	50	2283	1813	409	17	17	17	0	0	6	4	51	0	567364822	1789
1776381049855	S6_InFlightEdgeCases	5802345	PASSED	50	401	138	18	79	25	25	58	30	16	12	51	0	145014101	554
1776381054619	S7_FullProtocolEndurance	5802345	PASSED	15	1029	575	150	228	15	15	15	12	15	4	17	0	264950219	842
1776381058928	S8_InvestSettlementEdge	5802345	PASSED	50	246	100	0	0	0	0	50	68	16	12	51	0	102041026	398
1776381064313	S9_MultiAdapterMix	5802345	PASSED	50	1500	933	0	352	47	47	50	49	9	13	102	0	482980045	1476
1776381069336	S10_InterleavedOperations	5802345	PASSED	50	722	214	42	222	59	59	50	32	21	23	149	0	305591785	1135
1776381074272	S1_DepositRedeemMix	5812345	PASSED	50	1141	761	374	0	0	0	0	0	4	2	51	0	267210960	1070
1776381079147	S2_AsyncRedeemFullCycle	5812345	PASSED	50	462	57	0	290	50	50	0	0	9	6	151	0	267570571	973
1776381084894	S3_RebalanceSettlement	5812345	PASSED	50	1596	764	0	600	50	50	50	64	9	9	201	0	648952127	1870
1776381089041	S4_ExchangeRateFeeAccrual	5812345	PASSED	50	165	97	9	0	0	0	0	0	50	9	50	0	56768187	269
1776381094728	S5_SanctionedUserInterlace	5812345	PASSED	50	2306	1842	403	17	17	17	0	0	6	4	51	0	566907015	1786
1776381099191	S6_InFlightEdgeCases	5812345	PASSED	50	387	128	12	72	28	28	58	33	16	12	51	0	138785247	523
1776381103795	S7_FullProtocolEndurance	5812345	PASSED	15	858	478	139	160	15	15	15	17	15	4	17	0	210981662	710
1776381108085	S8_InvestSettlementEdge	5812345	PASSED	50	243	100	0	0	0	0	50	65	16	12	51	0	100731214	399
1776381113467	S9_MultiAdapterMix	5812345	PASSED	50	1515	863	0	436	50	50	50	44	9	13	102	0	509481273	1512
1776381118377	S10_InterleavedOperations	5812345	PASSED	50	653	186	44	189	54	54	50	32	21	23	144	0	277355213	1007
1776381123502	S1_DepositRedeemMix	5822345	PASSED	50	1309	854	449	0	0	0	0	0	4	2	51	0	309417219	1197
1776381128305	S2_AsyncRedeemFullCycle	5822345	PASSED	50	460	51	0	296	49	49	0	0	9	6	151	0	269825748	931
1776381134121	S3_RebalanceSettlement	5822345	PASSED	50	1639	758	0	654	49	49	50	61	9	9	201	0	680314316	1943
1776381138362	S4_ExchangeRateFeeAccrual	5822345	PASSED	50	201	115	27	0	0	0	0	0	50	9	50	0	62414580	297
1776381143951	S5_SanctionedUserInterlace	5822345	PASSED	50	2130	1756	313	17	17	17	0	0	6	4	51	0	524241671	1675
1776381148334	S6_InFlightEdgeCases	5822345	PASSED	50	340	109	13	57	22	22	58	31	16	12	51	0	128989797	486
1776381152987	S7_FullProtocolEndurance	5822345	PASSED	15	930	564	106	181	15	15	15	15	15	4	17	0	229511342	748
1776381157310	S8_InvestSettlementEdge	5822345	PASSED	50	246	100	0	0	0	0	50	68	16	12	51	0	101995554	420
1776381162758	S9_MultiAdapterMix	5822345	PASSED	50	1544	855	0	467	50	50	50	50	9	13	102	0	528616079	1565
1776381167727	S10_InterleavedOperations	5822345	PASSED	50	707	207	46	219	57	57	50	29	20	22	147	0	297756748	1080
1776381172830	S1_DepositRedeemMix	5832345	PASSED	50	1364	904	454	0	0	0	0	0	4	2	51	0	319894993	1209
1776381177860	S2_AsyncRedeemFullCycle	5832345	PASSED	50	559	60	0	384	50	50	0	0	9	6	151	0	321933765	1119
1776381183751	S3_RebalanceSettlement	5832345	PASSED	50	1670	798	0	647	50	50	50	57	9	9	201	0	687089353	1975
1776381187974	S4_ExchangeRateFeeAccrual	5832345	PASSED	50	224	143	22	0	0	0	0	0	50	9	50	0	65700114	311
1776381193623	S5_SanctionedUserInterlace	5832345	PASSED	50	2256	1811	387	16	16	16	0	0	6	4	51	0	569170526	1778
1776381197997	S6_InFlightEdgeCases	5832345	PASSED	50	357	110	9	69	29	29	58	25	16	12	51	0	131514453	498
1776381202643	S7_FullProtocolEndurance	5832345	PASSED	15	890	507	115	188	15	15	15	16	15	4	17	0	225203710	751
1776381206949	S8_InvestSettlementEdge	5832345	PASSED	50	240	100	0	0	0	0	50	62	16	12	51	0	99490081	397
1776381212326	S9_MultiAdapterMix	5832345	PASSED	50	1488	888	0	381	46	46	50	55	9	13	102	0	489286586	1452
1776381217361	S10_InterleavedOperations	5832345	PASSED	50	705	189	41	230	57	57	50	37	21	23	146	0	303875976	1128
1776381222428	S1_DepositRedeemMix	5842345	PASSED	50	1198	792	400	0	0	0	0	0	4	2	51	0	280615477	1145
1776381227344	S2_AsyncRedeemFullCycle	5842345	PASSED	50	505	52	0	338	50	50	0	0	9	6	151	0	292540510	977
1776381233238	S3_RebalanceSettlement	5842345	PASSED	50	1731	873	0	629	50	50	50	61	9	9	201	0	693732209	1992
1776381237506	S4_ExchangeRateFeeAccrual	5842345	PASSED	50	231	143	29	0	0	0	0	0	50	9	50	0	67117792	335
1776381243063	S5_SanctionedUserInterlace	5842345	PASSED	50	2039	1624	354	17	17	17	0	0	6	4	51	0	512065208	1654
1776381247578	S6_InFlightEdgeCases	5842345	PASSED	50	439	156	12	91	29	29	58	36	16	12	51	0	154016392	558
1776381252228	S7_FullProtocolEndurance	5842345	PASSED	15	961	564	115	204	15	15	15	14	15	4	17	0	243003140	772
1776381256513	S8_InvestSettlementEdge	5842345	PASSED	50	240	100	0	0	0	0	50	62	16	12	51	0	99402334	403
1776381262001	S9_MultiAdapterMix	5842345	PASSED	50	1621	909	0	485	50	50	50	55	9	13	102	0	556865453	1592
1776381266911	S10_InterleavedOperations	5842345	PASSED	50	642	199	29	189	55	55	50	27	18	20	144	0	274728829	993
1776381271853	S1_DepositRedeemMix	5852345	PASSED	50	1058	703	349	0	0	0	0	0	4	2	51	0	248688535	1040
1776381276698	S2_AsyncRedeemFullCycle	5852345	PASSED	50	479	55	0	309	50	50	0	0	9	6	151	0	279177818	954
1776381282425	S3_RebalanceSettlement	5852345	PASSED	50	1552	737	0	586	48	48	50	65	9	9	201	0	634796108	1842
1776381286628	S4_ExchangeRateFeeAccrual	5852345	PASSED	50	196	117	20	0	0	0	0	0	50	9	50	0	61540256	297
1776381292212	S5_SanctionedUserInterlace	5852345	PASSED	50	2178	1753	364	17	17	17	0	0	6	4	51	0	532213513	1706
1776381296697	S6_InFlightEdgeCases	5852345	PASSED	50	431	165	12	82	25	25	58	36	16	12	51	0	150363813	551
1776381301294	S7_FullProtocolEndurance	5852345	PASSED	15	800	428	120	172	15	15	15	16	15	4	17	0	203699406	684
1776381305597	S8_InvestSettlementEdge	5852345	PASSED	50	241	100	0	0	0	0	50	63	16	12	51	0	100005238	400
1776381311154	S9_MultiAdapterMix	5852345	PASSED	50	1602	941	0	437	50	50	50	52	9	13	102	0	535196126	1654
1776381316069	S10_InterleavedOperations	5852345	PASSED	50	688	195	43	204	59	59	50	34	21	23	147	0	291291735	1045
1776381321062	S1_DepositRedeemMix	5862345	PASSED	50	1154	787	361	0	0	0	0	0	4	2	51	0	269565770	1097
1776381325892	S2_AsyncRedeemFullCycle	5862345	PASSED	50	469	55	0	299	50	50	0	0	9	6	151	0	271024438	930
1776381331859	S3_RebalanceSettlement	5862345	PASSED	50	1644	777	0	632	50	50	50	67	9	9	201	0	673436689	2040
1776381336083	S4_ExchangeRateFeeAccrual	5862345	PASSED	50	217	126	32	0	0	0	0	0	50	9	50	0	65177994	306
1776381341715	S5_SanctionedUserInterlace	5862345	PASSED	50	2171	1699	411	17	17	17	0	0	6	4	51	0	540882179	1731
1776381346160	S6_InFlightEdgeCases	5862345	PASSED	50	399	137	17	81	24	24	58	30	16	12	51	0	143721901	527
1776381350856	S7_FullProtocolEndurance	5862345	PASSED	15	972	578	113	201	15	15	15	16	15	4	17	0	244367636	787
1776381355194	S8_InvestSettlementEdge	5862345	PASSED	50	245	100	0	0	0	0	50	67	16	12	51	0	101646806	405
1776381360578	S9_MultiAdapterMix	5862345	PASSED	50	1489	818	0	444	49	49	50	57	9	13	102	0	511628546	1473
1776381365555	S10_InterleavedOperations	5862345	PASSED	50	697	193	40	221	57	57	50	37	20	22	147	0	300839599	1065
1776381370515	S1_DepositRedeemMix	5872345	PASSED	50	1107	756	345	0	0	0	0	0	4	2	51	0	259708616	1029
1776381375365	S2_AsyncRedeemFullCycle	5872345	PASSED	50	509	56	0	338	50	50	0	0	9	6	151	0	291924481	976
1776381381347	S3_RebalanceSettlement	5872345	PASSED	50	1836	949	0	665	48	48	50	58	9	9	201	0	735483234	2086
1776381385577	S4_ExchangeRateFeeAccrual	5872345	PASSED	50	205	124	22	0	0	0	0	0	50	9	50	0	62789540	304
1776381391276	S5_SanctionedUserInterlace	5872345	PASSED	50	2327	1878	388	17	17	17	0	0	6	4	51	0	582103310	1821
1776381395705	S6_InFlightEdgeCases	5872345	PASSED	50	372	132	14	65	23	23	58	29	16	12	51	0	134099935	510
1776381400326	S7_FullProtocolEndurance	5872345	PASSED	15	861	506	95	186	15	15	15	10	15	4	17	0	216053936	707
1776381404625	S8_InvestSettlementEdge	5872345	PASSED	50	246	100	0	0	0	0	50	68	16	12	51	0	101935085	411
1776381410100	S9_MultiAdapterMix	5872345	PASSED	50	1566	882	0	467	49	49	50	47	9	13	102	0	533187359	1540
1776381415082	S10_InterleavedOperations	5872345	PASSED	50	696	206	40	211	59	59	50	31	19	21	147	0	294663642	1060
1776381420197	S1_DepositRedeemMix	5882345	PASSED	50	1335	867	462	0	0	0	0	0	4	2	51	0	314101818	1202
1776381425084	S2_AsyncRedeemFullCycle	5882345	PASSED	50	450	55	0	280	50	50	0	0	9	6	151	0	261964859	980
1776381430954	S3_RebalanceSettlement	5882345	PASSED	50	1717	878	0	601	50	50	50	70	9	9	201	0	684567093	1959
1776381435144	S4_ExchangeRateFeeAccrual	5882345	PASSED	50	227	133	35	0	0	0	0	0	50	9	50	0	66782780	314
1776381440727	S5_SanctionedUserInterlace	5882345	PASSED	50	2098	1706	331	17	17	17	0	0	6	4	51	0	515570447	1676
1776381445206	S6_InFlightEdgeCases	5882345	PASSED	50	433	151	19	86	26	26	58	39	16	12	51	0	151084017	548
1776381449892	S7_FullProtocolEndurance	5882345	PASSED	15	916	519	112	209	15	15	15	12	15	4	17	0	235092556	761
1776381454167	S8_InvestSettlementEdge	5882345	PASSED	50	245	100	0	0	0	0	50	67	16	12	51	0	101567503	399
1776381459503	S9_MultiAdapterMix	5882345	PASSED	50	1432	795	0	413	49	49	50	54	9	13	102	0	485697089	1432
1776381464478	S10_InterleavedOperations	5882345	PASSED	50	730	235	48	210	57	57	50	31	20	22	148	0	300827262	1073
1776381469578	S1_DepositRedeemMix	5892345	PASSED	50	1267	855	406	0	0	0	0	0	4	2	51	0	296211253	1147
1776381474538	S2_AsyncRedeemFullCycle	5892345	PASSED	50	523	57	0	353	49	49	0	0	9	6	151	0	299499059	984
1776381480456	S3_RebalanceSettlement	5892345	PASSED	50	1713	858	0	621	49	49	50	68	9	9	201	0	689553001	1960
1776381484653	S4_ExchangeRateFeeAccrual	5892345	PASSED	50	189	106	24	0	0	0	0	0	50	9	50	0	60910388	300
1776381490198	S5_SanctionedUserInterlace	5892345	PASSED	50	2049	1668	320	17	17	17	0	0	6	4	51	0	502670599	1645
1776381494610	S6_InFlightEdgeCases	5892345	PASSED	50	348	106	18	60	23	23	58	32	16	12	51	0	130224832	489
1776381499194	S7_FullProtocolEndurance	5892345	PASSED	15	844	477	115	174	15	15	15	14	15	4	17	0	210736126	696
1776381503499	S8_InvestSettlementEdge	5892345	PASSED	50	242	100	0	0	0	0	50	64	16	12	51	0	100356498	411
1776381508811	S9_MultiAdapterMix	5892345	PASSED	50	1420	792	0	423	50	50	50	33	9	13	102	0	478918085	1412
1776381513786	S10_InterleavedOperations	5892345	PASSED	50	689	205	43	195	61	61	50	30	21	23	150	0	287905215	1065
1776381518773	S1_DepositRedeemMix	5902345	PASSED	50	1137	749	382	0	0	0	0	0	4	2	51	0	266492510	1052
1776381523657	S2_AsyncRedeemFullCycle	5902345	PASSED	50	479	56	0	308	50	50	0	0	9	6	151	0	277047072	945
1776381529640	S3_RebalanceSettlement	5902345	PASSED	50	1777	877	0	679	50	50	50	53	9	9	201	0	721958491	2112
1776381533817	S4_ExchangeRateFeeAccrual	5902345	PASSED	50	162	93	10	0	0	0	0	0	50	9	50	0	56297135	266
1776381539563	S5_SanctionedUserInterlace	5902345	PASSED	50	2318	1864	393	17	17	17	0	0	6	4	51	0	575429254	1813
1776381543991	S6_InFlightEdgeCases	5902345	PASSED	50	374	130	8	69	26	26	58	29	16	12	51	0	133471271	524
1776381548713	S7_FullProtocolEndurance	5902345	PASSED	15	1003	573	130	219	15	15	15	17	15	4	17	0	258935158	815
1776381553013	S8_InvestSettlementEdge	5902345	PASSED	50	238	100	0	0	0	0	50	60	16	12	51	0	98584102	397
1776381558431	S9_MultiAdapterMix	5902345	PASSED	50	1593	966	0	412	49	49	50	45	9	13	102	0	521438906	1537
1776381563303	S10_InterleavedOperations	5902345	PASSED	50	618	181	30	181	55	55	50	26	19	21	144	0	267248958	989
1776381568303	S1_DepositRedeemMix	5912345	PASSED	50	1186	786	394	0	0	0	0	0	4	2	51	0	277773291	1087
1776381573234	S2_AsyncRedeemFullCycle	5912345	PASSED	50	501	56	0	334	48	48	0	0	9	6	151	0	289687107	961
1776381579101	S3_RebalanceSettlement	5912345	PASSED	50	1665	808	0	639	50	50	50	50	9	9	201	0	676101772	1932
1776381583315	S4_ExchangeRateFeeAccrual	5912345	PASSED	50	193	113	21	0	0	0	0	0	50	9	50	0	61425566	295
1776381588773	S5_SanctionedUserInterlace	5912345	PASSED	50	1926	1541	324	17	17	17	0	0	6	4	51	0	473550790	1566
1776381593194	S6_InFlightEdgeCases	5912345	PASSED	50	361	121	8	69	26	26	58	25	16	12	51	0	131601817	509
1776381597893	S7_FullProtocolEndurance	5912345	PASSED	15	929	485	136	232	15	15	15	12	15	4	17	0	245395245	791
1776381602223	S8_InvestSettlementEdge	5912345	PASSED	50	245	100	0	0	0	0	50	67	16	12	51	0	101588877	403
1776381607550	S9_MultiAdapterMix	5912345	PASSED	50	1314	691	0	413	49	49	50	40	9	13	102	0	454932126	1365
1776381612492	S10_InterleavedOperations	5912345	PASSED	50	670	209	28	198	59	59	50	23	21	23	147	0	280576497	1064
1776381617451	S1_DepositRedeemMix	5922345	PASSED	50	1102	725	371	0	0	0	0	0	4	2	51	0	258801901	1060
1776381622292	S2_AsyncRedeemFullCycle	5922345	PASSED	50	489	57	0	317	50	50	0	0	9	6	151	0	282249418	957
1776381628102	S3_RebalanceSettlement	5922345	PASSED	50	1637	840	0	573	49	49	50	58	9	9	201	0	649944911	1893
1776381632344	S4_ExchangeRateFeeAccrual	5922345	PASSED	50	227	134	34	0	0	0	0	0	50	9	50	0	66396825	311
1776381637981	S5_SanctionedUserInterlace	5922345	PASSED	50	2194	1719	414	17	17	17	0	0	6	4	51	0	544249873	1746
1776381642423	S6_InFlightEdgeCases	5922345	PASSED	50	386	127	13	76	26	26	58	32	16	12	51	0	142048672	529
1776381647115	S7_FullProtocolEndurance	5922345	PASSED	15	956	540	138	201	15	15	15	13	15	4	17	0	241593744	799
1776381651475	S8_InvestSettlementEdge	5922345	PASSED	50	246	100	0	0	0	0	50	68	16	12	51	0	101983740	412
1776381656858	S9_MultiAdapterMix	5922345	PASSED	50	1569	920	0	425	49	49	50	54	9	13	102	0	523153228	1503
1776381661875	S10_InterleavedOperations	5922345	PASSED	50	725	220	50	208	59	59	50	35	21	23	147	0	300647083	1073
1776381666987	S1_DepositRedeemMix	5932345	PASSED	50	1368	873	489	0	0	0	0	0	4	2	51	0	324247903	1219
1776381671859	S2_AsyncRedeemFullCycle	5932345	PASSED	50	503	53	0	335	50	50	0	0	9	6	151	0	289814781	981
1776381677756	S3_RebalanceSettlement	5932345	PASSED	50	1778	922	0	623	50	50	50	65	9	9	201	0	705334982	2021
1776381681947	S4_ExchangeRateFeeAccrual	5932345	PASSED	50	192	115	18	0	0	0	0	0	50	9	50	0	61098650	286
1776381687503	S5_SanctionedUserInterlace	5932345	PASSED	50	2028	1561	406	17	17	17	0	0	6	4	51	0	499768053	1639
1776381691940	S6_InFlightEdgeCases	5932345	PASSED	50	377	132	13	65	25	25	58	31	16	12	51	0	135858254	511
1776381696581	S7_FullProtocolEndurance	5932345	PASSED	15	897	544	117	158	15	15	15	14	15	4	17	0	216300617	751
1776381700870	S8_InvestSettlementEdge	5932345	PASSED	50	242	100	0	0	0	0	50	64	16	12	51	0	100214620	396
1776381706260	S9_MultiAdapterMix	5932345	PASSED	50	1450	769	0	460	50	50	50	49	9	13	102	0	502631317	1487
1776381711204	S10_InterleavedOperations	5932345	PASSED	50	675	195	43	195	60	60	50	28	21	23	148	0	283581556	1032
1776381716306	S1_DepositRedeemMix	5942345	PASSED	50	1335	906	423	0	0	0	0	0	4	2	51	0	312133614	1189
1776381721208	S2_AsyncRedeemFullCycle	5942345	PASSED	50	465	54	0	298	49	49	0	0	9	6	151	0	269915758	926
1776381727097	S3_RebalanceSettlement	5942345	PASSED	50	1786	949	0	603	49	49	50	68	9	9	201	0	706198479	2003
1776381731317	S4_ExchangeRateFeeAccrual	5942345	PASSED	50	197	117	21	0	0	0	0	0	50	9	50	0	61736264	294
1776381736862	S5_SanctionedUserInterlace	5942345	PASSED	50	2120	1658	401	17	17	17	0	0	6	4	51	0	522316499	1679
1776381741383	S6_InFlightEdgeCases	5942345	PASSED	50	378	125	17	72	24	24	58	30	16	12	51	0	136064370	546
1776381746145	S7_FullProtocolEndurance	5942345	PASSED	15	989	558	146	202	15	15	15	19	15	4	17	0	250559311	835
1776381750444	S8_InvestSettlementEdge	5942345	PASSED	50	246	100	0	0	0	0	50	68	16	12	51	0	101935178	404
1776381755884	S9_MultiAdapterMix	5942345	PASSED	50	1567	906	0	434	50	50	50	55	9	13	102	0	525026593	1539
1776381760888	S10_InterleavedOperations	5942345	PASSED	50	749	243	47	217	58	58	50	32	21	23	146	0	306570696	1090
1776381765795	S1_DepositRedeemMix	5952345	PASSED	50	1057	690	361	0	0	0	0	0	4	2	51	0	248650160	999
1776381770609	S2_AsyncRedeemFullCycle	5952345	PASSED	50	464	54	0	295	50	50	0	0	9	6	151	0	268731165	920
1776381776489	S3_RebalanceSettlement	5952345	PASSED	50	1680	809	0	647	49	49	50	58	9	9	201	0	685595120	1954
1776381780721	S4_ExchangeRateFeeAccrual	5952345	PASSED	50	223	138	26	0	0	0	0	0	50	9	50	0	65761183	307
1776381786289	S5_SanctionedUserInterlace	5952345	PASSED	50	2057	1638	361	16	16	16	0	0	6	4	51	0	521333855	1676
1776381790753	S6_InFlightEdgeCases	5952345	PASSED	50	423	146	19	84	26	26	58	36	16	12	51	0	151259965	550
1776381795413	S7_FullProtocolEndurance	5952345	PASSED	15	908	533	103	198	15	15	15	10	15	4	17	0	229048089	776
1776381799718	S8_InvestSettlementEdge	5952345	PASSED	50	243	100	0	0	0	0	50	65	16	12	51	0	100813126	399
1776381805085	S9_MultiAdapterMix	5952345	PASSED	50	1497	840	0	444	49	49	50	43	9	13	102	0	507833548	1466
1776381810064	S10_InterleavedOperations	5952345	PASSED	50	654	187	39	188	57	57	50	34	20	22	147	0	280343725	1048
1776381815127	S1_DepositRedeemMix	5962345	PASSED	50	1262	814	442	0	0	0	0	0	4	2	51	0	296517015	1142
1776381820022	S2_AsyncRedeemFullCycle	5962345	PASSED	50	503	52	0	340	48	48	0	0	9	6	151	0	292853095	978
1776381825952	S3_RebalanceSettlement	5962345	PASSED	50	1685	837	0	615	49	49	50	67	9	9	201	0	679164417	2031
1776381830194	S4_ExchangeRateFeeAccrual	5962345	PASSED	50	218	129	30	0	0	0	0	0	50	9	50	0	65025011	306
1776381835904	S5_SanctionedUserInterlace	5962345	PASSED	50	2122	1719	342	17	17	17	0	0	6	4	51	0	524834238	1764
1776381840428	S6_InFlightEdgeCases	5962345	PASSED	50	446	163	22	83	28	28	58	36	16	12	51	0	152421558	556
1776381845095	S7_FullProtocolEndurance	5962345	PASSED	15	888	526	103	182	14	14	15	15	15	4	17	0	222785656	747
1776381849415	S8_InvestSettlementEdge	5962345	PASSED	50	244	100	0	0	0	0	50	66	16	12	51	0	101339519	414
1776381854726	S9_MultiAdapterMix	5962345	PASSED	50	1461	865	0	382	49	49	50	44	9	13	102	0	478241599	1438
1776381859709	S10_InterleavedOperations	5962345	PASSED	50	734	208	46	225	61	61	50	39	21	23	149	0	309941295	1089
1776381864773	S1_DepositRedeemMix	5972345	PASSED	50	1307	885	416	0	0	0	0	0	4	2	51	0	305663751	1170
1776381869740	S2_AsyncRedeemFullCycle	5972345	PASSED	50	520	54	0	353	49	49	0	0	9	6	151	0	300670439	1013
1776381875608	S3_RebalanceSettlement	5972345	PASSED	50	1740	866	0	651	49	49	50	57	9	9	201	0	703039408	1976
1776381879811	S4_ExchangeRateFeeAccrual	5972345	PASSED	50	212	131	22	0	0	0	0	0	50	9	50	0	64103718	300
1776381885600	S5_SanctionedUserInterlace	5972345	PASSED	50	2326	1864	401	17	17	17	0	0	6	4	51	0	579692934	1872
1776381890042	S6_InFlightEdgeCases	5972345	PASSED	50	397	138	14	77	26	26	58	30	16	12	51	0	141161789	524
1776381894555	S7_FullProtocolEndurance	5972345	PASSED	15	774	405	126	169	15	15	15	10	15	4	17	0	195581441	642
1776381898866	S8_InvestSettlementEdge	5972345	PASSED	50	239	100	0	0	0	0	50	61	16	12	51	0	99018313	396
1776381904276	S9_MultiAdapterMix	5972345	PASSED	50	1535	867	0	454	49	49	50	44	9	13	102	0	523825117	1506
1776381909284	S10_InterleavedOperations	5972345	PASSED	50	698	192	44	217	59	59	50	33	21	23	148	0	299174436	1077
1776381914243	S1_DepositRedeemMix	5982345	PASSED	50	1138	752	380	0	0	0	0	0	4	2	51	0	266466051	1072
1776381919172	S2_AsyncRedeemFullCycle	5982345	PASSED	50	567	59	0	393	50	50	0	0	9	6	151	0	325792668	1048
1776381925060	S3_RebalanceSettlement	5982345	PASSED	50	1716	836	0	649	49	49	50	65	9	9	201	0	697952204	1998
1776381929273	S4_ExchangeRateFeeAccrual	5982345	PASSED	50	214	131	24	0	0	0	0	0	50	9	50	0	64616446	316
1776381934981	S5_SanctionedUserInterlace	5982345	PASSED	50	2337	1901	375	17	17	17	0	0	6	4	51	0	583847188	1816
1776381939435	S6_InFlightEdgeCases	5982345	PASSED	50	397	142	13	79	25	25	58	27	16	12	51	0	142169524	534
1776381943997	S7_FullProtocolEndurance	5982345	PASSED	15	830	434	123	197	15	15	15	12	15	4	17	0	215513752	693
1776381948299	S8_InvestSettlementEdge	5982345	PASSED	50	240	100	0	0	0	0	50	62	16	12	51	0	99568998	399
1776381953660	S9_MultiAdapterMix	5982345	PASSED	50	1437	822	0	405	49	49	50	40	9	13	102	0	479180113	1454
1776381958612	S10_InterleavedOperations	5982345	PASSED	50	690	216	49	182	57	57	50	37	20	22	146	0	285467808	1025
1776381963596	S1_DepositRedeemMix	5992345	PASSED	50	1139	751	382	0	0	0	0	0	4	2	51	0	268759489	1101
1776381968512	S2_AsyncRedeemFullCycle	5992345	PASSED	50	528	57	0	356	50	50	0	0	9	6	151	0	305686206	1005
1776381974436	S3_RebalanceSettlement	5992345	PASSED	50	1760	802	0	724	50	50	50	66	9	9	201	0	737109564	2015
1776381978647	S4_ExchangeRateFeeAccrual	5992345	PASSED	50	210	126	25	0	0	0	0	0	50	9	50	0	63832710	301
1776381984311	S5_SanctionedUserInterlace	5992345	PASSED	50	2183	1743	379	17	17	17	0	0	6	4	51	0	541245348	1738
1776381988769	S6_InFlightEdgeCases	5992345	PASSED	50	398	134	11	85	26	26	58	30	16	12	51	0	144917732	553
1776381993505	S7_FullProtocolEndurance	5992345	PASSED	15	994	602	151	161	15	15	15	16	15	4	17	0	237177091	826
1776381997848	S8_InvestSettlementEdge	5992345	PASSED	50	237	100	0	0	0	0	50	59	16	12	51	0	98263143	395
1776382003220	S9_MultiAdapterMix	5992345	PASSED	50	1500	864	0	414	49	49	50	52	9	13	102	0	501524367	1470
1776382008209	S10_InterleavedOperations	5992345	PASSED	50	669	198	35	210	55	55	50	26	19	21	144	0	286009991	1041
1776382013206	S1_DepositRedeemMix	6002345	PASSED	50	1150	779	365	0	0	0	0	0	4	2	51	0	268802183	1078
1776382018229	S2_AsyncRedeemFullCycle	6002345	PASSED	50	544	63	0	366	50	50	0	0	9	6	151	0	310701387	1078
1776382024138	S3_RebalanceSettlement	6002345	PASSED	50	1721	865	0	618	50	50	50	70	9	9	201	0	694299510	2000
1776382028371	S4_ExchangeRateFeeAccrual	6002345	PASSED	50	219	134	26	0	0	0	0	0	50	9	50	0	65580167	307
1776382033846	S5_SanctionedUserInterlace	6002345	PASSED	50	2032	1608	363	17	17	17	0	0	6	4	51	0	494524290	1613
1776382038297	S6_InFlightEdgeCases	6002345	PASSED	50	390	138	13	70	26	26	58	31	16	12	51	0	137895835	538
1776382042847	S7_FullProtocolEndurance	6002345	PASSED	15	782	427	118	158	15	15	15	15	15	4	17	0	195759026	648
1776382047167	S8_InvestSettlementEdge	6002345	PASSED	50	240	100	0	0	0	0	50	62	16	12	51	0	99424517	398
1776382052576	S9_MultiAdapterMix	6002345	PASSED	50	1540	933	0	383	48	48	50	56	9	13	102	0	502956129	1488
1776382057603	S10_InterleavedOperations	6002345	PASSED	50	764	231	54	232	60	60	50	33	21	23	148	0	313749212	1114
1776382062699	S1_DepositRedeemMix	6012345	PASSED	50	1284	837	441	0	0	0	0	0	4	2	51	0	301213956	1157
1776382067503	S2_AsyncRedeemFullCycle	6012345	PASSED	50	432	53	0	268	48	48	0	0	9	6	151	0	253447714	900
1776382073505	S3_RebalanceSettlement	6012345	PASSED	50	1814	885	0	700	50	50	50	61	9	9	201	0	741156111	2076
1776382077717	S4_ExchangeRateFeeAccrual	6012345	PASSED	50	171	99	13	0	0	0	0	0	50	9	50	0	57822670	281
1776382083610	S5_SanctionedUserInterlace	6012345	PASSED	50	2469	1944	464	17	17	17	0	0	6	4	51	0	627588131	1979
1776382088067	S6_InFlightEdgeCases	6012345	PASSED	50	404	136	11	83	29	29	58	30	16	12	51	0	144536867	526
1776382092806	S7_FullProtocolEndurance	6012345	PASSED	15	1001	549	149	227	15	15	15	12	15	4	17	0	258880401	817
1776382097124	S8_InvestSettlementEdge	6012345	PASSED	50	244	100	0	0	0	0	50	66	16	12	51	0	101181828	403
1776382102534	S9_MultiAdapterMix	6012345	PASSED	50	1487	791	0	481	49	49	50	45	9	13	102	0	518175614	1481
1776382107446	S10_InterleavedOperations	6012345	PASSED	50	638	186	50	176	53	53	50	28	20	22	145	0	270271475	1009
1776382112501	S1_DepositRedeemMix	6022345	PASSED	50	1257	837	414	0	0	0	0	0	4	2	51	0	294046415	1131
1776382117431	S2_AsyncRedeemFullCycle	6022345	PASSED	50	530	59	0	358	49	49	0	0	9	6	151	0	303500070	1016
1776382123201	S3_RebalanceSettlement	6022345	PASSED	50	1573	753	0	595	50	50	50	57	9	9	201	0	639408808	1870
1776382127402	S4_ExchangeRateFeeAccrual	6022345	PASSED	50	193	117	17	0	0	0	0	0	50	9	50	0	61051877	303
1776382133024	S5_SanctionedUserInterlace	6022345	PASSED	50	2198	1703	434	17	17	17	0	0	6	4	51	0	544570195	1731
1776382137469	S6_InFlightEdgeCases	6022345	PASSED	50	379	121	8	73	28	28	58	35	16	12	51	0	140236482	520
1776382142231	S7_FullProtocolEndurance	6022345	PASSED	15	1064	641	132	209	15	15	15	18	15	4	17	0	268154899	846
1776382146574	S8_InvestSettlementEdge	6022345	PASSED	50	248	100	0	0	0	0	50	70	16	12	51	0	102949125	420
1776382151860	S9_MultiAdapterMix	6022345	PASSED	50	1396	811	0	369	49	49	50	46	9	13	102	0	458756733	1383
1776382156825	S10_InterleavedOperations	6022345	PASSED	50	691	184	43	229	56	56	50	31	20	22	146	0	299631452	1051
1776382161805	S1_DepositRedeemMix	6032345	PASSED	50	1149	754	389	0	0	0	0	0	4	2	51	0	269323130	1081
1776382166620	S2_AsyncRedeemFullCycle	6032345	PASSED	50	433	53	0	267	49	49	0	0	9	6	151	0	254468522	888
1776382172376	S3_RebalanceSettlement	6032345	PASSED	50	1577	730	0	621	49	49	50	60	9	9	201	0	652121240	1860
1776382176608	S4_ExchangeRateFeeAccrual	6032345	PASSED	50	206	121	26	0	0	0	0	0	50	9	50	0	63234980	299
1776382182230	S5_SanctionedUserInterlace	6032345	PASSED	50	2163	1797	308	16	16	16	0	0	6	4	51	0	536375877	1718
1776382186710	S6_InFlightEdgeCases	6032345	PASSED	50	398	144	13	73	24	24	58	34	16	12	51	0	141923748	522
1776382191444	S7_FullProtocolEndurance	6032345	PASSED	15	968	513	145	229	15	15	15	17	15	4	17	0	254633963	812
1776382195759	S8_InvestSettlementEdge	6032345	PASSED	50	238	100	0	0	0	0	50	60	16	12	51	0	98534270	402
1776382201104	S9_MultiAdapterMix	6032345	PASSED	50	1408	766	0	426	49	49	50	46	9	13	102	0	483005285	1407
1776382206077	S10_InterleavedOperations	6032345	PASSED	50	701	216	41	197	59	59	50	35	21	23	150	0	293751008	1063
1776382211048	S1_DepositRedeemMix	6042345	PASSED	50	1163	778	379	0	0	0	0	0	4	2	51	0	272323457	1069
1776382215963	S2_AsyncRedeemFullCycle	6042345	PASSED	50	517	56	0	346	50	50	0	0	9	6	151	0	297224364	1013
1776382221839	S3_RebalanceSettlement	6042345	PASSED	50	1746	874	0	650	50	50	50	54	9	9	201	0	703395204	2004
1776382226064	S4_ExchangeRateFeeAccrual	6042345	PASSED	50	216	137	20	0	0	0	0	0	50	9	50	0	64808563	303
1776382231673	S5_SanctionedUserInterlace	6042345	PASSED	50	2150	1704	385	17	17	17	0	0	6	4	51	0	523506550	1691
1776382236099	S6_InFlightEdgeCases	6042345	PASSED	50	385	131	12	69	26	26	58	35	16	12	51	0	140077691	519
1776382240751	S7_FullProtocolEndurance	6042345	PASSED	15	838	438	94	231	15	15	15	11	15	4	17	0	226129267	704
1776382245055	S8_InvestSettlementEdge	6042345	PASSED	50	244	100	0	0	0	0	50	66	16	12	51	0	101103932	398
1776382250446	S9_MultiAdapterMix	6042345	PASSED	50	1515	886	0	410	50	50	50	47	9	13	102	0	501735754	1500
1776382255406	S10_InterleavedOperations	6042345	PASSED	50	689	216	47	189	57	57	50	29	21	23	146	0	284232963	1038
1776382260371	S1_DepositRedeemMix	6052345	PASSED	50	1057	717	334	0	0	0	0	0	4	2	51	0	248210294	1026
1776382265323	S2_AsyncRedeemFullCycle	6052345	PASSED	50	557	60	0	382	50	50	0	0	9	6	151	0	318432782	1042
1776382271124	S3_RebalanceSettlement	6052345	PASSED	50	1653	817	0	607	50	50	50	61	9	9	201	0	667165000	1912
1776382275339	S4_ExchangeRateFeeAccrual	6052345	PASSED	50	206	119	28	0	0	0	0	0	50	9	50	0	63391739	304
1776382280866	S5_SanctionedUserInterlace	6052345	PASSED	50	2050	1656	333	17	17	17	0	0	6	4	51	0	504115540	1636
1776382285365	S6_InFlightEdgeCases	6052345	PASSED	50	418	152	10	79	28	28	58	35	16	12	51	0	146090614	561
1776382290004	S7_FullProtocolEndurance	6052345	PASSED	15	833	465	114	175	15	15	15	15	15	4	17	0	209860498	712
1776382294326	S8_InvestSettlementEdge	6052345	PASSED	50	240	100	0	0	0	0	50	62	16	12	51	0	99481098	400
1776382299692	S9_MultiAdapterMix	6052345	PASSED	50	1436	801	0	427	49	49	50	38	9	13	102	0	485208321	1435
1776382304774	S10_InterleavedOperations	6052345	PASSED	50	765	259	40	227	57	57	50	31	21	23	148	0	312036862	1146
1776382309867	S1_DepositRedeemMix	6062345	PASSED	50	1291	850	435	0	0	0	0	0	4	2	51	0	302718304	1164
1776382314743	S2_AsyncRedeemFullCycle	6062345	PASSED	50	500	56	0	329	50	50	0	0	9	6	151	0	288666003	971
1776382320549	S3_RebalanceSettlement	6062345	PASSED	50	1625	855	0	549	49	49	50	55	9	9	201	0	636807382	1877
1776382324796	S4_ExchangeRateFeeAccrual	6062345	PASSED	50	249	158	32	0	0	0	0	0	50	9	50	0	70226118	330
1776382330492	S5_SanctionedUserInterlace	6062345	PASSED	50	2275	1862	352	17	17	17	0	0	6	4	51	0	573548206	1795
1776382334920	S6_InFlightEdgeCases	6062345	PASSED	50	361	118	12	63	25	25	58	32	16	12	51	0	133019580	495
1776382339534	S7_FullProtocolEndurance	6062345	PASSED	15	876	533	140	128	15	15	15	11	15	4	17	0	202170654	715
1776382343825	S8_InvestSettlementEdge	6062345	PASSED	50	242	100	0	0	0	0	50	64	16	12	51	0	100284250	405
1776382349170	S9_MultiAdapterMix	6062345	PASSED	50	1475	852	0	411	50	50	50	40	9	13	102	0	490346876	1436
1776382354273	S10_InterleavedOperations	6062345	PASSED	50	749	237	64	200	60	60	50	34	21	23	149	0	302976185	1194
1776382359371	S1_DepositRedeemMix	6072345	PASSED	50	1266	844	416	0	0	0	0	0	4	2	51	0	296202380	1165
1776382364337	S2_AsyncRedeemFullCycle	6072345	PASSED	50	498	53	0	332	49	49	0	0	9	6	151	0	289723826	1052
1776382370255	S3_RebalanceSettlement	6072345	PASSED	50	1731	899	0	604	48	48	50	64	9	9	201	0	685622455	1984
1776382374497	S4_ExchangeRateFeeAccrual	6072345	PASSED	50	224	136	29	0	0	0	0	0	50	9	50	0	65599231	313
1776382380132	S5_SanctionedUserInterlace	6072345	PASSED	50	2107	1710	336	17	17	17	0	0	6	4	51	0	520204663	1733
1776382384595	S6_InFlightEdgeCases	6072345	PASSED	50	446	164	17	92	28	28	58	31	16	12	51	0	153155889	562
1776382389386	S7_FullProtocolEndurance	6072345	PASSED	15	1008	547	127	257	15	15	15	13	15	4	17	0	270637999	870
1776382393690	S8_InvestSettlementEdge	6072345	PASSED	50	240	100	0	0	0	0	50	62	16	12	51	0	99536735	406
1776382399097	S9_MultiAdapterMix	6072345	PASSED	50	1591	911	0	454	50	50	50	54	9	13	102	0	537633248	1523
1776382404120	S10_InterleavedOperations	6072345	PASSED	50	720	216	42	214	60	60	50	36	20	22	148	0	301139319	1084
1776382409200	S1_DepositRedeemMix	6082345	PASSED	50	1262	824	432	0	0	0	0	0	4	2	51	0	295988415	1177
1776382414060	S2_AsyncRedeemFullCycle	6082345	PASSED	50	470	59	0	302	47	47	0	0	9	6	151	0	271399171	968
1776382419856	S3_RebalanceSettlement	6082345	PASSED	50	1592	751	0	624	50	50	50	49	9	9	201	0	651977220	1886
1776382424052	S4_ExchangeRateFeeAccrual	6082345	PASSED	50	167	92	16	0	0	0	0	0	50	9	50	0	57573286	272
1776382429599	S5_SanctionedUserInterlace	6082345	PASSED	50	2023	1662	300	17	17	17	0	0	6	4	51	0	499205254	1627
1776382434042	S6_InFlightEdgeCases	6082345	PASSED	50	393	132	14	74	27	27	58	33	16	12	51	0	141113535	519
1776382438758	S7_FullProtocolEndurance	6082345	PASSED	15	967	550	157	182	15	15	15	14	15	4	17	0	238304015	781
1776382443096	S8_InvestSettlementEdge	6082345	PASSED	50	242	100	0	0	0	0	50	64	16	12	51	0	100318653	404
1776382448490	S9_MultiAdapterMix	6082345	PASSED	50	1515	907	0	384	50	50	50	52	9	13	102	0	497759744	1464
1776382453404	S10_InterleavedOperations	6082345	PASSED	50	676	193	39	208	57	57	50	28	21	23	146	0	287568496	1032
1776382458366	S1_DepositRedeemMix	6092345	PASSED	50	1094	738	350	0	0	0	0	0	4	2	51	0	256384800	1045
1776382463296	S2_AsyncRedeemFullCycle	6092345	PASSED	50	525	60	0	352	49	49	0	0	9	6	151	0	301682438	1043
1776382469227	S3_RebalanceSettlement	6092345	PASSED	50	1764	855	0	673	50	50	50	68	9	9	201	0	720489207	2006
1776382473496	S4_ExchangeRateFeeAccrual	6092345	PASSED	50	191	116	16	0	0	0	0	0	50	9	50	0	60807586	291
1776382479129	S5_SanctionedUserInterlace	6092345	PASSED	50	2187	1780	346	17	17	17	0	0	6	4	51	0	538614858	1724
1776382483604	S6_InFlightEdgeCases	6092345	PASSED	50	416	145	18	74	27	27	58	39	16	12	51	0	147302860	548
1776382488292	S7_FullProtocolEndurance	6092345	PASSED	15	965	574	146	165	15	15	15	16	15	4	17	0	232768267	793
1776382492611	S8_InvestSettlementEdge	6092345	PASSED	50	242	100	0	0	0	0	50	64	16	12	51	0	100335055	406
1776382498063	S9_MultiAdapterMix	6092345	PASSED	50	1565	923	0	422	50	50	50	48	9	13	102	0	518438419	1548
1776382503055	S10_InterleavedOperations	6092345	PASSED	50	725	216	68	201	57	57	50	32	21	23	148	0	298683334	1076
1776382508167	S1_DepositRedeemMix	6102345	PASSED	50	1296	873	417	0	0	0	0	0	4	2	51	0	305423157	1207
1776382513051	S2_AsyncRedeemFullCycle	6102345	PASSED	50	504	56	0	335	49	49	0	0	9	6	151	0	292402584	971
1776382519002	S3_RebalanceSettlement	6102345	PASSED	50	1821	902	0	697	49	49	50	56	9	9	201	0	741420335	2040
1776382523222	S4_ExchangeRateFeeAccrual	6102345	PASSED	50	222	133	30	0	0	0	0	0	50	9	50	0	65437346	315
1776382528863	S5_SanctionedUserInterlace	6102345	PASSED	50	2183	1740	382	17	17	17	0	0	6	4	51	0	542421409	1720
1776382533351	S6_InFlightEdgeCases	6102345	PASSED	50	379	126	13	66	27	27	58	34	16	12	51	0	139359750	534
1776382537905	S7_FullProtocolEndurance	6102345	PASSED	15	727	381	84	189	15	15	15	9	15	4	17	0	192557817	624
1776382542219	S8_InvestSettlementEdge	6102345	PASSED	50	243	100	0	0	0	0	50	65	16	12	51	0	100734741	398
1776382547590	S9_MultiAdapterMix	6102345	PASSED	50	1442	848	0	369	49	49	50	55	9	13	102	0	473438790	1426
1776382552527	S10_InterleavedOperations	6102345	PASSED	50	681	199	43	199	58	58	50	30	21	23	147	0	287620827	1032
1776382557585	S1_DepositRedeemMix	6112345	PASSED	50	1193	802	385	0	0	0	0	0	4	2	51	0	278848500	1108
1776382562408	S2_AsyncRedeemFullCycle	6112345	PASSED	50	426	52	0	259	50	50	0	0	9	6	151	0	249601636	922
1776382568270	S3_RebalanceSettlement	6112345	PASSED	50	1673	822	0	616	50	50	50	67	9	9	201	0	679484593	1952
1776382572513	S4_ExchangeRateFeeAccrual	6112345	PASSED	50	223	130	34	0	0	0	0	0	50	9	50	0	66113244	322
1776382578169	S5_SanctionedUserInterlace	6112345	PASSED	50	2094	1643	390	17	17	17	0	0	6	4	51	0	520511014	1742
1776382582585	S6_InFlightEdgeCases	6112345	PASSED	50	351	115	15	58	24	24	58	29	16	12	51	0	126824667	501
1776382587263	S7_FullProtocolEndurance	6112345	PASSED	15	923	492	110	246	15	15	15	11	15	4	17	0	248135631	775
1776382591583	S8_InvestSettlementEdge	6112345	PASSED	50	241	100	0	0	0	0	50	63	16	12	51	0	99938890	400
1776382597032	S9_MultiAdapterMix	6112345	PASSED	50	1553	861	0	464	49	49	50	58	9	13	102	0	533262995	1518
1776382601915	S10_InterleavedOperations	6112345	PASSED	50	577	163	27	161	54	54	50	24	21	23	142	0	250493797	989
1776382606830	S1_DepositRedeemMix	6122345	PASSED	50	1030	690	334	0	0	0	0	0	4	2	51	0	242205422	1018
1776382611678	S2_AsyncRedeemFullCycle	6122345	PASSED	50	470	57	0	300	49	49	0	0	9	6	151	0	270378843	933
1776382617571	S3_RebalanceSettlement	6122345	PASSED	50	1738	864	0	632	50	50	50	74	9	9	201	0	700868333	1996
1776382621773	S4_ExchangeRateFeeAccrual	6122345	PASSED	50	221	140	22	0	0	0	0	0	50	9	50	0	65583035	307
1776382627472	S5_SanctionedUserInterlace	6122345	PASSED	50	2299	1835	403	17	17	17	0	0	6	4	51	0	576312715	1807
1776382631939	S6_InFlightEdgeCases	6122345	PASSED	50	424	161	13	76	26	26	58	36	16	12	51	0	147838010	543
1776382636540	S7_FullProtocolEndurance	6122345	PASSED	15	848	433	132	207	15	15	15	12	15	4	17	0	222094239	710
1776382640826	S8_InvestSettlementEdge	6122345	PASSED	50	242	100	0	0	0	0	50	64	16	12	51	0	100255682	400
1776382646135	S9_MultiAdapterMix	6122345	PASSED	50	1390	737	0	445	49	49	50	38	9	13	102	0	480214983	1408
1776382651086	S10_InterleavedOperations	6122345	PASSED	50	680	192	37	207	59	59	50	32	21	23	148	0	290661212	1034
1776382656143	S1_DepositRedeemMix	6132345	PASSED	50	1160	753	401	0	0	0	0	0	4	2	51	0	272411353	1122
1776382661047	S2_AsyncRedeemFullCycle	6132345	PASSED	50	492	57	0	322	49	49	0	0	9	6	151	0	285065507	963
1776382666970	S3_RebalanceSettlement	6132345	PASSED	50	1709	820	0	662	50	50	50	59	9	9	201	0	700232082	1982
1776382671220	S4_ExchangeRateFeeAccrual	6132345	PASSED	50	197	114	24	0	0	0	0	0	50	9	50	0	61919757	291
1776382676805	S5_SanctionedUserInterlace	6132345	PASSED	50	2048	1620	367	17	17	17	0	0	6	4	51	0	501690373	1637
1776382681297	S6_InFlightEdgeCases	6132345	PASSED	50	429	157	16	83	27	27	58	33	16	12	51	0	150300554	576
1776382685936	S7_FullProtocolEndurance	6132345	PASSED	15	873	524	100	173	15	15	15	12	15	4	17	0	215732929	728
1776382690247	S8_InvestSettlementEdge	6132345	PASSED	50	243	100	0	0	0	0	50	65	16	12	51	0	100863980	414
1776382695608	S9_MultiAdapterMix	6132345	PASSED	50	1466	863	0	386	50	50	50	45	9	13	102	0	480744576	1466
1776382700511	S10_InterleavedOperations	6132345	PASSED	50	630	192	42	159	57	57	50	31	20	22	147	0	265167883	988
1776382705584	S1_DepositRedeemMix	6142345	PASSED	50	1218	840	372	0	0	0	0	0	4	2	51	0	284133782	1134
1776382710522	S2_AsyncRedeemFullCycle	6142345	PASSED	50	510	58	0	337	50	50	0	0	9	6	151	0	294039135	978
1776382716463	S3_RebalanceSettlement	6142345	PASSED	50	1815	880	0	704	50	50	50	63	9	9	201	0	745097205	2063
1776382720716	S4_ExchangeRateFeeAccrual	6142345	PASSED	50	196	116	21	0	0	0	0	0	50	9	50	0	61861105	291
1776382726382	S5_SanctionedUserInterlace	6142345	PASSED	50	2193	1799	333	17	17	17	0	0	6	4	51	0	547970665	1744
1776382730867	S6_InFlightEdgeCases	6142345	PASSED	50	416	145	16	80	29	29	58	31	16	12	51	0	147419137	551
1776382735555	S7_FullProtocolEndurance	6142345	PASSED	15	901	502	116	208	15	15	15	11	15	4	17	0	231803194	753
1776382739906	S8_InvestSettlementEdge	6142345	PASSED	50	246	100	0	0	0	0	50	68	16	12	51	0	101966496	398
1776382745440	S9_MultiAdapterMix	6142345	PASSED	50	1609	853	0	531	49	49	50	55	9	13	102	0	572365454	1651
1776382750375	S10_InterleavedOperations	6142345	PASSED	50	647	187	31	192	55	55	50	33	21	23	143	0	277991994	1001
1776382755498	S1_DepositRedeemMix	6152345	PASSED	50	1358	881	471	0	0	0	0	0	4	2	51	0	319251555	1217
1776382760308	S2_AsyncRedeemFullCycle	6152345	PASSED	50	466	53	0	298	50	50	0	0	9	6	151	0	270523687	930
1776382766306	S3_RebalanceSettlement	6152345	PASSED	50	1845	884	0	720	50	50	50	73	9	9	201	0	761219281	2071
1776382770489	S4_ExchangeRateFeeAccrual	6152345	PASSED	50	185	109	17	0	0	0	0	0	50	9	50	0	59854545	294
1776382776257	S5_SanctionedUserInterlace	6152345	PASSED	50	2443	1948	434	17	17	17	0	0	6	4	51	0	612455914	1877
1776382780706	S6_InFlightEdgeCases	6152345	PASSED	50	387	142	19	67	25	25	58	23	16	12	51	0	134680564	518
1776382785449	S7_FullProtocolEndurance	6152345	PASSED	15	959	488	122	276	15	15	15	9	15	4	17	0	264349488	821
1776382789818	S8_InvestSettlementEdge	6152345	PASSED	50	239	100	0	0	0	0	50	61	16	12	51	0	99079902	431
1776382795272	S9_MultiAdapterMix	6152345	PASSED	50	1588	929	0	432	49	49	50	57	9	13	102	0	530897151	1534
1776382800265	S10_InterleavedOperations	6152345	PASSED	50	689	210	40	193	59	59	50	34	21	23	148	0	288731901	1052
1776382805430	S1_DepositRedeemMix	6162345	PASSED	50	1416	950	460	0	0	0	0	0	4	2	51	0	335155950	1279
1776382810326	S2_AsyncRedeemFullCycle	6162345	PASSED	50	487	54	0	320	49	49	0	0	9	6	151	0	283104757	951
1776382816248	S3_RebalanceSettlement	6162345	PASSED	50	1784	857	0	700	48	48	50	63	9	9	201	0	734514951	2040
1776382820472	S4_ExchangeRateFeeAccrual	6162345	PASSED	50	201	120	22	0	0	0	0	0	50	9	50	0	62408409	296
1776382826224	S5_SanctionedUserInterlace	6162345	PASSED	50	2302	1854	387	17	17	17	0	0	6	4	51	0	568304552	1847
1776382830630	S6_InFlightEdgeCases	6162345	PASSED	50	344	99	12	63	25	25	58	34	16	12	51	0	132369388	507
1776382835265	S7_FullProtocolEndurance	6162345	PASSED	15	908	513	132	187	15	15	15	12	15	4	17	0	227168809	744
1776382839568	S8_InvestSettlementEdge	6162345	PASSED	50	236	100	0	0	0	0	50	58	16	12	51	0	97819967	401
1776382844936	S9_MultiAdapterMix	6162345	PASSED	50	1473	817	0	440	50	50	50	44	9	13	102	0	500646006	1444
1776382849904	S10_InterleavedOperations	6162345	PASSED	50	712	204	48	209	61	61	50	35	21	23	149	0	298406486	1077
1776382854930	S1_DepositRedeemMix	6172345	PASSED	50	1232	833	393	0	0	0	0	0	4	2	51	0	287788808	1113
1776382859890	S2_AsyncRedeemFullCycle	6172345	PASSED	50	515	61	0	339	50	50	0	0	9	6	151	0	294129208	983
1776382865862	S3_RebalanceSettlement	6172345	PASSED	50	1821	926	0	671	49	49	50	58	9	9	201	0	736616747	2047
1776382870104	S4_ExchangeRateFeeAccrual	6172345	PASSED	50	203	124	20	0	0	0	0	0	50	9	50	0	62904485	297
1776382875708	S5_SanctionedUserInterlace	6172345	PASSED	50	2134	1753	320	17	17	17	0	0	6	4	51	0	531236627	1696
1776382880172	S6_InFlightEdgeCases	6172345	PASSED	50	379	127	16	65	26	26	58	33	16	12	51	0	135632782	530
1776382884797	S7_FullProtocolEndurance	6172345	PASSED	15	868	478	113	204	15	15	15	9	15	4	17	0	222855208	713
1776382889117	S8_InvestSettlementEdge	6172345	PASSED	50	241	100	0	0	0	0	50	63	16	12	51	0	99835597	401
1776382894700	S9_MultiAdapterMix	6172345	PASSED	50	1516	851	0	448	50	50	50	45	9	13	102	0	514252216	1651
1776382899736	S10_InterleavedOperations	6172345	PASSED	50	733	227	56	213	59	59	50	25	21	23	151	0	302524264	1114
1776382904770	S1_DepositRedeemMix	6182345	PASSED	50	1179	782	391	0	0	0	0	0	4	2	51	0	275807536	1081
1776382909660	S2_AsyncRedeemFullCycle	6182345	PASSED	50	498	54	0	329	50	50	0	0	9	6	151	0	286796604	981
1776382915546	S3_RebalanceSettlement	6182345	PASSED	50	1687	865	0	593	48	48	50	65	9	9	201	0	671009870	1948
1776382919770	S4_ExchangeRateFeeAccrual	6182345	PASSED	50	172	100	13	0	0	0	0	0	50	9	50	0	57713552	274
1776382925370	S5_SanctionedUserInterlace	6182345	PASSED	50	2138	1650	427	17	17	17	0	0	6	4	51	0	535402283	1708
1776382929853	S6_InFlightEdgeCases	6182345	PASSED	50	450	163	19	85	27	27	58	43	16	12	51	0	156241567	579
1776382934458	S7_FullProtocolEndurance	6182345	PASSED	15	828	476	128	147	15	15	15	13	15	4	17	0	199364637	678
1776382938759	S8_InvestSettlementEdge	6182345	PASSED	50	238	100	0	0	0	0	50	60	16	12	51	0	98673213	397
1776382944103	S9_MultiAdapterMix	6182345	PASSED	50	1395	818	0	360	49	49	50	47	9	13	102	0	457359481	1434
1776382949044	S10_InterleavedOperations	6182345	PASSED	50	657	189	40	183	58	58	50	35	21	23	147	0	279201342	1011
1776382954089	S1_DepositRedeemMix	6192345	PASSED	50	1248	829	413	0	0	0	0	0	4	2	51	0	292475491	1146
1776382958938	S2_AsyncRedeemFullCycle	6192345	PASSED	50	457	55	0	291	48	48	0	0	9	6	151	0	268025744	917
1776382964764	S3_RebalanceSettlement	6192345	PASSED	50	1601	770	0	603	50	50	50	60	9	9	201	0	650270786	1878
1776382968983	S4_ExchangeRateFeeAccrual	6192345	PASSED	50	194	111	24	0	0	0	0	0	50	9	50	0	61666750	290
1776382974756	S5_SanctionedUserInterlace	6192345	PASSED	50	2279	1818	400	17	17	17	0	0	6	4	51	0	566320939	1831
1776382979209	S6_InFlightEdgeCases	6192345	PASSED	50	406	136	11	81	31	31	58	30	16	12	51	0	145378153	536
1776382983806	S7_FullProtocolEndurance	6192345	PASSED	15	819	469	114	151	15	15	15	21	15	4	17	0	201837345	671
1776382988105	S8_InvestSettlementEdge	6192345	PASSED	50	241	100	0	0	0	0	50	63	16	12	51	0	100048764	403
1776382993458	S9_MultiAdapterMix	6192345	PASSED	50	1436	786	0	428	49	49	50	52	9	13	102	0	490486180	1448
1776382998385	S10_InterleavedOperations	6192345	PASSED	50	619	185	32	173	55	55	50	25	21	23	143	0	263175595	983
1776383003379	S1_DepositRedeemMix	6202345	PASSED	50	1155	752	397	0	0	0	0	0	4	2	51	0	271116400	1087
1776383008274	S2_AsyncRedeemFullCycle	6202345	PASSED	50	502	58	0	329	50	50	0	0	9	6	151	0	286493828	979
1776383014125	S3_RebalanceSettlement	6202345	PASSED	50	1654	797	0	630	50	50	50	59	9	9	201	0	673787329	1927
1776383018348	S4_ExchangeRateFeeAccrual	6202345	PASSED	50	184	108	17	0	0	0	0	0	50	9	50	0	59738526	282
1776383024101	S5_SanctionedUserInterlace	6202345	PASSED	50	2190	1696	433	17	17	17	0	0	6	4	51	0	547985247	1816
1776383028541	S6_InFlightEdgeCases	6202345	PASSED	50	396	136	16	71	26	26	58	35	16	12	51	0	139086535	519
1776383033177	S7_FullProtocolEndurance	6202345	PASSED	15	869	498	118	173	15	15	15	16	15	4	17	0	216263870	714
1776383037542	S8_InvestSettlementEdge	6202345	PASSED	50	242	100	0	0	0	0	50	64	16	12	51	0	100379308	427
1776383042910	S9_MultiAdapterMix	6202345	PASSED	50	1464	843	0	400	49	49	50	51	9	13	102	0	490647617	1448
1776383047839	S10_InterleavedOperations	6202345	PASSED	50	661	189	41	200	55	55	50	29	20	22	147	0	284601065	1029
1776383052808	S1_DepositRedeemMix	6212345	PASSED	50	1137	755	376	0	0	0	0	0	4	2	51	0	266361288	1049
1776383057644	S2_AsyncRedeemFullCycle	6212345	PASSED	50	478	55	0	308	50	50	0	0	9	6	151	0	277346493	946
1776383063403	S3_RebalanceSettlement	6212345	PASSED	50	1633	865	0	541	49	49	50	61	9	9	201	0	636130570	1884
1776383067608	S4_ExchangeRateFeeAccrual	6212345	PASSED	50	192	116	17	0	0	0	0	0	50	9	50	0	60925024	311
1776383073256	S5_SanctionedUserInterlace	6212345	PASSED	50	2219	1781	380	16	16	16	0	0	6	4	51	0	553466378	1754
1776383077701	S6_InFlightEdgeCases	6212345	PASSED	50	411	152	15	75	27	27	58	29	16	12	51	0	143544981	550
1776383082346	S7_FullProtocolEndurance	6212345	PASSED	15	843	420	145	202	15	15	15	12	15	4	17	0	219704320	729
1776383086693	S8_InvestSettlementEdge	6212345	PASSED	50	242	100	0	0	0	0	50	64	16	12	51	0	100352828	400
1776383092157	S9_MultiAdapterMix	6212345	PASSED	50	1533	851	0	451	50	50	50	59	9	13	102	0	524312783	1531
1776383097117	S10_InterleavedOperations	6212345	PASSED	50	662	186	35	199	59	59	50	30	21	23	148	0	283670355	1029
1776383102169	S1_DepositRedeemMix	6222345	PASSED	50	1207	791	410	0	0	0	0	0	4	2	51	0	284711921	1114
1776383107046	S2_AsyncRedeemFullCycle	6222345	PASSED	50	489	55	0	319	50	50	0	0	9	6	151	0	283706032	952
1776383112946	S3_RebalanceSettlement	6222345	PASSED	50	1675	855	0	581	50	50	50	71	9	9	201	0	665395454	1944
1776383117159	S4_ExchangeRateFeeAccrual	6222345	PASSED	50	211	124	28	0	0	0	0	0	50	9	50	0	64011840	303
1776383122826	S5_SanctionedUserInterlace	6222345	PASSED	50	2232	1805	366	17	17	17	0	0	6	4	51	0	556620851	1763
1776383127276	S6_InFlightEdgeCases	6222345	PASSED	50	411	153	17	75	23	23	58	34	16	12	51	0	142792806	535
1776383131967	S7_FullProtocolEndurance	6222345	PASSED	15	911	519	126	192	15	15	15	10	15	4	17	0	228043646	757
1776383136261	S8_InvestSettlementEdge	6222345	PASSED	50	242	100	0	0	0	0	50	64	16	12	51	0	100319266	395
1776383141792	S9_MultiAdapterMix	6222345	PASSED	50	1652	965	0	458	49	49	50	59	9	13	102	0	558028602	1606
1776383146801	S10_InterleavedOperations	6222345	PASSED	50	754	223	54	234	60	60	50	31	20	22	148	0	314910986	1104
1776383151950	S1_DepositRedeemMix	6232345	PASSED	50	1323	879	438	0	0	0	0	0	4	2	51	0	310179267	1184
1776383156907	S2_AsyncRedeemFullCycle	6232345	PASSED	50	476	54	0	313	47	47	0	0	9	6	151	0	276245942	985
1776383162737	S3_RebalanceSettlement	6232345	PASSED	50	1653	885	0	537	48	48	50	67	9	9	201	0	645894515	1911
1776383166906	S4_ExchangeRateFeeAccrual	6232345	PASSED	50	183	107	17	0	0	0	0	0	50	9	50	0	59622661	282
1776383172535	S5_SanctionedUserInterlace	6232345	PASSED	50	2188	1715	412	17	17	17	0	0	6	4	51	0	543292668	1729
1776383177004	S6_InFlightEdgeCases	6232345	PASSED	50	441	160	21	86	27	27	58	34	16	12	51	0	152427614	556
1776383181546	S7_FullProtocolEndurance	6232345	PASSED	15	778	396	128	174	15	15	15	16	15	4	17	0	200115776	655
1776383185924	S8_InvestSettlementEdge	6232345	PASSED	50	240	100	0	0	0	0	50	62	16	12	51	0	99537763	400
1776383191239	S9_MultiAdapterMix	6232345	PASSED	50	1461	864	0	375	49	49	50	52	9	13	102	0	478857621	1434
1776383196167	S10_InterleavedOperations	6232345	PASSED	50	668	209	43	176	58	58	50	30	21	23	149	0	277623182	1024
1776383201126	S1_DepositRedeemMix	6242345	PASSED	50	1107	734	367	0	0	0	0	0	4	2	51	0	259775159	1030
1776383206025	S2_AsyncRedeemFullCycle	6242345	PASSED	50	519	59	0	347	49	49	0	0	9	6	151	0	297889104	1000
1776383211937	S3_RebalanceSettlement	6242345	PASSED	50	1746	804	0	716	50	50	50	58	9	9	201	0	728726947	2009
1776383216114	S4_ExchangeRateFeeAccrual	6242345	PASSED	50	175	104	12	0	0	0	0	0	50	9	50	0	58451689	277
1776383221772	S5_SanctionedUserInterlace	6242345	PASSED	50	2190	1780	349	17	17	17	0	0	6	4	51	0	545400270	1712
1776383226222	S6_InFlightEdgeCases	6242345	PASSED	50	413	157	21	71	24	24	58	30	16	12	51	0	141647250	527
1776383230813	S7_FullProtocolEndurance	6242345	PASSED	15	812	432	117	189	15	15	15	10	15	4	17	0	208569121	693
1776383235107	S8_InvestSettlementEdge	6242345	PASSED	50	244	100	0	0	0	0	50	66	16	12	51	0	101146420	401
1776383240668	S9_MultiAdapterMix	6242345	PASSED	50	1733	1005	0	509	50	50	50	47	9	13	102	0	590944546	1664
1776383245645	S10_InterleavedOperations	6242345	PASSED	50	633	181	30	191	56	56	50	27	20	22	145	0	273375314	1001
1776383250834	S1_DepositRedeemMix	6252345	PASSED	50	1479	1013	460	0	0	0	0	0	4	2	51	0	347652113	1283
1776383255683	S2_AsyncRedeemFullCycle	6252345	PASSED	50	477	56	0	306	50	50	0	0	9	6	151	0	274739863	942
1776383261669	S3_RebalanceSettlement	6252345	PASSED	50	1731	899	0	597	50	50	50	67	9	9	201	0	684306363	2076
1776383265896	S4_ExchangeRateFeeAccrual	6252345	PASSED	50	213	129	25	0	0	0	0	0	50	9	50	0	64639042	304
1776383271455	S5_SanctionedUserInterlace	6252345	PASSED	50	2101	1637	403	17	17	17	0	0	6	4	51	0	519199858	1669
1776383275925	S6_InFlightEdgeCases	6252345	PASSED	50	401	147	14	72	25	25	58	32	16	12	51	0	144127217	531
1776383280540	S7_FullProtocolEndurance	6252345	PASSED	15	883	507	131	167	15	15	15	14	15	4	17	0	217195060	722
1776383284854	S8_InvestSettlementEdge	6252345	PASSED	50	243	100	0	0	0	0	50	65	16	12	51	0	100821981	413
1776383290200	S9_MultiAdapterMix	6252345	PASSED	50	1412	808	0	390	49	49	50	44	9	13	102	0	471887319	1410
1776383295222	S10_InterleavedOperations	6252345	PASSED	50	671	190	46	195	58	58	50	30	21	23	147	0	283974820	1115
1776383300303	S1_DepositRedeemMix	6262345	PASSED	50	1243	850	387	0	0	0	0	0	4	2	51	0	290110408	1177
1776383305182	S2_AsyncRedeemFullCycle	6262345	PASSED	50	471	54	0	306	48	48	0	0	9	6	151	0	274739890	952
1776383311149	S3_RebalanceSettlement	6262345	PASSED	50	1801	944	0	624	49	49	50	67	9	9	201	0	712515601	2032
1776383315387	S4_ExchangeRateFeeAccrual	6262345	PASSED	50	216	126	31	0	0	0	0	0	50	9	50	0	64677054	322
1776383321115	S5_SanctionedUserInterlace	6262345	PASSED	50	2285	1833	391	17	17	17	0	0	6	4	51	0	567270355	1815
1776383325549	S6_InFlightEdgeCases	6262345	PASSED	50	333	97	15	61	23	23	58	28	16	12	51	0	125566903	494
1776383330234	S7_FullProtocolEndurance	6262345	PASSED	15	932	490	115	250	15	15	15	13	15	4	17	0	251731217	777
1776383334524	S8_InvestSettlementEdge	6262345	PASSED	50	238	100	0	0	0	0	50	60	16	12	51	0	98609028	394
1776383339995	S9_MultiAdapterMix	6262345	PASSED	50	1539	899	0	425	49	49	50	45	9	13	102	0	512112499	1553
1776383344963	S10_InterleavedOperations	6262345	PASSED	50	648	191	49	172	58	58	50	26	21	23	148	0	272025486	1051
1776383350043	S1_DepositRedeemMix	6272345	PASSED	50	1247	816	425	0	0	0	0	0	4	2	51	0	294085553	1150
1776383354915	S2_AsyncRedeemFullCycle	6272345	PASSED	50	490	56	0	323	48	48	0	0	9	6	151	0	284104983	961
1776383360892	S3_RebalanceSettlement	6272345	PASSED	50	1678	826	0	627	49	49	50	59	9	9	201	0	677695924	2063
1776383365133	S4_ExchangeRateFeeAccrual	6272345	PASSED	50	233	142	32	0	0	0	0	0	50	9	50	0	67523182	323
1776383370772	S5_SanctionedUserInterlace	6272345	PASSED	50	2231	1775	395	17	17	17	0	0	6	4	51	0	547848880	1739
1776383375188	S6_InFlightEdgeCases	6272345	PASSED	50	361	117	11	64	27	27	58	29	16	12	51	0	130995215	507
1776383379888	S7_FullProtocolEndurance	6272345	PASSED	15	902	525	112	187	15	15	15	14	15	4	17	0	226063417	759
1776383384201	S8_InvestSettlementEdge	6272345	PASSED	50	246	100	0	0	0	0	50	68	16	12	51	0	102046051	401
1776383389590	S9_MultiAdapterMix	6272345	PASSED	50	1480	825	0	441	50	50	50	42	9	13	102	0	501857741	1470
1776383394556	S10_InterleavedOperations	6272345	PASSED	50	666	198	36	190	59	59	50	32	20	22	148	0	281662534	1035
1776383399659	S1_DepositRedeemMix	6282345	PASSED	50	1303	853	444	0	0	0	0	0	4	2	51	0	305518761	1180
1776383404479	S2_AsyncRedeemFullCycle	6282345	PASSED	50	459	51	0	293	50	50	0	0	9	6	151	0	266681722	918
1776383410269	S3_RebalanceSettlement	6282345	PASSED	50	1556	758	0	571	50	50	50	59	9	9	201	0	630599476	1865
1776383414439	S4_ExchangeRateFeeAccrual	6282345	PASSED	50	195	115	21	0	0	0	0	0	50	9	50	0	61759420	291
1776383419953	S5_SanctionedUserInterlace	6282345	PASSED	50	2029	1658	310	17	17	17	0	0	6	4	51	0	496351398	1638
1776383424376	S6_InFlightEdgeCases	6282345	PASSED	50	410	144	21	75	25	25	58	34	16	12	51	0	141923759	524
1776383429013	S7_FullProtocolEndurance	6282345	PASSED	15	875	500	86	215	14	14	15	12	15	4	17	0	227850082	724
1776383433345	S8_InvestSettlementEdge	6282345	PASSED	50	242	100	0	0	0	0	50	64	16	12	51	0	100279083	424
1776383438754	S9_MultiAdapterMix	6282345	PASSED	50	1505	814	0	467	50	50	50	52	9	13	102	0	520256779	1482
1776383443682	S10_InterleavedOperations	6282345	PASSED	50	637	197	46	164	54	54	50	30	20	22	145	0	267082162	1012
1776383448716	S1_DepositRedeemMix	6292345	PASSED	50	1241	811	424	0	0	0	0	0	4	2	51	0	291130300	1135
1776383453626	S2_AsyncRedeemFullCycle	6292345	PASSED	50	487	54	0	318	50	50	0	0	9	6	151	0	282242450	966
1776383459765	S3_RebalanceSettlement	6292345	PASSED	50	1957	867	0	848	50	50	50	74	9	9	201	0	842344886	2197
1776383463953	S4_ExchangeRateFeeAccrual	6292345	PASSED	50	168	96	13	0	0	0	0	0	50	9	50	0	57608022	270
1776383469599	S5_SanctionedUserInterlace	6292345	PASSED	50	2192	1741	393	16	16	16	0	0	6	4	51	0	545922143	1740
1776383474023	S6_InFlightEdgeCases	6292345	PASSED	50	348	117	13	57	23	23	58	29	16	12	51	0	127352943	488
1776383478626	S7_FullProtocolEndurance	6292345	PASSED	15	886	503	114	190	15	15	15	15	15	4	17	0	224305203	732
1776383482910	S8_InvestSettlementEdge	6292345	PASSED	50	242	100	0	0	0	0	50	64	16	12	51	0	100346423	397
1776383488371	S9_MultiAdapterMix	6292345	PASSED	50	1551	902	0	417	50	50	50	60	9	13	102	0	517957695	1547
1776383493345	S10_InterleavedOperations	6292345	PASSED	50	667	191	41	198	56	56	50	33	20	22	147	0	285033545	1035
1776383498461	S1_DepositRedeemMix	6302345	PASSED	50	1364	904	454	0	0	0	0	0	4	2	51	0	320245259	1214
1776383503343	S2_AsyncRedeemFullCycle	6302345	PASSED	50	508	55	0	338	50	50	0	0	9	6	151	0	292179104	976
1776383509175	S3_RebalanceSettlement	6302345	PASSED	50	1677	832	0	608	50	50	50	69	9	9	201	0	675426622	1926
1776383513377	S4_ExchangeRateFeeAccrual	6302345	PASSED	50	176	102	15	0	0	0	0	0	50	9	50	0	58578720	289
1776383519093	S5_SanctionedUserInterlace	6302345	PASSED	50	2265	1879	325	17	17	17	0	0	6	4	51	0	561516425	1758
1776383523532	S6_InFlightEdgeCases	6302345	PASSED	50	370	123	7	63	25	25	58	41	16	12	51	0	137206406	519
1776383528276	S7_FullProtocolEndurance	6302345	PASSED	15	1013	585	112	243	14	14	15	11	15	4	17	0	265677813	819
1776383532616	S8_InvestSettlementEdge	6302345	PASSED	50	241	100	0	0	0	0	50	63	16	12	51	0	99889668	405
1776383537986	S9_MultiAdapterMix	6302345	PASSED	50	1498	868	0	415	50	50	50	43	9	13	102	0	498324247	1479
1776383542951	S10_InterleavedOperations	6302345	PASSED	50	661	206	40	175	57	57	50	32	21	23	146	0	274793789	1056
1776383548067	S1_DepositRedeemMix	6312345	PASSED	50	1294	832	456	0	0	0	0	0	4	2	51	0	304018131	1180
1776383552915	S2_AsyncRedeemFullCycle	6312345	PASSED	50	488	56	0	321	48	48	0	0	9	6	151	0	281687892	939
1776383558748	S3_RebalanceSettlement	6312345	PASSED	50	1692	851	0	613	49	49	50	62	9	9	201	0	678224283	1941
1776383562986	S4_ExchangeRateFeeAccrual	6312345	PASSED	50	206	131	16	0	0	0	0	0	50	9	50	0	62673798	294
1776383568517	S5_SanctionedUserInterlace	6312345	PASSED	50	2021	1623	337	17	17	17	0	0	6	4	51	0	498180749	1615
1776383572928	S6_InFlightEdgeCases	6312345	PASSED	50	344	109	20	53	22	22	58	32	16	12	51	0	127246699	486
1776383577602	S7_FullProtocolEndurance	6312345	PASSED	15	919	479	159	199	15	15	15	18	15	4	17	0	236023370	756
1776383581919	S8_InvestSettlementEdge	6312345	PASSED	50	245	100	0	0	0	0	50	67	16	12	51	0	101675494	401
1776383587264	S9_MultiAdapterMix	6312345	PASSED	50	1460	816	0	424	50	50	50	48	9	13	102	0	496407199	1444
1776383592201	S10_InterleavedOperations	6312345	PASSED	50	649	185	39	185	56	56	50	36	20	22	146	0	277964813	1020
1776383597155	S1_DepositRedeemMix	6322345	PASSED	50	1131	750	375	0	0	0	0	0	4	2	51	0	265220924	1053
1776383602096	S2_AsyncRedeemFullCycle	6322345	PASSED	50	524	55	0	354	50	50	0	0	9	6	151	0	301832144	1052
1776383608052	S3_RebalanceSettlement	6322345	PASSED	50	1760	819	0	704	50	50	50	69	9	9	201	0	731312896	2008
1776383612264	S4_ExchangeRateFeeAccrual	6322345	PASSED	50	181	107	15	0	0	0	0	0	50	9	50	0	59253612	279
1776383617799	S5_SanctionedUserInterlace	6322345	PASSED	50	2002	1566	375	17	17	17	0	0	6	4	51	0	493168738	1624
1776383622245	S6_InFlightEdgeCases	6322345	PASSED	50	415	146	15	83	27	27	58	31	16	12	51	0	147029022	537
1776383626890	S7_FullProtocolEndurance	6322345	PASSED	15	867	477	124	192	14	14	15	12	15	4	17	0	220298075	744
1776383631203	S8_InvestSettlementEdge	6322345	PASSED	50	240	100	0	0	0	0	50	62	16	12	51	0	99568147	403
1776383636531	S9_MultiAdapterMix	6322345	PASSED	50	1363	727	0	421	50	50	50	43	9	13	102	0	467553762	1411
1776383641531	S10_InterleavedOperations	6322345	PASSED	50	732	229	35	226	59	59	50	32	20	22	147	0	306456771	1082
1776383646530	S1_DepositRedeemMix	6332345	PASSED	50	1225	813	406	0	0	0	0	0	4	2	51	0	288526156	1117
1776383651470	S2_AsyncRedeemFullCycle	6332345	PASSED	50	549	59	0	375	50	50	0	0	9	6	151	0	314133817	1064
1776383657457	S3_RebalanceSettlement	6332345	PASSED	50	1871	927	0	707	48	48	50	73	9	9	201	0	764045695	2095
1776383661649	S4_ExchangeRateFeeAccrual	6332345	PASSED	50	185	111	15	0	0	0	0	0	50	9	50	0	59799632	281
1776383667256	S5_SanctionedUserInterlace	6332345	PASSED	50	2139	1755	323	17	17	17	0	0	6	4	51	0	524240961	1671
1776383671707	S6_InFlightEdgeCases	6332345	PASSED	50	386	133	10	72	27	27	58	31	16	12	51	0	140659329	532
1776383676388	S7_FullProtocolEndurance	6332345	PASSED	15	879	452	114	235	15	15	15	14	15	4	17	0	237502972	786
1776383680672	S8_InvestSettlementEdge	6332345	PASSED	50	242	100	0	0	0	0	50	64	16	12	51	0	100346762	401
1776383686198	S9_MultiAdapterMix	6332345	PASSED	50	1658	1004	0	423	50	50	50	59	9	13	102	0	546232079	1589
1776383691151	S10_InterleavedOperations	6332345	PASSED	50	681	208	39	200	58	58	50	24	21	23	147	0	284879230	1039
1776383696135	S1_DepositRedeemMix	6342345	PASSED	50	1147	757	384	0	0	0	0	0	4	2	51	0	268922387	1065
1776383700947	S2_AsyncRedeemFullCycle	6342345	PASSED	50	451	55	0	283	49	49	0	0	9	6	151	0	265178296	911
1776383707070	S3_RebalanceSettlement	6342345	PASSED	50	1812	870	0	703	50	50	50	71	9	9	201	0	749899167	2247
1776383711296	S4_ExchangeRateFeeAccrual	6342345	PASSED	50	185	114	12	0	0	0	0	0	50	9	50	0	59916773	310
1776383716983	S5_SanctionedUserInterlace	6342345	PASSED	50	2331	1884	386	17	17	17	0	0	6	4	51	0	582024586	1814
1776383721397	S6_InFlightEdgeCases	6342345	PASSED	50	372	140	13	61	22	22	58	28	16	12	51	0	128894970	518
1776383726017	S7_FullProtocolEndurance	6342345	PASSED	15	864	450	146	192	15	15	15	12	15	4	17	0	221200698	725
1776383730326	S8_InvestSettlementEdge	6342345	PASSED	50	241	100	0	0	0	0	50	63	16	12	51	0	99868312	400
1776383735685	S9_MultiAdapterMix	6342345	PASSED	50	1462	789	0	455	48	48	50	50	9	13	102	0	504988602	1457
1776383740601	S10_InterleavedOperations	6342345	PASSED	50	619	174	40	171	53	53	50	36	20	22	144	0	267822061	990
1776383745429	S1_DepositRedeemMix	6352345	PASSED	50	965	672	287	0	0	0	0	0	4	2	51	0	227431307	940
1776383750250	S2_AsyncRedeemFullCycle	6352345	PASSED	50	472	52	0	307	49	49	0	0	9	6	151	0	273537693	931
1776383756016	S3_RebalanceSettlement	6352345	PASSED	50	1578	786	0	569	49	49	50	57	9	9	201	0	631068222	1854
1776383760229	S4_ExchangeRateFeeAccrual	6352345	PASSED	50	188	109	20	0	0	0	0	0	50	9	50	0	60326325	288
1776383765751	S5_SanctionedUserInterlace	6352345	PASSED	50	2110	1708	341	17	17	17	0	0	6	4	51	0	522731821	1663
1776383770152	S6_InFlightEdgeCases	6352345	PASSED	50	391	141	18	68	25	25	58	28	16	12	51	0	137884836	514
1776383774781	S7_FullProtocolEndurance	6352345	PASSED	15	888	494	107	208	15	15	15	15	15	4	17	0	229836230	727
1776383779115	S8_InvestSettlementEdge	6352345	PASSED	50	246	100	0	0	0	0	50	68	16	12	51	0	102020948	406
1776383784514	S9_MultiAdapterMix	6352345	PASSED	50	1576	895	0	466	50	50	50	43	9	13	102	0	535144541	1533
1776383789489	S10_InterleavedOperations	6352345	PASSED	50	707	203	46	210	59	59	50	36	21	23	150	0	299133556	1074
1776383794448	S1_DepositRedeemMix	6362345	PASSED	50	1175	800	369	0	0	0	0	0	4	2	51	0	274582925	1079
1776383799368	S2_AsyncRedeemFullCycle	6362345	PASSED	50	499	56	0	328	50	50	0	0	9	6	151	0	288307668	976
1776383805218	S3_RebalanceSettlement	6362345	PASSED	50	1710	862	0	628	50	50	50	52	9	9	201	0	684880114	1969
1776383809454	S4_ExchangeRateFeeAccrual	6362345	PASSED	50	197	118	20	0	0	0	0	0	50	9	50	0	62015891	298
1776383815084	S5_SanctionedUserInterlace	6362345	PASSED	50	2175	1737	377	17	17	17	0	0	6	4	51	0	534209450	1732
1776383819538	S6_InFlightEdgeCases	6362345	PASSED	50	359	108	19	68	23	23	58	32	16	12	51	0	135166772	544
1776383824220	S7_FullProtocolEndurance	6362345	PASSED	15	898	446	146	233	15	15	15	9	15	4	17	0	240464696	773
1776383828531	S8_InvestSettlementEdge	6362345	PASSED	50	240	100	0	0	0	0	50	62	16	12	51	0	99681590	398
1776383833960	S9_MultiAdapterMix	6362345	PASSED	50	1518	861	0	435	49	49	50	52	9	13	102	0	512859090	1499
1776383838853	S10_InterleavedOperations	6362345	PASSED	50	631	182	41	172	57	57	50	28	21	23	145	0	268580822	993
1776383843898	S1_DepositRedeemMix	6372345	PASSED	50	1260	839	415	0	0	0	0	0	4	2	51	0	294964025	1144
1776383848806	S2_AsyncRedeemFullCycle	6372345	PASSED	50	531	56	0	360	50	50	0	0	9	6	151	0	304747740	1000
1776383854596	S3_RebalanceSettlement	6372345	PASSED	50	1622	793	0	608	50	50	50	53	9	9	201	0	656582355	1900
1776383858806	S4_ExchangeRateFeeAccrual	6372345	PASSED	50	187	107	21	0	0	0	0	0	50	9	50	0	60373847	298
1776383864406	S5_SanctionedUserInterlace	6372345	PASSED	50	2166	1749	356	17	17	17	0	0	6	4	51	0	532690970	1702
1776383868860	S6_InFlightEdgeCases	6372345	PASSED	50	398	136	15	77	26	26	58	32	16	12	51	0	141723841	531
1776383873491	S7_FullProtocolEndurance	6372345	PASSED	15	849	478	109	181	15	15	15	17	15	4	17	0	214741666	703
1776383877817	S8_InvestSettlementEdge	6372345	PASSED	50	240	100	0	0	0	0	50	62	16	12	51	0	99490490	398
1776383883272	S9_MultiAdapterMix	6372345	PASSED	50	1603	897	0	492	50	50	50	42	9	13	102	0	552874354	1566
1776383888188	S10_InterleavedOperations	6372345	PASSED	50	654	214	28	178	58	58	50	26	20	22	148	0	275065518	1011
1776383893293	S1_DepositRedeemMix	6382345	PASSED	50	1312	863	443	0	0	0	0	0	4	2	51	0	307564498	1172
1776383898169	S2_AsyncRedeemFullCycle	6382345	PASSED	50	486	52	0	319	50	50	0	0	9	6	151	0	282828244	968
1776383904071	S3_RebalanceSettlement	6382345	PASSED	50	1717	814	0	673	50	50	50	62	9	9	201	0	706113490	1989
1776383908281	S4_ExchangeRateFeeAccrual	6382345	PASSED	50	208	127	22	0	0	0	0	0	50	9	50	0	63428814	297
1776383913823	S5_SanctionedUserInterlace	6382345	PASSED	50	2051	1629	361	17	17	17	0	0	6	4	51	0	505836354	1660
1776383918240	S6_InFlightEdgeCases	6382345	PASSED	50	414	141	14	83	28	28	58	34	16	12	51	0	148302055	542
1776383922916	S7_FullProtocolEndurance	6382345	PASSED	15	894	471	136	210	15	15	15	13	15	4	17	0	232314373	749
1776383927267	S8_InvestSettlementEdge	6382345	PASSED	50	248	100	0	0	0	0	50	70	16	12	51	0	102935501	408
1776383932638	S9_MultiAdapterMix	6382345	PASSED	50	1389	734	0	433	49	49	50	52	9	13	102	0	480242329	1466
1776383937546	S10_InterleavedOperations	6382345	PASSED	50	614	191	37	159	54	54	50	27	20	22	144	0	259045727	981
1776383942491	S1_DepositRedeemMix	6392345	PASSED	50	1108	760	342	0	0	0	0	0	4	2	51	0	260746529	1033
1776383947459	S2_AsyncRedeemFullCycle	6392345	PASSED	50	530	55	0	360	50	50	0	0	9	6	151	0	307553286	1026
1776383953281	S3_RebalanceSettlement	6392345	PASSED	50	1607	739	0	641	50	50	50	59	9	9	201	0	666541286	1906
1776383957489	S4_ExchangeRateFeeAccrual	6392345	PASSED	50	213	129	25	0	0	0	0	0	50	9	50	0	64639503	312
1776383963203	S5_SanctionedUserInterlace	6392345	PASSED	50	2228	1769	398	17	17	17	0	0	6	4	51	0	552632603	1800
1776383967663	S6_InFlightEdgeCases	6392345	PASSED	50	389	136	8	77	27	27	58	28	16	12	51	0	139528769	549
1776383972310	S7_FullProtocolEndurance	6392345	PASSED	15	885	464	127	223	15	15	15	7	15	4	17	0	232334087	734
1776383976594	S8_InvestSettlementEdge	6392345	PASSED	50	240	100	0	0	0	0	50	62	16	12	51	0	99453832	400
1776383981941	S9_MultiAdapterMix	6392345	PASSED	50	1478	847	0	412	48	48	50	51	9	13	102	0	495156953	1452
1776383986888	S10_InterleavedOperations	6392345	PASSED	50	713	225	51	205	57	57	50	24	21	23	147	0	292801748	1054
1776383992067	S1_DepositRedeemMix	6402345	PASSED	50	1425	908	511	0	0	0	0	0	4	2	51	0	336112451	1269
1776383996928	S2_AsyncRedeemFullCycle	6402345	PASSED	50	499	54	0	330	50	50	0	0	9	6	151	0	289355787	970
1776384002705	S3_RebalanceSettlement	6402345	PASSED	50	1612	855	0	530	50	50	50	59	9	9	201	0	632514481	1863
1776384006896	S4_ExchangeRateFeeAccrual	6402345	PASSED	50	192	116	17	0	0	0	0	0	50	9	50	0	60812280	289
1776384012432	S5_SanctionedUserInterlace	6402345	PASSED	50	2041	1591	389	17	17	17	0	0	6	4	51	0	502310805	1643
1776384016855	S6_InFlightEdgeCases	6402345	PASSED	50	380	122	18	65	26	26	58	37	16	12	51	0	137909346	508
1776384021476	S7_FullProtocolEndurance	6402345	PASSED	15	870	491	129	172	15	15	15	14	15	4	17	0	216400607	713
1776384025800	S8_InvestSettlementEdge	6402345	PASSED	50	241	100	0	0	0	0	50	63	16	12	51	0	99813127	397
1776384031036	S9_MultiAdapterMix	6402345	PASSED	50	1319	706	0	398	49	49	50	45	9	13	102	0	451604285	1336
1776384036027	S10_InterleavedOperations	6402345	PASSED	50	738	243	53	208	57	57	50	28	20	22	148	0	301194108	1088
1776384041083	S1_DepositRedeemMix	6412345	PASSED	50	1278	831	441	0	0	0	0	0	4	2	51	0	301114723	1172
1776384045950	S2_AsyncRedeemFullCycle	6412345	PASSED	50	476	55	0	308	49	49	0	0	9	6	151	0	274311148	937
1776384051786	S3_RebalanceSettlement	6412345	PASSED	50	1682	784	0	672	49	49	50	60	9	9	201	0	699252883	1965
1776384055978	S4_ExchangeRateFeeAccrual	6412345	PASSED	50	218	132	27	0	0	0	0	0	50	9	50	0	64882729	304
1776384061552	S5_SanctionedUserInterlace	6412345	PASSED	50	2090	1606	426	16	16	16	0	0	6	4	51	0	528728014	1666
1776384066001	S6_InFlightEdgeCases	6412345	PASSED	50	421	153	18	84	27	27	58	26	16	12	51	0	146970555	558
1776384070793	S7_FullProtocolEndurance	6412345	PASSED	15	1015	552	166	217	15	15	15	16	15	4	17	0	262021030	882
1776384075060	S8_InvestSettlementEdge	6412345	PASSED	50	240	100	0	0	0	0	50	62	16	12	51	0	99629008	397
1776384080595	S9_MultiAdapterMix	6412345	PASSED	50	1553	867	0	473	49	49	50	43	9	13	102	0	535715242	1620
1776384085501	S10_InterleavedOperations	6412345	PASSED	50	662	201	42	185	55	55	50	30	21	23	146	0	279749397	1016
1776384090509	S1_DepositRedeemMix	6422345	PASSED	50	1204	773	425	0	0	0	0	0	4	2	51	0	284574834	1101
1776384095466	S2_AsyncRedeemFullCycle	6422345	PASSED	50	564	62	0	387	50	50	0	0	9	6	151	0	325237418	1068
1776384101461	S3_RebalanceSettlement	6422345	PASSED	50	1694	754	0	709	50	50	50	63	9	9	201	0	718013384	2072
1776384105673	S4_ExchangeRateFeeAccrual	6422345	PASSED	50	216	131	26	0	0	0	0	0	50	9	50	0	64923611	309
1776384111119	S5_SanctionedUserInterlace	6422345	PASSED	50	1961	1596	304	17	17	17	0	0	6	4	51	0	481171013	1569
1776384115562	S6_InFlightEdgeCases	6422345	PASSED	50	422	149	27	73	27	27	58	33	16	12	51	0	145106173	547
1776384120243	S7_FullProtocolEndurance	6422345	PASSED	15	910	514	154	168	15	15	15	10	15	4	17	0	222800242	737
1776384124563	S8_InvestSettlementEdge	6422345	PASSED	50	234	100	0	0	0	0	50	56	16	12	51	0	97141399	393
1776384129982	S9_MultiAdapterMix	6422345	PASSED	50	1536	864	0	459	49	49	50	43	9	13	102	0	528259890	1509
1776384134845	S10_InterleavedOperations	6422345	PASSED	50	633	176	54	170	56	56	50	29	20	22	145	0	268381347	986
1776384139757	S1_DepositRedeemMix	6432345	PASSED	50	1044	709	329	0	0	0	0	0	4	2	51	0	246751129	999
1776384144571	S2_AsyncRedeemFullCycle	6432345	PASSED	50	460	54	0	293	49	49	0	0	9	6	151	0	268226091	915
1776384150465	S3_RebalanceSettlement	6432345	PASSED	50	1683	760	0	692	50	50	50	63	9	9	201	0	708206455	1989
1776384154689	S4_ExchangeRateFeeAccrual	6432345	PASSED	50	208	125	24	0	0	0	0	0	50	9	50	0	63404353	301
1776384160443	S5_SanctionedUserInterlace	6432345	PASSED	50	2339	1873	408	16	16	16	0	0	6	4	51	0	594633148	1831
1776384164902	S6_InFlightEdgeCases	6432345	PASSED	50	412	144	19	80	28	28	58	27	16	12	51	0	144008029	540
1776384169604	S7_FullProtocolEndurance	6432345	PASSED	15	978	538	138	220	15	15	15	18	15	4	17	0	254284635	817
1776384173921	S8_InvestSettlementEdge	6432345	PASSED	50	246	100	0	0	0	0	50	68	16	12	51	0	102074715	417
1776384179380	S9_MultiAdapterMix	6432345	PASSED	50	1490	849	0	430	50	50	50	39	9	13	102	0	502666572	1531
1776384184280	S10_InterleavedOperations	6432345	PASSED	50	644	190	41	180	55	55	50	29	21	23	147	0	274770270	1010
1776384189311	S1_DepositRedeemMix	6442345	PASSED	50	1177	796	375	0	0	0	0	0	4	2	51	0	278862502	1103
1776384194215	S2_AsyncRedeemFullCycle	6442345	PASSED	50	477	58	0	308	48	48	0	0	9	6	151	0	275219957	998
1776384199994	S3_RebalanceSettlement	6442345	PASSED	50	1611	786	0	598	49	49	50	61	9	9	201	0	656847642	1877
1776384204150	S4_ExchangeRateFeeAccrual	6442345	PASSED	50	181	99	23	0	0	0	0	0	50	9	50	0	59402732	280
1776384209878	S5_SanctionedUserInterlace	6442345	PASSED	50	2304	1861	382	17	17	17	0	0	6	4	51	0	583871780	1810
1776384214314	S6_InFlightEdgeCases	6442345	PASSED	50	369	123	9	66	27	27	58	31	16	12	51	0	131489435	493
1776384218983	S7_FullProtocolEndurance	6442345	PASSED	15	936	542	113	204	15	15	15	13	15	4	17	0	238336690	765
1776384223282	S8_InvestSettlementEdge	6442345	PASSED	50	241	100	0	0	0	0	50	63	16	12	51	0	100048647	402
1776384228735	S9_MultiAdapterMix	6442345	PASSED	50	1511	841	0	442	50	50	50	56	9	13	102	0	517404909	1568
1776384233754	S10_InterleavedOperations	6442345	PASSED	50	685	203	56	193	57	57	50	27	20	22	147	0	285435741	1095
1776384238873	S1_DepositRedeemMix	6452345	PASSED	50	1360	883	471	0	0	0	0	0	4	2	51	0	322049765	1210
1776384243803	S2_AsyncRedeemFullCycle	6452345	PASSED	50	501	54	0	332	50	50	0	0	9	6	151	0	291590986	988
1776384249633	S3_RebalanceSettlement	6452345	PASSED	50	1608	754	0	623	49	49	50	65	9	9	201	0	668835275	1904
1776384253841	S4_ExchangeRateFeeAccrual	6452345	PASSED	50	203	125	19	0	0	0	0	0	50	9	50	0	62812090	310
1776384259436	S5_SanctionedUserInterlace	6452345	PASSED	50	2175	1732	382	17	17	17	0	0	6	4	51	0	541882575	1715
1776384263874	S6_InFlightEdgeCases	6452345	PASSED	50	399	138	12	80	26	26	58	31	16	12	51	0	144150184	538
1776384268464	S7_FullProtocolEndurance	6452345	PASSED	15	850	470	118	183	15	15	15	15	15	4	17	0	216070667	703
1776384272751	S8_InvestSettlementEdge	6452345	PASSED	50	242	100	0	0	0	0	50	64	16	12	51	0	100442290	398
1776384278177	S9_MultiAdapterMix	6452345	PASSED	50	1609	884	0	502	49	49	50	53	9	13	102	0	562750942	1571
1776384283025	S10_InterleavedOperations	6452345	PASSED	50	618	182	39	167	52	52	50	32	21	23	142	0	263876388	971
1776384288099	S1_DepositRedeemMix	6462345	PASSED	50	1274	833	435	0	0	0	0	0	4	2	51	0	300943852	1209
1776384292955	S2_AsyncRedeemFullCycle	6462345	PASSED	50	486	55	0	318	49	49	0	0	9	6	151	0	281137217	945
1776384298967	S3_RebalanceSettlement	6462345	PASSED	50	1768	863	0	665	50	50	50	72	9	9	201	0	724157863	2104
1776384303169	S4_ExchangeRateFeeAccrual	6462345	PASSED	50	195	112	24	0	0	0	0	0	50	9	50	0	61820485	296
1776384308716	S5_SanctionedUserInterlace	6462345	PASSED	50	2130	1724	345	17	17	17	0	0	6	4	51	0	532831271	1681
1776384313161	S6_InFlightEdgeCases	6462345	PASSED	50	462	166	14	98	31	31	58	36	16	12	51	0	162034423	573
1776384317795	S7_FullProtocolEndurance	6462345	PASSED	15	886	510	125	173	15	15	15	14	15	4	17	0	219490052	752
1776384322091	S8_InvestSettlementEdge	6462345	PASSED	50	241	100	0	0	0	0	50	63	16	12	51	0	100029494	399
1776384327450	S9_MultiAdapterMix	6462345	PASSED	50	1477	907	0	348	48	48	50	54	9	13	102	0	478009035	1434
1776384332370	S10_InterleavedOperations	6462345	PASSED	50	653	183	56	176	56	56	50	32	21	23	145	0	275151523	1007
1776384337265	S1_DepositRedeemMix	6472345	PASSED	50	1067	687	374	0	0	0	0	0	4	2	51	0	252781110	1009
1776384342143	S2_AsyncRedeemFullCycle	6472345	PASSED	50	504	54	0	335	50	50	0	0	9	6	151	0	292943335	982
1776384348076	S3_RebalanceSettlement	6472345	PASSED	50	1712	868	0	610	50	50	50	66	9	9	201	0	687229197	2047
1776384352264	S4_ExchangeRateFeeAccrual	6472345	PASSED	50	231	139	33	0	0	0	0	0	50	9	50	0	67372148	316
1776384357880	S5_SanctionedUserInterlace	6472345	PASSED	50	2141	1709	371	17	17	17	0	0	6	4	51	0	539390317	1717
1776384362320	S6_InFlightEdgeCases	6472345	PASSED	50	397	132	16	76	28	28	58	31	16	12	51	0	142480985	531
1776384366884	S7_FullProtocolEndurance	6472345	PASSED	15	825	451	96	202	15	15	15	12	15	4	17	0	216747255	694
1776384371191	S8_InvestSettlementEdge	6472345	PASSED	50	244	100	0	0	0	0	50	66	16	12	51	0	101126088	409
1776384376616	S9_MultiAdapterMix	6472345	PASSED	50	1486	878	0	399	49	49	50	39	9	13	102	0	491708650	1509
1776384381605	S10_InterleavedOperations	6472345	PASSED	50	761	220	55	236	60	60	50	36	21	23	148	0	317268997	1110
1776384386561	S1_DepositRedeemMix	6482345	PASSED	50	1056	729	321	0	0	0	0	0	4	2	51	0	248755926	1027
1776384391531	S2_AsyncRedeemFullCycle	6482345	PASSED	50	550	59	0	378	49	49	0	0	9	6	151	0	315223293	1036
1776384397337	S3_RebalanceSettlement	6482345	PASSED	50	1609	722	0	655	50	50	50	64	9	9	201	0	675778467	1915
1776384401555	S4_ExchangeRateFeeAccrual	6482345	PASSED	50	195	114	22	0	0	0	0	0	50	9	50	0	61536273	295
1776384407115	S5_SanctionedUserInterlace	6482345	PASSED	50	2118	1715	342	17	17	17	0	0	6	4	51	0	527697061	1685
1776384411554	S6_InFlightEdgeCases	6482345	PASSED	50	422	155	15	71	28	28	58	39	16	12	51	0	145649040	556
1776384416238	S7_FullProtocolEndurance	6482345	PASSED	15	998	596	127	198	15	15	15	13	15	4	17	0	249106538	805
1776384420542	S8_InvestSettlementEdge	6482345	PASSED	50	244	100	0	0	0	0	50	66	16	12	51	0	101167261	397
1776384425960	S9_MultiAdapterMix	6482345	PASSED	50	1577	920	0	432	50	50	50	53	9	13	102	0	532950389	1542
1776384430857	S10_InterleavedOperations	6482345	PASSED	50	639	185	37	177	56	56	50	34	21	23	145	0	273567060	988
1776384435851	S1_DepositRedeemMix	6492345	PASSED	50	1182	775	401	0	0	0	0	0	4	2	51	0	278899567	1114
1776384440679	S2_AsyncRedeemFullCycle	6492345	PASSED	50	464	52	0	299	49	49	0	0	9	6	151	0	273266917	926
1776384446613	S3_RebalanceSettlement	6492345	PASSED	50	1777	873	0	668	50	50	50	68	9	9	201	0	727053875	2059
1776384450786	S4_ExchangeRateFeeAccrual	6492345	PASSED	50	163	97	7	0	0	0	0	0	50	9	50	0	56509078	267
1776384456477	S5_SanctionedUserInterlace	6492345	PASSED	50	2265	1850	354	17	17	17	0	0	6	4	51	0	566962193	1769
1776384460885	S6_InFlightEdgeCases	6492345	PASSED	50	382	134	13	67	26	26	58	30	16	12	51	0	137746836	513
1776384465531	S7_FullProtocolEndurance	6492345	PASSED	15	875	470	126	202	15	15	15	13	15	4	17	0	226672928	731
1776384469808	S8_InvestSettlementEdge	6492345	PASSED	50	244	100	0	0	0	0	50	66	16	12	51	0	101279340	400
1776384475263	S9_MultiAdapterMix	6492345	PASSED	50	1558	938	0	401	50	50	50	47	9	13	102	0	512578914	1521
1776384480191	S10_InterleavedOperations	6492345	PASSED	50	641	192	28	192	56	56	50	25	20	22	146	0	275997333	1006
1776384485317	S1_DepositRedeemMix	6502345	PASSED	50	1277	815	456	0	0	0	0	0	4	2	51	0	304131655	1203
1776384490150	S2_AsyncRedeemFullCycle	6502345	PASSED	50	447	52	0	288	46	46	0	0	9	6	151	0	264323342	921
1776384496177	S3_RebalanceSettlement	6502345	PASSED	50	1903	911	0	759	50	50	50	65	9	9	201	0	795339540	2116
1776384500435	S4_ExchangeRateFeeAccrual	6502345	PASSED	50	252	148	45	0	0	0	0	0	50	9	50	0	70724247	348
1776384506130	S5_SanctionedUserInterlace	6502345	PASSED	50	2294	1850	383	17	17	17	0	0	6	4	51	0	571557171	1802
1776384510601	S6_InFlightEdgeCases	6502345	PASSED	50	447	170	20	86	27	27	58	31	16	12	51	0	151855428	560
1776384515105	S7_FullProtocolEndurance	6502345	PASSED	15	683	339	102	167	15	15	15	11	15	4	17	0	179369446	588
1776384519404	S8_InvestSettlementEdge	6502345	PASSED	50	242	100	0	0	0	0	50	64	16	12	51	0	100338749	402
1776384524735	S9_MultiAdapterMix	6502345	PASSED	50	1456	801	0	430	49	49	50	55	9	13	102	0	499093910	1444
1776384529666	S10_InterleavedOperations	6502345	PASSED	50	644	189	31	191	53	53	50	33	21	23	144	0	278210166	1034
1776384534739	S1_DepositRedeemMix	6512345	PASSED	50	1341	928	407	0	0	0	0	0	4	2	51	0	315334769	1191
1776384539710	S2_AsyncRedeemFullCycle	6512345	PASSED	50	557	61	0	381	50	50	0	0	9	6	151	0	320088988	1043
1776384545587	S3_RebalanceSettlement	6512345	PASSED	50	1673	779	0	667	50	50	50	59	9	9	201	0	700154697	1972
1776384549787	S4_ExchangeRateFeeAccrual	6512345	PASSED	50	212	139	14	0	0	0	0	0	50	9	50	0	63928784	300
1776384555497	S5_SanctionedUserInterlace	6512345	PASSED	50	2344	1891	395	16	16	16	0	0	6	4	51	0	591583589	1843
1776384559903	S6_InFlightEdgeCases	6512345	PASSED	50	418	150	19	83	26	26	58	28	16	12	51	0	145703724	540
1776384564661	S7_FullProtocolEndurance	6512345	PASSED	15	1033	610	134	211	15	15	15	14	15	4	17	0	261207672	890
1776384568962	S8_InvestSettlementEdge	6512345	PASSED	50	244	100	0	0	0	0	50	66	16	12	51	0	101351386	400
1776384574475	S9_MultiAdapterMix	6512345	PASSED	50	1566	904	0	441	50	50	50	49	9	13	102	0	529049183	1584
1776384579408	S10_InterleavedOperations	6512345	PASSED	50	669	201	49	182	58	58	50	27	21	23	148	0	279738370	1021
1776384584493	S1_DepositRedeemMix	6522345	PASSED	50	1315	841	468	0	0	0	0	0	4	2	51	0	311564898	1199
1776384589357	S2_AsyncRedeemFullCycle	6522345	PASSED	50	507	56	0	336	50	50	0	0	9	6	151	0	291887665	985
1776384595316	S3_RebalanceSettlement	6522345	PASSED	50	1825	943	0	640	50	50	50	74	9	9	201	0	732982754	2056
1776384599502	S4_ExchangeRateFeeAccrual	6522345	PASSED	50	187	111	17	0	0	0	0	0	50	9	50	0	60171986	308
1776384605207	S5_SanctionedUserInterlace	6522345	PASSED	50	2334	1909	364	17	17	17	0	0	6	4	51	0	593174343	1809
1776384609645	S6_InFlightEdgeCases	6522345	PASSED	50	375	137	15	60	23	23	58	31	16	12	51	0	135590972	526
1776384614201	S7_FullProtocolEndurance	6522345	PASSED	15	824	442	138	167	15	15	15	13	15	4	17	0	205672781	679
1776384618482	S8_InvestSettlementEdge	6522345	PASSED	50	241	100	0	0	0	0	50	63	16	12	51	0	99817759	412
1776384623732	S9_MultiAdapterMix	6522345	PASSED	50	1344	780	0	358	49	49	50	36	9	13	102	0	440545108	1360
1776384628645	S10_InterleavedOperations	6522345	PASSED	50	615	177	34	175	55	55	50	25	21	23	148	0	266290575	985
1776384633762	S1_DepositRedeemMix	6532345	PASSED	50	1360	870	484	0	0	0	0	0	4	2	51	0	320114018	1216
1776384638688	S2_AsyncRedeemFullCycle	6532345	PASSED	50	525	53	0	359	49	49	0	0	9	6	151	0	306531854	1008
1776384644847	S3_RebalanceSettlement	6532345	PASSED	50	1912	900	0	771	50	50	50	73	9	9	201	0	798735216	2256
1776384649055	S4_ExchangeRateFeeAccrual	6532345	PASSED	50	189	108	22	0	0	0	0	0	50	9	50	0	60763248	307
1776384654791	S5_SanctionedUserInterlace	6532345	PASSED	50	2242	1764	417	17	17	17	0	0	6	4	51	0	561345059	1803
1776384659260	S6_InFlightEdgeCases	6532345	PASSED	50	435	152	19	80	30	30	58	38	16	12	51	0	150840942	574
1776384663919	S7_FullProtocolEndurance	6532345	PASSED	15	881	496	109	204	15	15	15	8	15	4	17	0	226087732	763
1776384668247	S8_InvestSettlementEdge	6532345	PASSED	50	238	100	0	0	0	0	50	60	16	12	51	0	98818155	403
1776384673594	S9_MultiAdapterMix	6532345	PASSED	50	1467	839	0	420	49	49	50	38	9	13	102	0	490459743	1443
1776384678569	S10_InterleavedOperations	6532345	PASSED	50	723	216	61	215	57	57	50	25	20	22	148	0	300370576	1085
1776384683725	S1_DepositRedeemMix	6542345	PASSED	50	1427	936	485	0	0	0	0	0	4	2	51	0	336011977	1262
1776384688519	S2_AsyncRedeemFullCycle	6542345	PASSED	50	463	51	0	299	49	49	0	0	9	6	151	0	270086989	919
1776384694417	S3_RebalanceSettlement	6542345	PASSED	50	1766	869	0	673	50	50	50	56	9	9	201	0	718162228	2004
1776384698612	S4_ExchangeRateFeeAccrual	6542345	PASSED	50	203	114	30	0	0	0	0	0	50	9	50	0	63009090	296
1776384704229	S5_SanctionedUserInterlace	6542345	PASSED	50	2207	1766	380	17	17	17	0	0	6	4	51	0	550713108	1753
1776384708675	S6_InFlightEdgeCases	6542345	PASSED	50	424	161	13	73	27	27	58	37	16	12	51	0	146931525	541
1776384713311	S7_FullProtocolEndurance	6542345	PASSED	15	862	479	125	181	15	15	15	13	15	4	17	0	216319663	734
1776384717624	S8_InvestSettlementEdge	6542345	PASSED	50	240	100	0	0	0	0	50	62	16	12	51	0	99499781	410
1776384722928	S9_MultiAdapterMix	6542345	PASSED	50	1403	770	0	414	49	49	50	49	9	13	102	0	478732410	1402
1776384727918	S10_InterleavedOperations	6542345	PASSED	50	709	197	40	223	61	61	50	33	21	23	150	0	303068358	1083
1776384732877	S1_DepositRedeemMix	6552345	PASSED	50	1099	712	381	0	0	0	0	0	4	2	51	0	258587085	1033
1776384737719	S2_AsyncRedeemFullCycle	6552345	PASSED	50	472	54	0	303	50	50	0	0	9	6	151	0	272908672	942
1776384743657	S3_RebalanceSettlement	6552345	PASSED	50	1797	928	0	635	50	50	50	66	9	9	201	0	715381114	2035
1776384747840	S4_ExchangeRateFeeAccrual	6552345	PASSED	50	205	125	21	0	0	0	0	0	50	9	50	0	63152269	294
1776384753426	S5_SanctionedUserInterlace	6552345	PASSED	50	2048	1658	329	17	17	17	0	0	6	4	51	0	503551532	1660
1776384757853	S6_InFlightEdgeCases	6552345	PASSED	50	366	130	6	61	25	25	58	33	16	12	51	0	132202545	506
1776384762575	S7_FullProtocolEndurance	6552345	PASSED	15	994	548	142	228	15	15	15	12	15	4	17	0	256747965	811
1776384766867	S8_InvestSettlementEdge	6552345	PASSED	50	242	100	0	0	0	0	50	64	16	12	51	0	100344630	402
1776384772200	S9_MultiAdapterMix	6552345	PASSED	50	1425	830	0	373	48	48	50	54	9	13	102	0	469947241	1416
1776384777181	S10_InterleavedOperations	6552345	PASSED	50	701	194	49	219	58	58	50	31	20	22	147	0	297694767	1064
1776384782199	S1_DepositRedeemMix	6562345	PASSED	50	1205	803	396	0	0	0	0	0	4	2	51	0	283588079	1112
1776384787168	S2_AsyncRedeemFullCycle	6562345	PASSED	50	549	58	0	376	50	50	0	0	9	6	151	0	315842126	1029
1776384793109	S3_RebalanceSettlement	6562345	PASSED	50	1808	900	0	676	50	50	50	64	9	9	201	0	732433934	2031
1776384797295	S4_ExchangeRateFeeAccrual	6562345	PASSED	50	190	106	25	0	0	0	0	0	50	9	50	0	61026494	289
1776384802939	S5_SanctionedUserInterlace	6562345	PASSED	50	2260	1820	379	17	17	17	0	0	6	4	51	0	559981020	1772
1776384807376	S6_InFlightEdgeCases	6562345	PASSED	50	388	133	11	70	26	26	58	36	16	12	51	0	139404363	540
1776384812079	S7_FullProtocolEndurance	6562345	PASSED	15	917	508	131	198	15	15	15	16	15	4	17	0	233497785	786
1776384816364	S8_InvestSettlementEdge	6562345	PASSED	50	246	100	0	0	0	0	50	68	16	12	51	0	102040229	418
1776384821717	S9_MultiAdapterMix	6562345	PASSED	50	1467	807	0	436	49	49	50	54	9	13	102	0	500849801	1463
1776384826727	S10_InterleavedOperations	6562345	PASSED	50	747	230	50	230	60	60	50	25	20	22	149	0	310737294	1093
1776384831754	S1_DepositRedeemMix	6572345	PASSED	50	1226	793	427	0	0	0	0	0	4	2	51	0	287566626	1131
1776384836585	S2_AsyncRedeemFullCycle	6572345	PASSED	50	469	54	0	300	50	50	0	0	9	6	151	0	271554842	928
1776384842622	S3_RebalanceSettlement	6572345	PASSED	50	1767	891	0	648	50	50	50	60	9	9	201	0	713852867	2115
1776384846841	S4_ExchangeRateFeeAccrual	6572345	PASSED	50	221	129	33	0	0	0	0	0	50	9	50	0	65700438	308
1776384852433	S5_SanctionedUserInterlace	6572345	PASSED	50	2117	1701	355	17	17	17	0	0	6	4	51	0	526461883	1684
1776384856875	S6_InFlightEdgeCases	6572345	PASSED	50	422	151	17	75	29	29	58	35	16	12	51	0	146391992	541
1776384861623	S7_FullProtocolEndurance	6572345	PASSED	15	941	530	101	237	15	15	15	9	15	4	17	0	247225730	782
1776384865909	S8_InvestSettlementEdge	6572345	PASSED	50	242	100	0	0	0	0	50	64	16	12	51	0	100308142	399
1776384871274	S9_MultiAdapterMix	6572345	PASSED	50	1472	814	0	448	49	49	50	40	9	13	102	0	502273807	1451
1776384876300	S10_InterleavedOperations	6572345	PASSED	50	653	208	29	169	61	61	50	31	21	23	149	0	272273638	1064
1776384881361	S1_DepositRedeemMix	6582345	PASSED	50	1262	825	431	0	0	0	0	0	4	2	51	0	295760515	1156
1776384886261	S2_AsyncRedeemFullCycle	6582345	PASSED	50	478	57	0	306	50	50	0	0	9	6	151	0	273340505	960
1776384892167	S3_RebalanceSettlement	6582345	PASSED	50	1716	861	0	629	50	50	50	58	9	9	201	0	688633463	1979
1776384896393	S4_ExchangeRateFeeAccrual	6582345	PASSED	50	203	119	25	0	0	0	0	0	50	9	50	0	62615150	304
1776384901990	S5_SanctionedUserInterlace	6582345	PASSED	50	2180	1737	382	17	17	17	0	0	6	4	51	0	551145490	1724
1776384906453	S6_InFlightEdgeCases	6582345	PASSED	50	435	153	19	85	28	28	58	36	16	12	51	0	151083134	552
1776384911190	S7_FullProtocolEndurance	6582345	PASSED	15	984	583	135	194	15	15	15	8	15	4	17	0	242855070	796
1776384915520	S8_InvestSettlementEdge	6582345	PASSED	50	242	100	0	0	0	0	50	64	16	12	51	0	100362312	407
1776384920903	S9_MultiAdapterMix	6582345	PASSED	50	1531	853	0	458	50	50	50	48	9	13	102	0	522103876	1495
1776384925849	S10_InterleavedOperations	6582345	PASSED	50	689	224	46	190	56	56	50	25	20	22	146	0	285331660	1054
1776384930894	S1_DepositRedeemMix	6592345	PASSED	50	1186	780	400	0	0	0	0	0	4	2	51	0	277889122	1087
1776384935823	S2_AsyncRedeemFullCycle	6592345	PASSED	50	496	55	0	326	50	50	0	0	9	6	151	0	286610408	983
1776384941602	S3_RebalanceSettlement	6592345	PASSED	50	1654	843	0	582	50	50	50	61	9	9	201	0	656774891	1901
1776384945798	S4_ExchangeRateFeeAccrual	6592345	PASSED	50	207	131	17	0	0	0	0	0	50	9	50	0	63349134	296
1776384951462	S5_SanctionedUserInterlace	6592345	PASSED	50	2227	1788	378	17	17	17	0	0	6	4	51	0	554915442	1752
1776384955919	S6_InFlightEdgeCases	6592345	PASSED	50	413	147	19	75	25	25	58	36	16	12	51	0	145001433	537
1776384960531	S7_FullProtocolEndurance	6592345	PASSED	15	847	451	121	201	15	15	15	10	15	4	17	0	219163411	709
1776384964828	S8_InvestSettlementEdge	6592345	PASSED	50	242	100	0	0	0	0	50	64	16	12	51	0	100252711	401
1776384970189	S9_MultiAdapterMix	6592345	PASSED	50	1456	861	0	370	48	48	50	57	9	13	102	0	480191278	1479
1776384975118	S10_InterleavedOperations	6592345	PASSED	50	654	184	51	185	56	56	50	30	20	22	145	0	277858352	1017
1776384980229	S1_DepositRedeemMix	6602345	PASSED	50	1334	874	454	0	0	0	0	0	4	2	51	0	313322355	1205
1776384985133	S2_AsyncRedeemFullCycle	6602345	PASSED	50	482	55	0	312	50	50	0	0	9	6	151	0	277885817	1014
1776384991078	S3_RebalanceSettlement	6602345	PASSED	50	1766	897	0	635	49	49	50	68	9	9	201	0	708433988	2023
1776384995263	S4_ExchangeRateFeeAccrual	6602345	PASSED	50	210	127	24	0	0	0	0	0	50	9	50	0	63994930	304
1776385000810	S5_SanctionedUserInterlace	6602345	PASSED	50	2080	1678	341	17	17	17	0	0	6	4	51	0	515354556	1645
1776385005299	S6_InFlightEdgeCases	6602345	PASSED	50	409	139	16	77	30	30	58	31	16	12	51	0	144277294	550
1776385010055	S7_FullProtocolEndurance	6602345	PASSED	15	999	529	145	247	15	15	15	14	15	4	17	0	264631091	838
1776385014353	S8_InvestSettlementEdge	6602345	PASSED	50	244	100	0	0	0	0	50	66	16	12	51	0	101226424	398
1776385019745	S9_MultiAdapterMix	6602345	PASSED	50	1534	952	0	364	49	49	50	48	9	13	102	0	491378876	1509
1776385024635	S10_InterleavedOperations	6602345	PASSED	50	632	176	36	192	56	56	50	26	19	21	145	0	274420523	1000
1776385029738	S1_DepositRedeemMix	6612345	PASSED	50	1287	858	423	0	0	0	0	0	4	2	51	0	303491429	1171
1776385034605	S2_AsyncRedeemFullCycle	6612345	PASSED	50	464	52	0	297	50	50	0	0	9	6	151	0	269734165	935
1776385040523	S3_RebalanceSettlement	6612345	PASSED	50	1708	874	0	607	50	50	50	59	9	9	201	0	679736675	1971
1776385044741	S4_ExchangeRateFeeAccrual	6612345	PASSED	50	185	109	17	0	0	0	0	0	50	9	50	0	60009075	284
1776385050333	S5_SanctionedUserInterlace	6612345	PASSED	50	2055	1687	307	17	17	17	0	0	6	4	51	0	504140504	1668
1776385054811	S6_InFlightEdgeCases	6612345	PASSED	50	391	131	19	73	24	24	58	34	16	12	51	0	140821144	532
1776385059587	S7_FullProtocolEndurance	6612345	PASSED	15	977	489	186	226	15	15	15	12	15	4	17	0	254580199	834
1776385063878	S8_InvestSettlementEdge	6612345	PASSED	50	238	100	0	0	0	0	50	60	16	12	51	0	98639537	396
1776385069307	S9_MultiAdapterMix	6612345	PASSED	50	1552	866	0	462	50	50	50	52	9	13	102	0	530937616	1528
1776385074214	S10_InterleavedOperations	6612345	PASSED	50	647	186	39	190	58	58	50	26	19	21	148	0	277798277	1026
1776385079257	S1_DepositRedeemMix	6622345	PASSED	50	1214	797	411	0	0	0	0	0	4	2	51	0	284499736	1142
1776385084099	S2_AsyncRedeemFullCycle	6622345	PASSED	50	500	55	0	330	50	50	0	0	9	6	151	0	287865435	967
1776385090128	S3_RebalanceSettlement	6622345	PASSED	50	1766	897	0	638	50	50	50	63	9	9	201	0	711670165	2132
1776385094324	S4_ExchangeRateFeeAccrual	6622345	PASSED	50	198	119	20	0	0	0	0	0	50	9	50	0	62050323	294
1776385099890	S5_SanctionedUserInterlace	6622345	PASSED	50	2088	1686	341	17	17	17	0	0	6	4	51	0	517262629	1678
1776385104306	S6_InFlightEdgeCases	6622345	PASSED	50	357	112	13	61	26	26	58	33	16	12	51	0	132778764	499
1776385108933	S7_FullProtocolEndurance	6622345	PASSED	15	888	524	109	179	15	15	15	12	15	4	17	0	220159989	731
1776385113221	S8_InvestSettlementEdge	6622345	PASSED	50	246	100	0	0	0	0	50	68	16	12	51	0	101966989	400
1776385118638	S9_MultiAdapterMix	6622345	PASSED	50	1462	828	0	416	50	50	50	46	9	13	102	0	490063135	1519
1776385123610	S10_InterleavedOperations	6622345	PASSED	50	680	209	41	191	56	56	50	33	21	23	147	0	284325203	1060
1776385128631	S1_DepositRedeemMix	6632345	PASSED	50	1197	804	387	0	0	0	0	0	4	2	51	0	280175138	1094
1776385133522	S2_AsyncRedeemFullCycle	6632345	PASSED	50	513	57	0	343	49	49	0	0	9	6	151	0	295738854	999
1776385139342	S3_RebalanceSettlement	6632345	PASSED	50	1649	774	0	649	49	49	50	60	9	9	201	0	678958985	1920
1776385143575	S4_ExchangeRateFeeAccrual	6632345	PASSED	50	204	117	28	0	0	0	0	0	50	9	50	0	63139514	304
1776385149240	S5_SanctionedUserInterlace	6632345	PASSED	50	2189	1742	386	17	17	17	0	0	6	4	51	0	554065458	1737
1776385153699	S6_InFlightEdgeCases	6632345	PASSED	50	402	140	12	73	27	27	58	37	16	12	51	0	144247228	535
1776385158308	S7_FullProtocolEndurance	6632345	PASSED	15	873	460	139	197	15	15	15	13	15	4	17	0	224369737	743
1776385162608	S8_InvestSettlementEdge	6632345	PASSED	50	238	100	0	0	0	0	50	60	16	12	51	0	98725801	394
1776385167963	S9_MultiAdapterMix	6632345	PASSED	50	1496	839	0	443	49	49	50	44	9	13	102	0	507571818	1478
1776385172920	S10_InterleavedOperations	6632345	PASSED	50	665	182	32	210	57	57	50	33	21	23	147	0	287592657	1019
1776385177879	S1_DepositRedeemMix	6642345	PASSED	50	1035	724	305	0	0	0	0	0	4	2	51	0	242511138	1042
1776385182765	S2_AsyncRedeemFullCycle	6642345	PASSED	50	501	56	0	330	50	50	0	0	9	6	151	0	290111659	972
1776385188675	S3_RebalanceSettlement	6642345	PASSED	50	1725	891	0	611	47	47	50	61	9	9	201	0	686626771	1981
1776385192897	S4_ExchangeRateFeeAccrual	6642345	PASSED	50	204	121	24	0	0	0	0	0	50	9	50	0	63012593	301
1776385198478	S5_SanctionedUserInterlace	6642345	PASSED	50	2076	1699	316	17	17	17	0	0	6	4	51	0	513127097	1668
1776385202972	S6_InFlightEdgeCases	6642345	PASSED	50	444	157	22	91	28	28	58	32	16	12	51	0	153171595	558
1776385207686	S7_FullProtocolEndurance	6642345	PASSED	15	978	512	159	231	15	15	15	12	15	4	17	0	256811611	827
1776385212002	S8_InvestSettlementEdge	6642345	PASSED	50	243	100	0	0	0	0	50	65	16	12	51	0	100722937	402
1776385217479	S9_MultiAdapterMix	6642345	PASSED	50	1603	910	0	482	49	49	50	41	9	13	102	0	546251899	1577
1776385222448	S10_InterleavedOperations	6642345	PASSED	50	695	215	29	207	59	59	50	34	20	22	148	0	292575607	1046
1776385227343	S1_DepositRedeemMix	6652345	PASSED	50	1061	731	324	0	0	0	0	0	4	2	51	0	248361127	1001
1776385232201	S2_AsyncRedeemFullCycle	6652345	PASSED	50	509	53	0	343	49	49	0	0	9	6	151	0	293922674	978
1776385238013	S3_RebalanceSettlement	6652345	PASSED	50	1638	815	0	600	50	50	50	55	9	9	201	0	657669154	1929
1776385242231	S4_ExchangeRateFeeAccrual	6652345	PASSED	50	229	143	27	0	0	0	0	0	50	9	50	0	66607045	314
1776385247857	S5_SanctionedUserInterlace	6652345	PASSED	50	2127	1661	408	16	16	16	0	0	6	4	51	0	523189022	1703
1776385252311	S6_InFlightEdgeCases	6652345	PASSED	50	384	130	21	65	25	25	58	32	16	12	51	0	137336255	514
1776385256959	S7_FullProtocolEndurance	6652345	PASSED	15	826	435	79	235	15	15	15	13	15	4	17	0	224621296	693
1776385261260	S8_InvestSettlementEdge	6652345	PASSED	50	242	100	0	0	0	0	50	64	16	12	51	0	100342790	397
1776385266644	S9_MultiAdapterMix	6652345	PASSED	50	1446	745	0	486	49	49	50	45	9	13	102	0	512460477	1470
1776385271602	S10_InterleavedOperations	6652345	PASSED	50	666	190	29	206	59	59	50	29	21	23	149	0	286759969	1039
1776385276555	S1_DepositRedeemMix	6662345	PASSED	50	1098	754	338	0	0	0	0	0	4	2	51	0	256857259	1062
1776385281409	S2_AsyncRedeemFullCycle	6662345	PASSED	50	476	53	0	310	49	49	0	0	9	6	151	0	276541584	946
1776385287218	S3_RebalanceSettlement	6662345	PASSED	50	1639	811	0	604	49	49	50	58	9	9	201	0	660083378	1926
1776385291456	S4_ExchangeRateFeeAccrual	6662345	PASSED	50	197	114	24	0	0	0	0	0	50	9	50	0	61737247	313
1776385297174	S5_SanctionedUserInterlace	6662345	PASSED	50	2317	1809	447	17	17	17	0	0	6	4	51	0	576467311	1818
1776385301677	S6_InFlightEdgeCases	6662345	PASSED	50	428	145	17	92	27	27	58	34	16	12	51	0	153604231	578
1776385306301	S7_FullProtocolEndurance	6662345	PASSED	15	853	436	140	201	15	15	15	12	15	4	17	0	221299494	708
1776385310606	S8_InvestSettlementEdge	6662345	PASSED	50	244	100	0	0	0	0	50	66	16	12	51	0	101105640	400
1776385316052	S9_MultiAdapterMix	6662345	PASSED	50	1513	841	0	454	49	49	50	48	9	13	102	0	517034369	1499
1776385320905	S10_InterleavedOperations	6662345	PASSED	50	610	167	42	174	51	51	50	31	21	23	143	0	265494107	980
1776385325996	S1_DepositRedeemMix	6672345	PASSED	50	1306	867	433	0	0	0	0	0	4	2	51	0	308200575	1187
1776385330852	S2_AsyncRedeemFullCycle	6672345	PASSED	50	492	56	0	325	48	48	0	0	9	6	151	0	285382613	959
1776385336587	S3_RebalanceSettlement	6672345	PASSED	50	1584	794	0	565	49	49	50	59	9	9	201	0	632473995	1855
1776385340773	S4_ExchangeRateFeeAccrual	6672345	PASSED	50	205	121	25	0	0	0	0	0	50	9	50	0	62989343	300
1776385346529	S5_SanctionedUserInterlace	6672345	PASSED	50	2426	1971	394	17	17	17	0	0	6	4	51	0	604808546	1860
1776385350969	S6_InFlightEdgeCases	6672345	PASSED	50	430	149	14	88	27	27	58	39	16	12	51	0	153031927	552
1776385355560	S7_FullProtocolEndurance	6672345	PASSED	15	751	415	122	138	15	15	15	12	15	4	17	0	182804172	655
1776385359859	S8_InvestSettlementEdge	6672345	PASSED	50	244	100	0	0	0	0	50	66	16	12	51	0	101139170	402
1776385365227	S9_MultiAdapterMix	6672345	PASSED	50	1480	842	0	410	48	48	50	60	9	13	102	0	498293794	1465
1776385370158	S10_InterleavedOperations	6672345	PASSED	50	657	202	46	177	58	58	50	24	20	22	148	0	273973946	1031
1776385375240	S1_DepositRedeemMix	6682345	PASSED	50	1298	840	452	0	0	0	0	0	4	2	51	0	304598559	1168
1776385380156	S2_AsyncRedeemFullCycle	6682345	PASSED	50	526	55	0	356	50	50	0	0	9	6	151	0	302646259	999
1776385386010	S3_RebalanceSettlement	6682345	PASSED	50	1677	825	0	619	50	50	50	65	9	9	201	0	680951751	1947
1776385390236	S4_ExchangeRateFeeAccrual	6682345	PASSED	50	224	146	19	0	0	0	0	0	50	9	50	0	65953139	310
1776385395959	S5_SanctionedUserInterlace	6682345	PASSED	50	2322	1870	394	16	16	16	0	0	6	4	51	0	581400533	1813
1776385400368	S6_InFlightEdgeCases	6682345	PASSED	50	379	126	8	68	27	27	58	37	16	12	51	0	137706365	510
1776385405086	S7_FullProtocolEndurance	6682345	PASSED	15	1034	559	152	247	15	15	15	12	15	4	17	0	272014148	841
1776385409391	S8_InvestSettlementEdge	6682345	PASSED	50	244	100	0	0	0	0	50	66	16	12	51	0	101165543	404
1776385414823	S9_MultiAdapterMix	6682345	PASSED	50	1544	878	0	457	49	49	50	39	9	13	102	0	521981004	1503
1776385419756	S10_InterleavedOperations	6682345	PASSED	50	646	197	39	170	57	57	50	34	20	22	146	0	271657598	1016
1776385424705	S1_DepositRedeemMix	6692345	PASSED	50	1074	726	342	0	0	0	0	0	4	2	51	0	251953099	1011
1776385429646	S2_AsyncRedeemFullCycle	6692345	PASSED	50	538	54	0	369	50	50	0	0	9	6	151	0	311761679	1021
1776385435489	S3_RebalanceSettlement	6692345	PASSED	50	1705	815	0	662	50	50	50	60	9	9	201	0	698891937	1953
1776385439706	S4_ExchangeRateFeeAccrual	6692345	PASSED	50	187	110	18	0	0	0	0	0	50	9	50	0	60337329	297
1776385445336	S5_SanctionedUserInterlace	6692345	PASSED	50	2192	1711	420	17	17	17	0	0	6	4	51	0	542794256	1711
1776385449737	S6_InFlightEdgeCases	6692345	PASSED	50	397	134	19	67	28	28	58	35	16	12	51	0	139862112	522
1776385454374	S7_FullProtocolEndurance	6692345	PASSED	15	888	516	104	188	15	15	15	16	15	4	17	0	223968005	728
1776385458677	S8_InvestSettlementEdge	6692345	PASSED	50	242	100	0	0	0	0	50	64	16	12	51	0	100303547	400
1776385463941	S9_MultiAdapterMix	6692345	PASSED	50	1368	755	0	400	48	48	50	45	9	13	102	0	462132534	1394
1776385468899	S10_InterleavedOperations	6692345	PASSED	50	675	205	38	197	56	56	50	31	20	22	145	0	284300384	1070
1776385473830	S1_DepositRedeemMix	6702345	PASSED	50	1085	714	365	0	0	0	0	0	4	2	51	0	255084634	1028
1776385478767	S2_AsyncRedeemFullCycle	6702345	PASSED	50	549	62	0	372	50	50	0	0	9	6	151	0	312569980	1025
1776385484758	S3_RebalanceSettlement	6702345	PASSED	50	1836	832	0	758	50	50	50	78	9	9	201	0	774334375	2092
1776385488954	S4_ExchangeRateFeeAccrual	6702345	PASSED	50	203	116	28	0	0	0	0	0	50	9	50	0	62907302	293
1776385494530	S5_SanctionedUserInterlace	6702345	PASSED	50	2124	1736	327	17	17	17	0	0	6	4	51	0	526278674	1678
1776385498988	S6_InFlightEdgeCases	6702345	PASSED	50	420	149	14	84	27	27	58	33	16	12	51	0	148250310	545
1776385503736	S7_FullProtocolEndurance	6702345	PASSED	15	988	581	129	197	15	15	15	17	15	4	17	0	247951329	813
1776385508045	S8_InvestSettlementEdge	6702345	PASSED	50	244	100	0	0	0	0	50	66	16	12	51	0	101362439	397
1776385513539	S9_MultiAdapterMix	6702345	PASSED	50	1654	992	0	431	50	50	50	59	9	13	102	0	548058444	1589
1776385518421	S10_InterleavedOperations	6702345	PASSED	50	629	199	23	169	59	59	50	28	20	22	147	0	266647548	989
1776385523521	S1_DepositRedeemMix	6712345	PASSED	50	1296	848	442	0	0	0	0	0	4	2	51	0	304114613	1179
1776385528361	S2_AsyncRedeemFullCycle	6712345	PASSED	50	485	53	0	317	50	50	0	0	9	6	151	0	280216658	952
1776385534171	S3_RebalanceSettlement	6712345	PASSED	50	1658	815	0	614	50	50	50	61	9	9	201	0	670708274	1920
1776385538390	S4_ExchangeRateFeeAccrual	6712345	PASSED	50	231	138	34	0	0	0	0	0	50	9	50	0	67470794	318
1776385544088	S5_SanctionedUserInterlace	6712345	PASSED	50	2237	1743	433	17	17	17	0	0	6	4	51	0	551224769	1798
1776385548573	S6_InFlightEdgeCases	6712345	PASSED	50	433	151	24	81	29	29	58	33	16	12	51	0	150594222	553
1776385553229	S7_FullProtocolEndurance	6712345	PASSED	15	922	548	114	182	15	15	15	14	15	4	17	0	228182054	767
1776385557530	S8_InvestSettlementEdge	6712345	PASSED	50	238	100	0	0	0	0	50	60	16	12	51	0	98720065	422
1776385562907	S9_MultiAdapterMix	6712345	PASSED	50	1509	861	0	433	48	48	50	47	9	13	102	0	511127382	1477
1776385567832	S10_InterleavedOperations	6712345	PASSED	50	668	182	34	204	60	60	50	34	21	23	149	0	290275874	1031
1776385572904	S1_DepositRedeemMix	6722345	PASSED	50	1277	823	448	0	0	0	0	0	4	2	51	0	299703087	1148
1776385577776	S2_AsyncRedeemFullCycle	6722345	PASSED	50	510	53	0	344	49	49	0	0	9	6	151	0	295779715	989
1776385583687	S3_RebalanceSettlement	6722345	PASSED	50	1786	849	0	699	50	50	50	70	9	9	201	0	737492652	2042
1776385587874	S4_ExchangeRateFeeAccrual	6722345	PASSED	50	183	109	15	0	0	0	0	0	50	9	50	0	59807773	281
1776385593522	S5_SanctionedUserInterlace	6722345	PASSED	50	2168	1802	305	17	17	17	0	0	6	4	51	0	536959985	1722
1776385597941	S6_InFlightEdgeCases	6722345	PASSED	50	374	120	12	74	26	26	58	30	16	12	51	0	135909453	511
1776385602618	S7_FullProtocolEndurance	6722345	PASSED	15	905	540	115	175	15	15	15	11	15	4	17	0	221713624	735
1776385606928	S8_InvestSettlementEdge	6722345	PASSED	50	244	100	0	0	0	0	50	66	16	12	51	0	101158819	406
1776385612218	S9_MultiAdapterMix	6722345	PASSED	50	1353	762	0	374	49	49	50	47	9	13	102	0	451732744	1368
1776385617203	S10_InterleavedOperations	6722345	PASSED	50	720	204	50	219	59	59	50	35	21	23	147	0	302216704	1070
1776385622292	S1_DepositRedeemMix	6732345	PASSED	50	1287	867	414	0	0	0	0	0	4	2	51	0	302949646	1162
1776385627202	S2_AsyncRedeemFullCycle	6732345	PASSED	50	552	63	0	374	50	50	0	0	9	6	151	0	315754678	1020
1776385633039	S3_RebalanceSettlement	6732345	PASSED	50	1610	751	0	634	49	49	50	59	9	9	201	0	663715608	1904
1776385637259	S4_ExchangeRateFeeAccrual	6732345	PASSED	50	200	116	25	0	0	0	0	0	50	9	50	0	62047777	293
1776385642981	S5_SanctionedUserInterlace	6732345	PASSED	50	2285	1854	370	17	17	17	0	0	6	4	51	0	568450748	1796
1776385647409	S6_InFlightEdgeCases	6732345	PASSED	50	381	120	16	73	24	24	58	38	16	12	51	0	142329580	533
1776385652151	S7_FullProtocolEndurance	6732345	PASSED	15	948	524	107	237	15	15	15	16	15	4	17	0	250865952	813
1776385656462	S8_InvestSettlementEdge	6732345	PASSED	50	242	100	0	0	0	0	50	64	16	12	51	0	100377781	396
1776385661885	S9_MultiAdapterMix	6732345	PASSED	50	1554	865	0	459	49	49	50	60	9	13	102	0	532062418	1524
1776385666845	S10_InterleavedOperations	6732345	PASSED	50	684	215	33	198	58	58	50	28	21	23	150	0	287286563	1044
1776385672051	S1_DepositRedeemMix	6742345	PASSED	50	1451	932	513	0	0	0	0	0	4	2	51	0	342598591	1283
1776385676952	S2_AsyncRedeemFullCycle	6742345	PASSED	50	506	56	0	337	49	49	0	0	9	6	151	0	291767960	973
1776385682820	S3_RebalanceSettlement	6742345	PASSED	50	1713	833	0	643	50	50	50	69	9	9	201	0	700829703	1962
1776385687019	S4_ExchangeRateFeeAccrual	6742345	PASSED	50	221	129	33	0	0	0	0	0	50	9	50	0	65745556	309
1776385692526	S5_SanctionedUserInterlace	6742345	PASSED	50	2000	1638	301	17	17	17	0	0	6	4	51	0	491034719	1600
1776385696921	S6_InFlightEdgeCases	6742345	PASSED	50	396	139	17	70	27	27	58	30	16	12	51	0	138104278	519
1776385701627	S7_FullProtocolEndurance	6742345	PASSED	15	979	538	131	229	15	15	15	17	15	4	17	0	256269123	804
1776385705939	S8_InvestSettlementEdge	6742345	PASSED	50	238	100	0	0	0	0	50	60	16	12	51	0	98642216	396
1776385711265	S9_MultiAdapterMix	6742345	PASSED	50	1421	850	0	360	48	48	50	43	9	13	102	0	461576599	1404
1776385716254	S10_InterleavedOperations	6742345	PASSED	50	721	221	39	209	60	60	50	38	21	23	149	0	301630152	1092
1776385721278	S1_DepositRedeemMix	6752345	PASSED	50	1225	794	425	0	0	0	0	0	4	2	51	0	287328106	1127
1776385726212	S2_AsyncRedeemFullCycle	6752345	PASSED	50	525	57	0	353	50	50	0	0	9	6	151	0	299427101	994
1776385732205	S3_RebalanceSettlement	6752345	PASSED	50	1744	786	0	722	50	50	50	68	9	9	201	0	734257957	2034
1776385736421	S4_ExchangeRateFeeAccrual	6752345	PASSED	50	217	131	27	0	0	0	0	0	50	9	50	0	64828203	303
1776385741980	S5_SanctionedUserInterlace	6752345	PASSED	50	2074	1693	320	17	17	17	0	0	6	4	51	0	510312351	1632
1776385746479	S6_InFlightEdgeCases	6752345	PASSED	50	422	146	18	79	29	29	58	35	16	12	51	0	147834746	585
1776385751156	S7_FullProtocolEndurance	6752345	PASSED	15	887	482	118	208	15	15	15	15	15	4	17	0	229974289	731
1776385755471	S8_InvestSettlementEdge	6752345	PASSED	50	244	100	0	0	0	0	50	66	16	12	51	0	101070967	402
1776385760894	S9_MultiAdapterMix	6752345	PASSED	50	1594	928	0	450	50	50	50	44	9	13	102	0	533820179	1535
1776385765908	S10_InterleavedOperations	6752345	PASSED	50	738	219	38	229	62	62	50	34	21	23	150	0	309527863	1108
1776385770970	S1_DepositRedeemMix	6762345	PASSED	50	1204	820	378	0	0	0	0	0	4	2	51	0	281322991	1134
1776385775954	S2_AsyncRedeemFullCycle	6762345	PASSED	50	508	55	0	338	50	50	0	0	9	6	151	0	292610192	1060
1776385781752	S3_RebalanceSettlement	6762345	PASSED	50	1496	724	0	539	49	49	50	67	9	9	201	0	603904368	1874
1776385785954	S4_ExchangeRateFeeAccrual	6762345	PASSED	50	220	130	31	0	0	0	0	0	50	9	50	0	65576586	309
1776385791630	S5_SanctionedUserInterlace	6762345	PASSED	50	2221	1793	367	17	17	17	0	0	6	4	51	0	558948270	1764
1776385796050	S6_InFlightEdgeCases	6762345	PASSED	50	375	122	12	65	27	27	58	36	16	12	51	0	136547666	510
1776385800719	S7_FullProtocolEndurance	6762345	PASSED	15	910	508	153	174	15	15	15	11	15	4	17	0	224945707	740
1776385805025	S8_InvestSettlementEdge	6762345	PASSED	50	240	100	0	0	0	0	50	62	16	12	51	0	99642228	396
1776385810559	S9_MultiAdapterMix	6762345	PASSED	50	1676	968	0	479	50	50	50	57	9	13	102	0	571842708	1616
1776385815551	S10_InterleavedOperations	6762345	PASSED	50	717	219	48	214	56	56	50	30	21	23	147	0	298571146	1092
1776385820565	S1_DepositRedeemMix	6772345	PASSED	50	1225	783	436	0	0	0	0	0	4	2	51	0	287850835	1119
1776385825371	S2_AsyncRedeemFullCycle	6772345	PASSED	50	457	56	0	288	49	49	0	0	9	6	151	0	267567917	935
1776385831368	S3_RebalanceSettlement	6772345	PASSED	50	1881	887	0	763	49	49	50	65	9	9	201	0	785249306	2117
1776385835563	S4_ExchangeRateFeeAccrual	6772345	PASSED	50	183	105	19	0	0	0	0	0	50	9	50	0	59444943	310
1776385841101	S5_SanctionedUserInterlace	6772345	PASSED	50	2006	1567	378	17	17	17	0	0	6	4	51	0	489525887	1597
1776385845615	S6_InFlightEdgeCases	6772345	PASSED	50	456	158	7	102	31	31	58	41	16	12	51	0	160254990	569
1776385850351	S7_FullProtocolEndurance	6772345	PASSED	15	942	519	108	241	15	15	15	10	15	4	17	0	248625910	802
1776385854678	S8_InvestSettlementEdge	6772345	PASSED	50	244	100	0	0	0	0	50	66	16	12	51	0	101071354	401
1776385860019	S9_MultiAdapterMix	6772345	PASSED	50	1467	849	0	409	47	47	50	43	9	13	102	0	488841061	1455
1776385864846	S10_InterleavedOperations	6772345	PASSED	50	559	174	35	135	47	47	50	27	21	23	139	0	240081354	918
1776385869912	S1_DepositRedeemMix	6782345	PASSED	50	1205	791	408	0	0	0	0	0	4	2	51	0	284166340	1156
1776385874799	S2_AsyncRedeemFullCycle	6782345	PASSED	50	506	54	0	337	50	50	0	0	9	6	151	0	292148523	975
1776385880720	S3_RebalanceSettlement	6782345	PASSED	50	1625	781	0	617	50	50	50	59	9	9	201	0	661480435	2004
1776385884901	S4_ExchangeRateFeeAccrual	6782345	PASSED	50	210	131	20	0	0	0	0	0	50	9	50	0	63380504	298
1776385890477	S5_SanctionedUserInterlace	6782345	PASSED	50	2095	1652	382	17	17	17	0	0	6	4	51	0	515279493	1669
1776385894891	S6_InFlightEdgeCases	6782345	PASSED	50	387	140	16	66	23	23	58	33	16	12	51	0	137421481	514
1776385899550	S7_FullProtocolEndurance	6782345	PASSED	15	878	530	116	149	15	15	15	19	15	4	17	0	211214715	734
1776385903875	S8_InvestSettlementEdge	6782345	PASSED	50	244	100	0	0	0	0	50	66	16	12	51	0	101199117	401
1776385909230	S9_MultiAdapterMix	6782345	PASSED	50	1449	815	0	416	49	49	50	48	9	13	102	0	488633585	1432
1776385914245	S10_InterleavedOperations	6782345	PASSED	50	743	218	49	225	60	60	50	37	21	23	149	0	310401491	1112
1776385919112	S1_DepositRedeemMix	6792345	PASSED	50	1004	711	287	0	0	0	0	0	4	2	51	0	235131916	957
1776385924007	S2_AsyncRedeemFullCycle	6792345	PASSED	50	513	55	0	343	50	50	0	0	9	6	151	0	295293193	990
1776385929754	S3_RebalanceSettlement	6792345	PASSED	50	1516	688	0	603	49	49	50	59	9	9	201	0	631696428	1853
1776385933962	S4_ExchangeRateFeeAccrual	6792345	PASSED	50	186	108	19	0	0	0	0	0	50	9	50	0	60222079	282
1776385939550	S5_SanctionedUserInterlace	6792345	PASSED	50	2083	1728	294	17	17	17	0	0	6	4	51	0	510451100	1715
1776385943987	S6_InFlightEdgeCases	6792345	PASSED	50	384	134	20	70	24	24	58	26	16	12	51	0	135961557	515
1776385948665	S7_FullProtocolEndurance	6792345	PASSED	15	874	472	137	189	15	15	15	12	15	4	17	0	220995860	719
1776385952959	S8_InvestSettlementEdge	6792345	PASSED	50	246	100	0	0	0	0	50	68	16	12	51	0	101980137	401
1776385958376	S9_MultiAdapterMix	6792345	PASSED	50	1531	883	0	424	50	50	50	52	9	13	102	0	512332611	1499
1776385963341	S10_InterleavedOperations	6792345	PASSED	50	677	187	38	214	60	60	50	26	20	22	150	0	291972079	1052
1776385968291	S1_DepositRedeemMix	6802345	PASSED	50	1102	756	340	0	0	0	0	0	4	2	51	0	257799960	1021
1776385973292	S2_AsyncRedeemFullCycle	6802345	PASSED	50	544	57	0	372	50	50	0	0	9	6	151	0	313371002	1033
1776385979265	S3_RebalanceSettlement	6802345	PASSED	50	1852	995	0	626	48	48	50	67	9	9	201	0	727012209	2064
1776385983488	S4_ExchangeRateFeeAccrual	6802345	PASSED	50	198	121	18	0	0	0	0	0	50	9	50	0	61738859	325
1776385989073	S5_SanctionedUserInterlace	6802345	PASSED	50	2101	1637	403	17	17	17	0	0	6	4	51	0	531300623	1688
1776385993569	S6_InFlightEdgeCases	6802345	PASSED	50	414	143	20	76	29	29	58	31	16	12	51	0	143990419	538
1776385998159	S7_FullProtocolEndurance	6802345	PASSED	15	835	365	144	247	15	15	15	15	15	4	17	0	233634616	716
1776386002439	S8_InvestSettlementEdge	6802345	PASSED	50	242	100	0	0	0	0	50	64	16	12	51	0	100306987	397
1776386007781	S9_MultiAdapterMix	6802345	PASSED	50	1428	815	0	392	50	50	50	49	9	13	102	0	475194524	1446
1776386012783	S10_InterleavedOperations	6802345	PASSED	50	691	217	39	198	56	56	50	33	20	22	145	0	289694645	1093
1776386017772	S1_DepositRedeemMix	6812345	PASSED	50	1175	770	399	0	0	0	0	0	4	2	51	0	275509019	1106
1776386022647	S2_AsyncRedeemFullCycle	6812345	PASSED	50	487	56	0	318	49	49	0	0	9	6	151	0	281693587	961
1776386028460	S3_RebalanceSettlement	6812345	PASSED	50	1614	803	0	578	50	50	50	65	9	9	201	0	645092248	1891
1776386032690	S4_ExchangeRateFeeAccrual	6812345	PASSED	50	250	155	36	0	0	0	0	0	50	9	50	0	69916520	326
1776386038322	S5_SanctionedUserInterlace	6812345	PASSED	50	2185	1719	405	17	17	17	0	0	6	4	51	0	538611560	1723
1776386042799	S6_InFlightEdgeCases	6812345	PASSED	50	415	144	11	84	27	27	58	36	16	12	51	0	149125596	539
1776386047492	S7_FullProtocolEndurance	6812345	PASSED	15	963	548	106	231	15	15	15	14	15	4	17	0	252078030	801
1776386051796	S8_InvestSettlementEdge	6812345	PASSED	50	242	100	0	0	0	0	50	64	16	12	51	0	100384274	397
1776386057172	S9_MultiAdapterMix	6812345	PASSED	50	1541	900	0	413	49	49	50	58	9	13	102	0	513702875	1492
1776386062112	S10_InterleavedOperations	6812345	PASSED	50	666	194	29	209	57	57	50	26	21	23	146	0	285538314	1019
1776386067247	S1_DepositRedeemMix	6822345	PASSED	50	1332	866	460	0	0	0	0	0	4	2	51	0	312921177	1202
1776386072153	S2_AsyncRedeemFullCycle	6822345	PASSED	50	516	58	0	343	50	50	0	0	9	6	151	0	298086836	1010
1776386078105	S3_RebalanceSettlement	6822345	PASSED	50	1787	920	0	632	50	50	50	67	9	9	201	0	711945771	2027
1776386082361	S4_ExchangeRateFeeAccrual	6822345	PASSED	50	202	118	25	0	0	0	0	0	50	9	50	0	62491400	298
1776386088080	S5_SanctionedUserInterlace	6822345	PASSED	50	2325	1864	400	17	17	17	0	0	6	4	51	0	582911509	1825
1776386092519	S6_InFlightEdgeCases	6822345	PASSED	50	395	136	5	75	30	30	58	33	16	12	51	0	139651845	520
1776386097115	S7_FullProtocolEndurance	6822345	PASSED	15	859	492	103	187	15	15	15	13	15	4	17	0	217233356	705
1776386101453	S8_InvestSettlementEdge	6822345	PASSED	50	240	100	0	0	0	0	50	62	16	12	51	0	99746702	433
1776386106817	S9_MultiAdapterMix	6822345	PASSED	50	1487	836	0	429	50	50	50	50	9	13	102	0	504831815	1456
1776386111813	S10_InterleavedOperations	6822345	PASSED	50	650	188	36	185	58	58	50	33	20	22	147	0	278118473	1055
1776386116793	S1_DepositRedeemMix	6832345	PASSED	50	1137	768	363	0	0	0	0	0	4	2	51	0	265989791	1048
1776386121650	S2_AsyncRedeemFullCycle	6832345	PASSED	50	470	54	0	301	50	50	0	0	9	6	151	0	273156316	931
1776386127518	S3_RebalanceSettlement	6832345	PASSED	50	1709	820	0	659	50	50	50	62	9	9	201	0	698773347	1961
1776386131738	S4_ExchangeRateFeeAccrual	6832345	PASSED	50	221	128	34	0	0	0	0	0	50	9	50	0	65898148	311
1776386137367	S5_SanctionedUserInterlace	6832345	PASSED	50	2182	1762	362	16	16	16	0	0	6	4	51	0	539736520	1722
1776386141786	S6_InFlightEdgeCases	6832345	PASSED	50	372	124	23	58	24	24	58	33	16	12	51	0	133689779	512
1776386146421	S7_FullProtocolEndurance	6832345	PASSED	15	849	468	98	204	15	15	15	15	15	4	17	0	221436669	703
1776386150741	S8_InvestSettlementEdge	6832345	PASSED	50	242	100	0	0	0	0	50	64	16	12	51	0	100270314	412
1776386156169	S9_MultiAdapterMix	6832345	PASSED	50	1510	846	0	438	48	48	50	58	9	13	102	0	513578644	1489
1776386161179	S10_InterleavedOperations	6832345	PASSED	50	670	204	49	177	60	60	50	26	21	23	148	0	277538897	1065
1776386166211	S1_DepositRedeemMix	6842345	PASSED	50	1193	791	396	0	0	0	0	0	4	2	51	0	281499800	1115
1776386171171	S2_AsyncRedeemFullCycle	6842345	PASSED	50	536	61	0	360	50	50	0	0	9	6	151	0	306506715	1010
1776386177049	S3_RebalanceSettlement	6842345	PASSED	50	1736	826	0	673	50	50	50	69	9	9	201	0	713794975	2003
1776386181257	S4_ExchangeRateFeeAccrual	6842345	PASSED	50	225	138	28	0	0	0	0	0	50	9	50	0	66195359	326
1776386186845	S5_SanctionedUserInterlace	6842345	PASSED	50	2131	1736	334	17	17	17	0	0	6	4	51	0	529070990	1704
1776386191230	S6_InFlightEdgeCases	6842345	PASSED	50	355	113	21	55	25	25	58	30	16	12	51	0	126903479	490
1776386195825	S7_FullProtocolEndurance	6842345	PASSED	15	859	457	144	176	15	15	15	18	15	4	17	0	216678970	715
1776386200141	S8_InvestSettlementEdge	6842345	PASSED	50	238	100	0	0	0	0	50	60	16	12	51	0	98737543	396
1776386205521	S9_MultiAdapterMix	6842345	PASSED	50	1448	762	0	469	48	48	50	49	9	13	102	0	506346091	1481
1776386210475	S10_InterleavedOperations	6842345	PASSED	50	653	188	37	195	55	55	50	31	20	22	144	0	278565784	1005
1776386215591	S1_DepositRedeemMix	6852345	PASSED	50	1332	858	468	0	0	0	0	0	4	2	51	0	313332581	1216
1776386220485	S2_AsyncRedeemFullCycle	6852345	PASSED	50	466	57	0	294	50	50	0	0	9	6	151	0	270876136	938
1776386226326	S3_RebalanceSettlement	6852345	PASSED	50	1682	827	0	626	50	50	50	61	9	9	201	0	684002310	1940
1776386230577	S4_ExchangeRateFeeAccrual	6852345	PASSED	50	206	122	25	0	0	0	0	0	50	9	50	0	63002081	297
1776386236045	S5_SanctionedUserInterlace	6852345	PASSED	50	1971	1593	317	17	17	17	0	0	6	4	51	0	489540074	1598
1776386240501	S6_InFlightEdgeCases	6852345	PASSED	50	402	151	10	74	25	25	58	31	16	12	51	0	139740907	527
1776386245052	S7_FullProtocolEndurance	6852345	PASSED	15	780	452	111	144	15	15	15	9	15	4	17	0	188857038	645
1776386249373	S8_InvestSettlementEdge	6852345	PASSED	50	244	100	0	0	0	0	50	66	16	12	51	0	101129584	403
1776386254616	S9_MultiAdapterMix	6852345	PASSED	50	1325	710	0	399	49	49	50	46	9	13	102	0	452574683	1357
1776386259563	S10_InterleavedOperations	6852345	PASSED	50	670	212	36	188	55	55	50	32	20	22	145	0	281320213	1041
1776386264738	S1_DepositRedeemMix	6862345	PASSED	50	1336	878	452	0	0	0	0	0	4	2	51	0	313361498	1233
1776386269629	S2_AsyncRedeemFullCycle	6862345	PASSED	50	494	58	0	321	50	50	0	0	9	6	151	0	284830299	968
1776386275461	S3_RebalanceSettlement	6862345	PASSED	50	1649	819	0	605	50	50	50	57	9	9	201	0	663142099	1939
1776386279659	S4_ExchangeRateFeeAccrual	6862345	PASSED	50	210	124	27	0	0	0	0	0	50	9	50	0	63643332	301
1776386285395	S5_SanctionedUserInterlace	6862345	PASSED	50	2341	1850	430	17	17	17	0	0	6	4	51	0	593934646	1825
1776386289847	S6_InFlightEdgeCases	6862345	PASSED	50	376	131	15	68	25	25	58	26	16	12	51	0	134710508	520
1776386294527	S7_FullProtocolEndurance	6862345	PASSED	15	937	529	156	175	15	15	15	13	15	4	17	0	229793587	784
1776386298843	S8_InvestSettlementEdge	6862345	PASSED	50	242	100	0	0	0	0	50	64	16	12	51	0	100343742	399
1776386304349	S9_MultiAdapterMix	6862345	PASSED	50	1598	881	0	511	50	50	50	34	9	13	102	0	553243183	1576
1776386309411	S10_InterleavedOperations	6862345	PASSED	50	686	187	39	207	59	59	50	43	20	22	148	0	294715838	1110
1776386314483	S1_DepositRedeemMix	6872345	PASSED	50	1233	831	396	0	0	0	0	0	4	2	51	0	288251915	1124
1776386319438	S2_AsyncRedeemFullCycle	6872345	PASSED	50	535	60	0	360	50	50	0	0	9	6	151	0	307646642	1029
1776386325416	S3_RebalanceSettlement	6872345	PASSED	50	1792	861	0	701	50	50	50	62	9	9	201	0	736115505	2070
1776386329677	S4_ExchangeRateFeeAccrual	6872345	PASSED	50	215	133	23	0	0	0	0	0	50	9	50	0	64546050	317
1776386335267	S5_SanctionedUserInterlace	6872345	PASSED	50	2111	1675	375	17	17	17	0	0	6	4	51	0	522924785	1688
1776386339740	S6_InFlightEdgeCases	6872345	PASSED	50	385	127	11	79	26	26	58	30	16	12	51	0	142932496	534
1776386344279	S7_FullProtocolEndurance	6872345	PASSED	15	790	458	100	154	15	15	15	14	15	4	17	0	195749838	645
1776386348571	S8_InvestSettlementEdge	6872345	PASSED	50	242	100	0	0	0	0	50	64	16	12	51	0	100453774	403
1776386353864	S9_MultiAdapterMix	6872345	PASSED	50	1337	674	0	453	46	46	50	46	9	13	102	0	473243074	1385
1776386358711	S10_InterleavedOperations	6872345	PASSED	50	549	173	42	124	49	49	50	22	19	21	142	0	235750584	916
1776386363840	S1_DepositRedeemMix	6882345	PASSED	50	1272	830	436	0	0	0	0	0	4	2	51	0	298248420	1219
1776386368748	S2_AsyncRedeemFullCycle	6882345	PASSED	50	517	54	0	348	50	50	0	0	9	6	151	0	298912745	983
1776386374654	S3_RebalanceSettlement	6882345	PASSED	50	1740	887	0	620	48	48	50	69	9	9	201	0	697202309	2029
1776386378942	S4_ExchangeRateFeeAccrual	6882345	PASSED	50	260	158	43	0	0	0	0	0	50	9	50	0	71842911	339
1776386384618	S5_SanctionedUserInterlace	6882345	PASSED	50	2231	1786	384	17	17	17	0	0	6	4	51	0	557488590	1762
1776386389077	S6_InFlightEdgeCases	6882345	PASSED	50	358	115	19	61	26	26	58	25	16	12	51	0	129179223	497
1776386393833	S7_FullProtocolEndurance	6882345	PASSED	15	1016	570	159	209	15	15	15	14	15	4	17	0	256183150	821
1776386398153	S8_InvestSettlementEdge	6882345	PASSED	50	240	100	0	0	0	0	50	62	16	12	51	0	99426750	398
1776386403554	S9_MultiAdapterMix	6882345	PASSED	50	1512	827	0	458	49	49	50	57	9	13	102	0	523019788	1499
1776386408531	S10_InterleavedOperations	6882345	PASSED	50	666	186	43	198	55	55	50	35	21	23	146	0	285796496	1027
1776386413614	S1_DepositRedeemMix	6892345	PASSED	50	1283	839	438	0	0	0	0	0	4	2	51	0	300855705	1170
1776386418435	S2_AsyncRedeemFullCycle	6892345	PASSED	50	452	55	0	282	50	50	0	0	9	6	151	0	262481848	919
1776386424366	S3_RebalanceSettlement	6892345	PASSED	50	1757	802	0	723	49	49	50	66	9	9	201	0	736094106	2026
1776386428605	S4_ExchangeRateFeeAccrual	6892345	PASSED	50	232	142	31	0	0	0	0	0	50	9	50	0	67605527	316
1776386434296	S5_SanctionedUserInterlace	6892345	PASSED	50	2205	1742	402	17	17	17	0	0	6	4	51	0	552322522	1818
1776386438736	S6_InFlightEdgeCases	6892345	PASSED	50	396	137	14	72	26	26	58	35	16	12	51	0	141856876	530
1776386443390	S7_FullProtocolEndurance	6892345	PASSED	15	829	483	112	157	15	15	15	13	15	4	17	0	202100359	731
1776386447687	S8_InvestSettlementEdge	6892345	PASSED	50	242	100	0	0	0	0	50	64	16	12	51	0	100296653	401
1776386453047	S9_MultiAdapterMix	6892345	PASSED	50	1489	850	0	421	46	46	50	54	9	13	102	0	502245402	1461
1776386458106	S10_InterleavedOperations	6892345	PASSED	50	724	230	43	210	57	57	50	33	21	23	147	0	298988325	1156
1776386463188	S1_DepositRedeemMix	6902345	PASSED	50	1220	791	423	0	0	0	0	0	4	2	51	0	288420316	1158
1776386468015	S2_AsyncRedeemFullCycle	6902345	PASSED	50	458	57	0	286	50	50	0	0	9	6	151	0	263541226	933
1776386474029	S3_RebalanceSettlement	6902345	PASSED	50	1837	896	0	708	50	50	50	65	9	9	201	0	752168786	2075
1776386478199	S4_ExchangeRateFeeAccrual	6902345	PASSED	50	168	95	14	0	0	0	0	0	50	9	50	0	57448122	273
1776386483844	S5_SanctionedUserInterlace	6902345	PASSED	50	2196	1733	402	17	17	17	0	0	6	4	51	0	541830321	1753
1776386488298	S6_InFlightEdgeCases	6902345	PASSED	50	389	135	16	63	26	26	58	37	16	12	51	0	139369620	515
1776386492895	S7_FullProtocolEndurance	6902345	PASSED	15	864	491	113	181	14	14	15	17	15	4	17	0	218165022	712
1776386497226	S8_InvestSettlementEdge	6902345	PASSED	50	248	100	0	0	0	0	50	70	16	12	51	0	102845224	421
1776386502550	S9_MultiAdapterMix	6902345	PASSED	50	1388	805	0	372	50	50	50	39	9	13	102	0	455544941	1411
1776386507523	S10_InterleavedOperations	6902345	PASSED	50	678	203	33	191	59	59	50	39	21	23	147	0	285513158	1042
1776386512625	S1_DepositRedeemMix	6912345	PASSED	50	1317	859	452	0	0	0	0	0	4	2	51	0	309217892	1177
1776386517540	S2_AsyncRedeemFullCycle	6912345	PASSED	50	478	57	0	310	48	48	0	0	9	6	151	0	275397627	994
1776386523284	S3_RebalanceSettlement	6912345	PASSED	50	1526	767	0	527	50	50	50	64	9	9	201	0	608484300	1810
1776386527496	S4_ExchangeRateFeeAccrual	6912345	PASSED	50	202	120	23	0	0	0	0	0	50	9	50	0	62530513	302
1776386533090	S5_SanctionedUserInterlace	6912345	PASSED	50	2187	1748	378	17	17	17	0	0	6	4	51	0	539792052	1703
1776386537579	S6_InFlightEdgeCases	6912345	PASSED	50	421	152	14	76	27	27	58	39	16	12	51	0	147449747	592
1776386542235	S7_FullProtocolEndurance	6912345	PASSED	15	900	488	125	211	15	15	15	12	15	4	17	0	233114435	739
1776386546549	S8_InvestSettlementEdge	6912345	PASSED	50	244	100	0	0	0	0	50	66	16	12	51	0	101176969	417
1776386551930	S9_MultiAdapterMix	6912345	PASSED	50	1487	830	0	436	49	49	50	51	9	13	102	0	505155152	1472
1776386556898	S10_InterleavedOperations	6912345	PASSED	50	691	205	38	206	58	58	50	32	21	23	147	0	292191735	1034
1776386561953	S1_DepositRedeemMix	6922345	PASSED	50	1236	836	394	0	0	0	0	0	4	2	51	0	288734670	1136
1776386566825	S2_AsyncRedeemFullCycle	6922345	PASSED	50	509	53	0	341	50	50	0	0	9	6	151	0	294170026	990
1776386572845	S3_RebalanceSettlement	6922345	PASSED	50	1805	832	0	732	50	50	50	73	9	9	201	0	755021728	2072
1776386577088	S4_ExchangeRateFeeAccrual	6922345	PASSED	50	207	118	30	0	0	0	0	0	50	9	50	0	63551612	301
1776386582777	S5_SanctionedUserInterlace	6922345	PASSED	50	2261	1841	359	17	17	17	0	0	6	4	51	0	568366835	1791
1776386587213	S6_InFlightEdgeCases	6922345	PASSED	50	368	128	8	67	24	24	58	31	16	12	51	0	136594156	506
1776386591779	S7_FullProtocolEndurance	6922345	PASSED	15	754	419	94	166	15	15	15	11	15	4	17	0	191011169	661
1776386596082	S8_InvestSettlementEdge	6922345	PASSED	50	234	100	0	0	0	0	50	56	16	12	51	0	96919341	395
1776386601589	S9_MultiAdapterMix	6922345	PASSED	50	1598	904	0	466	50	50	50	56	9	13	102	0	544963656	1563
1776386606502	S10_InterleavedOperations	6922345	PASSED	50	675	203	39	194	59	59	50	27	21	23	148	0	283178234	1028
1776386611594	S1_DepositRedeemMix	6932345	PASSED	50	1260	814	440	0	0	0	0	0	4	2	51	0	295813729	1194
1776386616548	S2_AsyncRedeemFullCycle	6932345	PASSED	50	508	56	0	337	50	50	0	0	9	6	151	0	290331000	1020
1776386622309	S3_RebalanceSettlement	6932345	PASSED	50	1572	828	0	515	50	50	50	61	9	9	201	0	612063218	1833
1776386626506	S4_ExchangeRateFeeAccrual	6932345	PASSED	50	197	120	18	0	0	0	0	0	50	9	50	0	61756744	297
1776386632112	S5_SanctionedUserInterlace	6932345	PASSED	50	2070	1670	342	16	16	16	0	0	6	4	51	0	516824924	1657
1776386636569	S6_InFlightEdgeCases	6932345	PASSED	50	422	142	20	79	30	30	58	35	16	12	51	0	150955661	543
1776386641238	S7_FullProtocolEndurance	6932345	PASSED	15	904	476	112	237	15	15	15	15	15	4	17	0	242949011	771
1776386645573	S8_InvestSettlementEdge	6932345	PASSED	50	244	100	0	0	0	0	50	66	16	12	51	0	101346699	407
1776386650945	S9_MultiAdapterMix	6932345	PASSED	50	1497	871	0	416	49	49	50	40	9	13	102	0	497967647	1476
1776386655870	S10_InterleavedOperations	6932345	PASSED	50	655	193	35	186	57	57	50	33	21	23	148	0	279709508	1038
1776386661010	S1_DepositRedeemMix	6942345	PASSED	50	1356	903	447	0	0	0	0	0	4	2	51	0	318216413	1207
1776386665884	S2_AsyncRedeemFullCycle	6942345	PASSED	50	490	52	0	323	50	50	0	0	9	6	151	0	285304018	963
1776386671783	S3_RebalanceSettlement	6942345	PASSED	50	1723	935	0	558	50	50	50	62	9	9	201	0	666905948	1955
1776386676001	S4_ExchangeRateFeeAccrual	6942345	PASSED	50	186	106	21	0	0	0	0	0	50	9	50	0	60227375	284
1776386681586	S5_SanctionedUserInterlace	6942345	PASSED	50	2122	1709	352	17	17	17	0	0	6	4	51	0	525815976	1698
1776386685999	S6_InFlightEdgeCases	6942345	PASSED	50	371	123	16	66	28	28	58	24	16	12	51	0	133025119	501
1776386690655	S7_FullProtocolEndurance	6942345	PASSED	15	904	516	124	184	15	15	15	16	15	4	17	0	226158860	742
1776386694998	S8_InvestSettlementEdge	6942345	PASSED	50	245	100	0	0	0	0	50	67	16	12	51	0	101588614	401
1776386700478	S9_MultiAdapterMix	6942345	PASSED	50	1532	842	0	475	50	50	50	43	9	13	102	0	526973521	1553
1776386705405	S10_InterleavedOperations	6942345	PASSED	50	681	240	40	174	54	54	50	27	20	22	146	0	278051011	1030
1776386710474	S1_DepositRedeemMix	6952345	PASSED	50	1285	853	426	0	0	0	0	0	4	2	51	0	302064708	1157
1776386715357	S2_AsyncRedeemFullCycle	6952345	PASSED	50	510	56	0	339	50	50	0	0	9	6	151	0	293874749	974
1776386721197	S3_RebalanceSettlement	6952345	PASSED	50	1670	806	0	638	48	48	50	62	9	9	201	0	682203377	1933
1776386725390	S4_ExchangeRateFeeAccrual	6952345	PASSED	50	226	140	27	0	0	0	0	0	50	9	50	0	66158240	316
1776386731087	S5_SanctionedUserInterlace	6952345	PASSED	50	2257	1805	391	17	17	17	0	0	6	4	51	0	563884381	1757
1776386735525	S6_InFlightEdgeCases	6952345	PASSED	50	397	137	12	76	28	28	58	30	16	12	51	0	140746898	530
1776386740161	S7_FullProtocolEndurance	6952345	PASSED	15	884	498	143	163	15	15	15	16	15	4	17	0	216522745	722
1776386744476	S8_InvestSettlementEdge	6952345	PASSED	50	242	100	0	0	0	0	50	64	16	12	51	0	100353374	401
1776386749844	S9_MultiAdapterMix	6952345	PASSED	50	1466	770	0	483	50	50	50	41	9	13	102	0	512520994	1462
1776386754711	S10_InterleavedOperations	6952345	PASSED	50	603	193	30	165	52	52	50	21	19	21	143	0	257249203	958
1776386759761	S1_DepositRedeemMix	6962345	PASSED	50	1214	795	413	0	0	0	0	0	4	2	51	0	284523723	1109
1776386764639	S2_AsyncRedeemFullCycle	6962345	PASSED	50	504	55	0	342	46	46	0	0	9	6	151	0	294387010	975
1776386770521	S3_RebalanceSettlement	6962345	PASSED	50	1613	825	0	561	50	50	50	59	9	9	201	0	640261701	1962
1776386774756	S4_ExchangeRateFeeAccrual	6962345	PASSED	50	222	136	27	0	0	0	0	0	50	9	50	0	65368504	308
1776386780359	S5_SanctionedUserInterlace	6962345	PASSED	50	2077	1684	332	17	17	17	0	0	6	4	51	0	516444355	1659
1776386784846	S6_InFlightEdgeCases	6962345	PASSED	50	453	169	25	89	27	27	58	30	16	12	51	0	153755363	561
1776386789534	S7_FullProtocolEndurance	6962345	PASSED	15	889	462	103	248	15	15	15	12	15	4	17	0	242043136	750
1776386793817	S8_InvestSettlementEdge	6962345	PASSED	50	231	100	0	0	0	0	50	53	16	12	51	0	95766478	407
1776386799260	S9_MultiAdapterMix	6962345	PASSED	50	1575	946	0	402	49	49	50	57	9	13	102	0	517870282	1512
1776386804200	S10_InterleavedOperations	6962345	PASSED	50	670	197	41	195	60	60	50	25	20	22	149	0	283674226	1030
1776386809341	S1_DepositRedeemMix	6972345	PASSED	50	1207	803	398	0	0	0	0	0	4	2	51	0	282476886	1188
1776386814231	S2_AsyncRedeemFullCycle	6972345	PASSED	50	521	58	0	352	48	48	0	0	9	6	151	0	298923224	991
1776386820117	S3_RebalanceSettlement	6972345	PASSED	50	1694	784	0	689	50	50	50	53	9	9	201	0	704217650	1982
1776386824351	S4_ExchangeRateFeeAccrual	6972345	PASSED	50	239	141	39	0	0	0	0	0	50	9	50	0	68825331	320
1776386829993	S5_SanctionedUserInterlace	6972345	PASSED	50	2093	1624	408	17	17	17	0	0	6	4	51	0	526185794	1748
1776386834450	S6_InFlightEdgeCases	6972345	PASSED	50	356	114	10	61	27	27	58	31	16	12	51	0	131899674	536
1776386839044	S7_FullProtocolEndurance	6972345	PASSED	15	802	414	114	195	15	15	15	15	15	4	17	0	210621393	670
1776386843365	S8_InvestSettlementEdge	6972345	PASSED	50	243	100	0	0	0	0	50	65	16	12	51	0	100779294	407
1776386848803	S9_MultiAdapterMix	6972345	PASSED	50	1528	822	0	474	50	50	50	60	9	13	102	0	531070996	1510
1776386853789	S10_InterleavedOperations	6972345	PASSED	50	685	217	37	195	56	56	50	30	21	23	146	0	285955858	1035
1776386858819	S1_DepositRedeemMix	6982345	PASSED	50	1249	853	390	0	0	0	0	0	4	2	51	0	291552561	1124
1776386863610	S2_AsyncRedeemFullCycle	6982345	PASSED	50	435	56	0	266	49	49	0	0	9	6	151	0	252885520	894
1776386869515	S3_RebalanceSettlement	6982345	PASSED	50	1708	795	0	689	48	48	50	60	9	9	201	0	709633926	2007
1776386873726	S4_ExchangeRateFeeAccrual	6982345	PASSED	50	216	127	30	0	0	0	0	0	50	9	50	0	64691262	303
1776386879472	S5_SanctionedUserInterlace	6982345	PASSED	50	2249	1775	413	17	17	17	0	0	6	4	51	0	558889019	1832
1776386883903	S6_InFlightEdgeCases	6982345	PASSED	50	404	130	17	83	27	27	58	34	16	12	51	0	144797819	529
1776386888534	S7_FullProtocolEndurance	6982345	PASSED	15	793	374	110	234	15	15	15	11	15	4	17	0	221134691	735
1776386892841	S8_InvestSettlementEdge	6982345	PASSED	50	241	100	0	0	0	0	50	63	16	12	51	0	99914206	415
1776386898280	S9_MultiAdapterMix	6982345	PASSED	50	1577	904	0	455	48	48	50	50	9	13	102	0	534178441	1537
1776386903261	S10_InterleavedOperations	6982345	PASSED	50	721	210	47	219	58	58	50	35	21	23	147	0	302798851	1073
1776386908261	S1_DepositRedeemMix	6992345	PASSED	50	1177	792	379	0	0	0	0	0	4	2	51	0	275113877	1097
1776386913151	S2_AsyncRedeemFullCycle	6992345	PASSED	50	493	57	0	323	49	49	0	0	9	6	151	0	283925266	953
1776386918956	S3_RebalanceSettlement	6992345	PASSED	50	1579	768	0	593	50	50	50	50	9	9	201	0	638480827	1884
1776386923204	S4_ExchangeRateFeeAccrual	6992345	PASSED	50	237	147	31	0	0	0	0	0	50	9	50	0	68170137	325
1776386928783	S5_SanctionedUserInterlace	6992345	PASSED	50	2121	1712	348	17	17	17	0	0	6	4	51	0	523065663	1667
1776386933214	S6_InFlightEdgeCases	6992345	PASSED	50	426	165	21	69	25	25	58	35	16	12	51	0	144120734	534
1776386937957	S7_FullProtocolEndurance	6992345	PASSED	15	986	621	124	163	15	15	15	14	15	4	17	0	234782528	788
1776386942277	S8_InvestSettlementEdge	6992345	PASSED	50	244	100	0	0	0	0	50	66	16	12	51	0	101286020	404
1776386947575	S9_MultiAdapterMix	6992345	PASSED	50	1427	834	0	381	50	50	50	40	9	13	102	0	471497252	1416
1776386952473	S10_InterleavedOperations	6992345	PASSED	50	626	181	42	165	58	58	50	28	21	23	147	0	265559697	979
1776386957451	S1_DepositRedeemMix	7002345	PASSED	50	1125	753	366	0	0	0	0	0	4	2	51	0	263536571	1046
1776386962221	S2_AsyncRedeemFullCycle	7002345	PASSED	50	425	51	0	259	50	50	0	0	9	6	151	0	249183220	887
1776386968032	S3_RebalanceSettlement	7002345	PASSED	50	1678	920	0	526	49	49	50	66	9	9	201	0	643986543	1921
1776386972234	S4_ExchangeRateFeeAccrual	7002345	PASSED	50	206	122	25	0	0	0	0	0	50	9	50	0	63343381	296
1776386977892	S5_SanctionedUserInterlace	7002345	PASSED	50	2273	1820	392	17	17	17	0	0	6	4	51	0	565734856	1782
1776386982362	S6_InFlightEdgeCases	7002345	PASSED	50	424	151	9	76	28	28	58	46	16	12	51	0	148522711	539
1776386987017	S7_FullProtocolEndurance	7002345	PASSED	15	916	499	135	204	14	14	15	16	15	4	17	0	235420789	762
1776386991359	S8_InvestSettlementEdge	7002345	PASSED	50	246	100	0	0	0	0	50	68	16	12	51	0	102021536	408
1776386996761	S9_MultiAdapterMix	7002345	PASSED	50	1507	840	0	432	49	49	50	65	9	13	102	0	513774171	1473
1776387001721	S10_InterleavedOperations	7002345	PASSED	50	663	196	37	193	56	56	50	31	21	23	145	0	282004388	1030
1776387006795	S1_DepositRedeemMix	7012345	PASSED	50	1296	848	442	0	0	0	0	0	4	2	51	0	306136996	1168
1776387011736	S2_AsyncRedeemFullCycle	7012345	PASSED	50	492	58	0	319	50	50	0	0	9	6	151	0	283484315	1020
1776387017749	S3_RebalanceSettlement	7012345	PASSED	50	1849	866	0	754	50	50	50	61	9	9	201	0	771883632	2078
1776387021954	S4_ExchangeRateFeeAccrual	7012345	PASSED	50	170	95	16	0	0	0	0	0	50	9	50	0	57815823	287
1776387027590	S5_SanctionedUserInterlace	7012345	PASSED	50	2183	1765	357	17	17	17	0	0	6	4	51	0	536175284	1728
1776387032036	S6_InFlightEdgeCases	7012345	PASSED	50	406	139	17	79	28	28	58	29	16	12	51	0	142710806	528
1776387036639	S7_FullProtocolEndurance	7012345	PASSED	15	816	458	100	178	15	15	15	16	15	4	17	0	207122195	674
1776387040929	S8_InvestSettlementEdge	7012345	PASSED	50	244	100	0	0	0	0	50	66	16	12	51	0	101222768	399
1776387046468	S9_MultiAdapterMix	7012345	PASSED	50	1530	831	0	495	49	49	50	34	9	13	102	0	529549614	1624
1776387051398	S10_InterleavedOperations	7012345	PASSED	50	657	200	44	187	54	54	50	30	18	20	144	0	277394731	1011
1776387056539	S1_DepositRedeemMix	7022345	PASSED	50	1350	894	450	0	0	0	0	0	4	2	51	0	316500310	1229
1776387061403	S2_AsyncRedeemFullCycle	7022345	PASSED	50	481	58	0	310	49	49	0	0	9	6	151	0	278380374	953
1776387067243	S3_RebalanceSettlement	7022345	PASSED	50	1655	799	0	634	48	48	50	58	9	9	201	0	679140121	1917
1776387071477	S4_ExchangeRateFeeAccrual	7022345	PASSED	50	184	103	22	0	0	0	0	0	50	9	50	0	59716271	299
1776387077018	S5_SanctionedUserInterlace	7022345	PASSED	50	2053	1642	350	17	17	17	0	0	6	4	51	0	509698673	1636
1776387081504	S6_InFlightEdgeCases	7022345	PASSED	50	414	144	16	77	26	26	58	39	16	12	51	0	147404396	585
1776387086185	S7_FullProtocolEndurance	7022345	PASSED	15	925	533	130	182	15	15	15	16	15	4	17	0	229984872	748
1776387090528	S8_InvestSettlementEdge	7022345	PASSED	50	242	100	0	0	0	0	50	64	16	12	51	0	100359301	413
1776387095910	S9_MultiAdapterMix	7022345	PASSED	50	1530	913	0	395	49	49	50	52	9	13	102	0	502770234	1500
1776387100872	S10_InterleavedOperations	7022345	PASSED	50	694	202	45	196	62	62	50	33	21	23	151	0	290448873	1049
1776387106006	S1_DepositRedeemMix	7032345	PASSED	50	1325	826	493	0	0	0	0	0	4	2	51	0	312408973	1206
1776387110839	S2_AsyncRedeemFullCycle	7032345	PASSED	50	484	53	0	316	50	50	0	0	9	6	151	0	280199287	938
1776387116770	S3_RebalanceSettlement	7032345	PASSED	50	1765	831	0	707	49	49	50	61	9	9	201	0	731002102	2021
1776387120964	S4_ExchangeRateFeeAccrual	7032345	PASSED	50	166	97	10	0	0	0	0	0	50	9	50	0	56724920	266
1776387126654	S5_SanctionedUserInterlace	7032345	PASSED	50	2194	1770	363	17	17	17	0	0	6	4	51	0	556476368	1780
1776387131104	S6_InFlightEdgeCases	7032345	PASSED	50	397	136	8	80	29	29	58	29	16	12	51	0	143696662	531
1776387135908	S7_FullProtocolEndurance	7032345	PASSED	15	1062	607	149	227	15	15	15	15	15	4	17	0	271920407	885
1776387140245	S8_InvestSettlementEdge	7032345	PASSED	50	244	100	0	0	0	0	50	66	16	12	51	0	101153277	429
1776387145735	S9_MultiAdapterMix	7032345	PASSED	50	1579	907	0	458	50	50	50	42	9	13	102	0	531896854	1566
1776387150730	S10_InterleavedOperations	7032345	PASSED	50	731	221	49	216	58	58	50	37	20	22	148	0	304833362	1075
1776387155925	S1_DepositRedeemMix	7042345	PASSED	50	1340	845	489	0	0	0	0	0	4	2	51	0	315474277	1258
1776387160873	S2_AsyncRedeemFullCycle	7042345	PASSED	50	485	56	0	316	49	49	0	0	9	6	151	0	280257705	993
1776387166733	S3_RebalanceSettlement	7042345	PASSED	50	1642	775	0	634	50	50	50	65	9	9	201	0	673328272	1927
1776387170969	S4_ExchangeRateFeeAccrual	7042345	PASSED	50	212	132	21	0	0	0	0	0	50	9	50	0	63991852	301
1776387176697	S5_SanctionedUserInterlace	7042345	PASSED	50	2223	1835	327	17	17	17	0	0	6	4	51	0	550336677	1819
1776387181231	S6_InFlightEdgeCases	7042345	PASSED	50	444	159	21	83	28	28	58	39	16	12	51	0	152557184	554
1776387185954	S7_FullProtocolEndurance	7042345	PASSED	15	1000	554	158	213	15	15	15	11	15	4	17	0	254646950	821
1776387190258	S8_InvestSettlementEdge	7042345	PASSED	50	242	100	0	0	0	0	50	64	16	12	51	0	100382537	399
1776387195742	S9_MultiAdapterMix	7042345	PASSED	50	1502	806	0	477	50	50	50	47	9	13	102	0	521113475	1564
1776387200693	S10_InterleavedOperations	7042345	PASSED	50	669	199	38	191	58	58	50	31	21	23	146	0	280923174	1064
1776387205926	S1_DepositRedeemMix	7052345	PASSED	50	1478	952	520	0	0	0	0	0	4	2	51	0	349294998	1313
1776387210764	S2_AsyncRedeemFullCycle	7052345	PASSED	50	454	53	0	288	49	49	0	0	9	6	151	0	267023100	919
1776387216713	S3_RebalanceSettlement	7052345	PASSED	50	1811	922	0	662	50	50	50	59	9	9	201	0	727198796	2046
1776387220909	S4_ExchangeRateFeeAccrual	7052345	PASSED	50	210	128	23	0	0	0	0	0	50	9	50	0	63796380	299
1776387226541	S5_SanctionedUserInterlace	7052345	PASSED	50	2202	1831	310	17	17	17	0	0	6	4	51	0	547088127	1739
1776387231002	S6_InFlightEdgeCases	7052345	PASSED	50	392	140	16	71	26	26	58	27	16	12	51	0	138002957	523
1776387235623	S7_FullProtocolEndurance	7052345	PASSED	15	867	464	149	177	15	15	15	13	15	4	17	0	217006468	734
1776387239944	S8_InvestSettlementEdge	7052345	PASSED	50	242	100	0	0	0	0	50	64	16	12	51	0	100357958	397
1776387245308	S9_MultiAdapterMix	7052345	PASSED	50	1437	802	0	414	50	50	50	49	9	13	102	0	488022249	1477
1776387250268	S10_InterleavedOperations	7052345	PASSED	50	708	239	43	193	58	58	50	23	21	23	148	0	288111206	1057
1776387255289	S1_DepositRedeemMix	7062345	PASSED	50	1195	825	364	0	0	0	0	0	4	2	51	0	278787581	1094
1776387260140	S2_AsyncRedeemFullCycle	7062345	PASSED	50	469	55	0	299	50	50	0	0	9	6	151	0	271624366	939
1776387265974	S3_RebalanceSettlement	7062345	PASSED	50	1674	862	0	581	50	50	50	63	9	9	201	0	662216648	1930
1776387270197	S4_ExchangeRateFeeAccrual	7062345	PASSED	50	180	107	14	0	0	0	0	0	50	9	50	0	59239721	279
1776387275784	S5_SanctionedUserInterlace	7062345	PASSED	50	2075	1666	348	17	17	17	0	0	6	4	51	0	508862929	1671
1776387280228	S6_InFlightEdgeCases	7062345	PASSED	50	407	141	9	81	26	26	58	38	16	12	51	0	146164692	534
1776387284898	S7_FullProtocolEndurance	7062345	PASSED	15	928	520	120	206	15	15	15	18	15	4	17	0	238328113	760
1776387289221	S8_InvestSettlementEdge	7062345	PASSED	50	238	100	0	0	0	0	50	60	16	12	51	0	98734453	405
1776387294657	S9_MultiAdapterMix	7062345	PASSED	50	1573	901	0	446	50	50	50	54	9	13	102	0	530362015	1542
1776387299593	S10_InterleavedOperations	7062345	PASSED	50	621	164	42	187	52	52	50	32	20	22	141	0	269831675	998
1776387304581	S1_DepositRedeemMix	7072345	PASSED	50	1201	789	406	0	0	0	0	0	4	2	51	0	283278495	1101
1776387309498	S2_AsyncRedeemFullCycle	7072345	PASSED	50	526	57	0	356	49	49	0	0	9	6	151	0	303392510	1002
1776387315273	S3_RebalanceSettlement	7072345	PASSED	50	1579	701	0	657	48	48	50	57	9	9	201	0	663820690	1887
1776387319540	S4_ExchangeRateFeeAccrual	7072345	PASSED	50	196	114	23	0	0	0	0	0	50	9	50	0	61721054	319
1776387325185	S5_SanctionedUserInterlace	7072345	PASSED	50	2245	1801	383	17	17	17	0	0	6	4	51	0	557815463	1747
1776387329628	S6_InFlightEdgeCases	7072345	PASSED	50	385	123	16	76	27	27	58	30	16	12	51	0	138746627	540
1776387334310	S7_FullProtocolEndurance	7072345	PASSED	15	952	514	137	224	15	15	15	13	15	4	17	0	247947872	778
1776387338643	S8_InvestSettlementEdge	7072345	PASSED	50	241	100	0	0	0	0	50	63	16	12	51	0	99992272	400
1776387343979	S9_MultiAdapterMix	7072345	PASSED	50	1401	781	0	411	46	46	50	45	9	13	102	0	474620433	1416
1776387348953	S10_InterleavedOperations	7072345	PASSED	50	681	193	31	215	58	58	50	32	21	23	147	0	292002438	1035
1776387353891	S1_DepositRedeemMix	7082345	PASSED	50	1142	768	368	0	0	0	0	0	4	2	51	0	267176648	1061
1776387358775	S2_AsyncRedeemFullCycle	7082345	PASSED	50	477	54	0	310	49	49	0	0	9	6	151	0	275808320	940
1776387364673	S3_RebalanceSettlement	7082345	PASSED	50	1721	859	0	628	50	50	50	66	9	9	201	0	696461140	1976
1776387368875	S4_ExchangeRateFeeAccrual	7082345	PASSED	50	213	126	28	0	0	0	0	0	50	9	50	0	64236431	305
1776387374589	S5_SanctionedUserInterlace	7082345	PASSED	50	2235	1818	356	17	17	17	0	0	6	4	51	0	562922582	1787
1776387379040	S6_InFlightEdgeCases	7082345	PASSED	50	446	165	24	89	25	25	58	32	16	12	51	0	151535847	560
1776387383716	S7_FullProtocolEndurance	7082345	PASSED	15	911	490	99	242	15	15	15	16	15	4	17	0	245458427	760
1776387388030	S8_InvestSettlementEdge	7082345	PASSED	50	241	100	0	0	0	0	50	63	16	12	51	0	99851731	395
1776387393472	S9_MultiAdapterMix	7082345	PASSED	50	1523	868	0	424	50	50	50	59	9	13	102	0	513213852	1543
1776387398392	S10_InterleavedOperations	7082345	PASSED	50	669	228	46	163	56	56	50	28	20	22	144	0	270582363	1008
1776387403506	S1_DepositRedeemMix	7092345	PASSED	50	1338	908	424	0	0	0	0	0	4	2	51	0	312972622	1206
1776387408378	S2_AsyncRedeemFullCycle	7092345	PASSED	50	456	54	0	287	50	50	0	0	9	6	151	0	264557827	922
1776387414309	S3_RebalanceSettlement	7092345	PASSED	50	1766	887	0	645	50	50	50	66	9	9	201	0	710611555	2012
1776387418585	S4_ExchangeRateFeeAccrual	7092345	PASSED	50	202	125	18	0	0	0	0	0	50	9	50	0	62540504	294
1776387424216	S5_SanctionedUserInterlace	7092345	PASSED	50	2192	1838	293	17	17	17	0	0	6	4	51	0	548190545	1722
1776387428635	S6_InFlightEdgeCases	7092345	PASSED	50	378	128	10	67	26	26	58	35	16	12	51	0	139187492	511
1776387433188	S7_FullProtocolEndurance	7092345	PASSED	15	744	416	88	163	15	15	15	13	15	4	17	0	188321223	618
1776387437554	S8_InvestSettlementEdge	7092345	PASSED	50	244	100	0	0	0	0	50	66	16	12	51	0	101111522	431
1776387442917	S9_MultiAdapterMix	7092345	PASSED	50	1475	837	0	416	47	47	50	56	9	13	102	0	497815332	1455
1776387447873	S10_InterleavedOperations	7092345	PASSED	50	677	204	42	197	57	57	50	26	21	23	148	0	284520969	1045
1776387452996	S1_DepositRedeemMix	7102345	PASSED	50	1253	837	410	0	0	0	0	0	4	2	51	0	292976517	1224
1776387457878	S2_AsyncRedeemFullCycle	7102345	PASSED	50	487	56	0	318	49	49	0	0	9	6	151	0	281845399	984
1776387463733	S3_RebalanceSettlement	7102345	PASSED	50	1703	886	0	584	50	50	50	65	9	9	201	0	671646311	1948
1776387467966	S4_ExchangeRateFeeAccrual	7102345	PASSED	50	201	122	20	0	0	0	0	0	50	9	50	0	62212517	290
1776387473708	S5_SanctionedUserInterlace	7102345	PASSED	50	2236	1763	412	17	17	17	0	0	6	4	51	0	560622338	1826
1776387478175	S6_InFlightEdgeCases	7102345	PASSED	50	425	151	19	76	27	27	58	39	16	12	51	0	147292091	559
1776387482867	S7_FullProtocolEndurance	7102345	PASSED	15	935	485	136	239	15	15	15	11	15	4	17	0	249976135	768
1776387487165	S8_InvestSettlementEdge	7102345	PASSED	50	240	100	0	0	0	0	50	62	16	12	51	0	99648091	407
1776387492519	S9_MultiAdapterMix	7102345	PASSED	50	1424	778	0	426	49	49	50	50	9	13	102	0	486289071	1445
1776387497518	S10_InterleavedOperations	7102345	PASSED	50	694	210	39	202	59	59	50	31	21	23	149	0	290915679	1060
1776387502493	S1_DepositRedeemMix	7112345	PASSED	50	1128	757	365	0	0	0	0	0	4	2	51	0	264057746	1036
1776387507277	S2_AsyncRedeemFullCycle	7112345	PASSED	50	439	53	0	273	49	49	0	0	9	6	151	0	257640758	898
1776387513183	S3_RebalanceSettlement	7112345	PASSED	50	1629	788	0	610	49	49	50	65	9	9	201	0	661402085	1916
1776387517415	S4_ExchangeRateFeeAccrual	7112345	PASSED	50	209	127	23	0	0	0	0	0	50	9	50	0	63680904	318
1776387523022	S5_SanctionedUserInterlace	7112345	PASSED	50	2136	1700	375	17	17	17	0	0	6	4	51	0	531037775	1693
1776387527468	S6_InFlightEdgeCases	7112345	PASSED	50	357	115	10	65	25	25	58	31	16	12	51	0	130184973	512
1776387532071	S7_FullProtocolEndurance	7112345	PASSED	15	815	459	135	144	15	15	15	13	15	4	17	0	196497008	690
1776387536383	S8_InvestSettlementEdge	7112345	PASSED	50	239	100	0	0	0	0	50	61	16	12	51	0	99023651	395
1776387541891	S9_MultiAdapterMix	7112345	PASSED	50	1626	927	0	483	50	50	50	44	9	13	102	0	556407932	1583
1776387546897	S10_InterleavedOperations	7112345	PASSED	50	735	212	48	221	61	61	50	38	21	23	151	0	309746357	1084
1776387551979	S1_DepositRedeemMix	7122345	PASSED	50	1279	847	426	0	0	0	0	0	4	2	51	0	299474115	1163
1776387556809	S2_AsyncRedeemFullCycle	7122345	PASSED	50	484	54	0	321	47	47	0	0	9	6	151	0	284235776	952
1776387562714	S3_RebalanceSettlement	7122345	PASSED	50	1786	888	0	660	50	50	50	70	9	9	201	0	722472152	2013
1776387566930	S4_ExchangeRateFeeAccrual	7122345	PASSED	50	227	137	31	0	0	0	0	0	50	9	50	0	66361092	311
1776387572628	S5_SanctionedUserInterlace	7122345	PASSED	50	2261	1814	386	17	17	17	0	0	6	4	51	0	569362279	1804
1776387577091	S6_InFlightEdgeCases	7122345	PASSED	50	387	126	12	75	25	25	58	38	16	12	51	0	140910197	521
1776387581838	S7_FullProtocolEndurance	7122345	PASSED	15	955	572	132	176	15	15	15	11	15	4	17	0	231989127	811
1776387586121	S8_InvestSettlementEdge	7122345	PASSED	50	242	100	0	0	0	0	50	64	16	12	51	0	100329146	397
1776387591441	S9_MultiAdapterMix	7122345	PASSED	50	1393	772	0	405	50	50	50	44	9	13	102	0	469564770	1398
1776387596309	S10_InterleavedOperations	7122345	PASSED	50	603	172	31	167	56	56	50	29	20	22	146	0	261558576	971
1776387601404	S1_DepositRedeemMix	7132345	PASSED	50	1316	866	444	0	0	0	0	0	4	2	51	0	311571171	1172
1776387606443	S2_AsyncRedeemFullCycle	7132345	PASSED	50	535	61	0	359	50	50	0	0	9	6	151	0	307562622	1135
1776387612227	S3_RebalanceSettlement	7132345	PASSED	50	1629	841	0	563	49	49	50	59	9	9	201	0	645372167	1877
1776387616400	S4_ExchangeRateFeeAccrual	7132345	PASSED	50	181	106	16	0	0	0	0	0	50	9	50	0	59372238	280
1776387621940	S5_SanctionedUserInterlace	7132345	PASSED	50	2047	1627	359	17	17	17	0	0	6	4	51	0	505116264	1626
1776387626386	S6_InFlightEdgeCases	7132345	PASSED	50	426	149	23	77	28	28	58	35	16	12	51	0	148619655	550
1776387631104	S7_FullProtocolEndurance	7132345	PASSED	15	947	513	159	204	15	15	15	7	15	4	17	0	239712280	783
1776387635415	S8_InvestSettlementEdge	7132345	PASSED	50	240	100	0	0	0	0	50	62	16	12	51	0	99483016	404
1776387640850	S9_MultiAdapterMix	7132345	PASSED	50	1580	940	0	414	48	48	50	58	9	13	102	0	525602894	1528
1776387645830	S10_InterleavedOperations	7132345	PASSED	50	688	194	52	191	59	59	50	39	21	23	148	0	290088056	1048
1776387650835	S1_DepositRedeemMix	7142345	PASSED	50	1166	795	365	0	0	0	0	0	4	2	51	0	273342231	1066
1776387655655	S2_AsyncRedeemFullCycle	7142345	PASSED	50	466	52	0	299	50	50	0	0	9	6	151	0	269847826	928
1776387661575	S3_RebalanceSettlement	7142345	PASSED	50	1729	869	0	638	49	49	50	56	9	9	201	0	700933755	2001
1776387665792	S4_ExchangeRateFeeAccrual	7142345	PASSED	50	183	109	15	0	0	0	0	0	50	9	50	0	59631833	280
1776387671569	S5_SanctionedUserInterlace	7142345	PASSED	50	2425	1916	448	17	17	17	0	0	6	4	51	0	614913493	1880
1776387676035	S6_InFlightEdgeCases	7142345	PASSED	50	365	130	15	65	23	23	58	23	16	12	51	0	130578293	539
1776387680579	S7_FullProtocolEndurance	7142345	PASSED	15	778	391	129	178	15	15	15	16	15	4	17	0	202423785	655
1776387684892	S8_InvestSettlementEdge	7142345	PASSED	50	243	100	0	0	0	0	50	65	16	12	51	0	100840459	398
1776387690382	S9_MultiAdapterMix	7142345	PASSED	50	1622	901	0	501	50	50	50	48	9	13	102	0	563887441	1610
1776387695352	S10_InterleavedOperations	7142345	PASSED	50	724	235	56	190	58	58	50	35	20	22	148	0	294964959	1068
1776387700286	S1_DepositRedeemMix	7152345	PASSED	50	1093	768	319	0	0	0	0	0	4	2	51	0	256654891	1019
1776387705223	S2_AsyncRedeemFullCycle	7152345	PASSED	50	520	58	0	347	50	50	0	0	9	6	151	0	299967743	1050
1776387711131	S3_RebalanceSettlement	7152345	PASSED	50	1711	854	0	635	50	50	50	54	9	9	201	0	692863239	2000
1776387715390	S4_ExchangeRateFeeAccrual	7152345	PASSED	50	203	116	28	0	0	0	0	0	50	9	50	0	63019226	317
1776387721023	S5_SanctionedUserInterlace	7152345	PASSED	50	2186	1760	365	17	17	17	0	0	6	4	51	0	552676897	1732
1776387725452	S6_InFlightEdgeCases	7152345	PASSED	50	358	117	11	68	24	24	58	28	16	12	51	0	131071577	509
1776387730208	S7_FullProtocolEndurance	7152345	PASSED	15	1000	574	137	211	15	15	15	14	15	4	17	0	255994789	822
1776387734521	S8_InvestSettlementEdge	7152345	PASSED	50	238	100	0	0	0	0	50	60	16	12	51	0	98848937	396
1776387740083	S9_MultiAdapterMix	7152345	PASSED	50	1701	970	0	501	50	50	50	58	9	13	102	0	587384210	1640
1776387744975	S10_InterleavedOperations	7152345	PASSED	50	667	203	42	190	54	54	50	32	20	22	146	0	282927503	1014
1776387749933	S1_DepositRedeemMix	7162345	PASSED	50	1110	735	369	0	0	0	0	0	4	2	51	0	261954239	1044
1776387754810	S2_AsyncRedeemFullCycle	7162345	PASSED	50	482	56	0	313	49	49	0	0	9	6	151	0	280892398	947
1776387760719	S3_RebalanceSettlement	7162345	PASSED	50	1741	862	0	653	50	50	50	58	9	9	201	0	708498363	1994
1776387764954	S4_ExchangeRateFeeAccrual	7162345	PASSED	50	178	107	12	0	0	0	0	0	50	9	50	0	59071819	278
1776387770482	S5_SanctionedUserInterlace	7162345	PASSED	50	1996	1555	380	17	17	17	0	0	6	4	51	0	491526952	1612
1776387774944	S6_InFlightEdgeCases	7162345	PASSED	50	399	139	16	70	27	27	58	34	16	12	51	0	141196951	527
1776387779593	S7_FullProtocolEndurance	7162345	PASSED	15	850	429	130	214	15	15	15	13	15	4	17	0	226436299	720
1776387783887	S8_InvestSettlementEdge	7162345	PASSED	50	244	100	0	0	0	0	50	66	16	12	51	0	101322185	400
1776387789343	S9_MultiAdapterMix	7162345	PASSED	50	1596	927	0	446	50	50	50	51	9	13	102	0	542295893	1554
1776387794281	S10_InterleavedOperations	7162345	PASSED	50	678	203	39	205	55	55	50	27	21	23	146	0	287709078	1032
1776387799232	S1_DepositRedeemMix	7172345	PASSED	50	1070	726	338	0	0	0	0	0	4	2	51	0	252375232	1012
1776387804036	S2_AsyncRedeemFullCycle	7172345	PASSED	50	446	55	0	276	50	50	0	0	9	6	151	0	258647969	909
1776387809986	S3_RebalanceSettlement	7172345	PASSED	50	1832	880	0	722	49	49	50	64	9	9	201	0	760728370	2062
1776387814233	S4_ExchangeRateFeeAccrual	7172345	PASSED	50	199	116	24	0	0	0	0	0	50	9	50	0	62197465	306
1776387819828	S5_SanctionedUserInterlace	7172345	PASSED	50	2088	1701	326	17	17	17	0	0	6	4	51	0	519597423	1687
1776387824267	S6_InFlightEdgeCases	7172345	PASSED	50	400	136	10	78	29	29	58	32	16	12	51	0	143377332	525
1776387828946	S7_FullProtocolEndurance	7172345	PASSED	15	904	505	125	194	15	15	15	16	15	4	17	0	230119120	739
1776387833340	S8_InvestSettlementEdge	7172345	PASSED	50	242	100	0	0	0	0	50	64	16	12	51	0	100460509	425
1776387838824	S9_MultiAdapterMix	7172345	PASSED	50	1461	793	0	460	49	49	50	38	9	13	102	0	505825481	1567
1776387843753	S10_InterleavedOperations	7172345	PASSED	50	619	173	35	180	54	54	50	29	21	23	144	0	268367396	1030
1776387848764	S1_DepositRedeemMix	7182345	PASSED	50	1184	823	355	0	0	0	0	0	4	2	51	0	279522715	1077
1776387853664	S2_AsyncRedeemFullCycle	7182345	PASSED	50	515	56	0	344	50	50	0	0	9	6	151	0	298520051	1018
1776387859515	S3_RebalanceSettlement	7182345	PASSED	50	1683	864	0	586	50	50	50	65	9	9	201	0	670436614	1920
1776387863725	S4_ExchangeRateFeeAccrual	7182345	PASSED	50	206	122	25	0	0	0	0	0	50	9	50	0	63424329	296
1776387869280	S5_SanctionedUserInterlace	7182345	PASSED	50	2100	1674	365	17	17	17	0	0	6	4	51	0	524898878	1659
1776387873724	S6_InFlightEdgeCases	7182345	PASSED	50	380	121	15	67	28	28	58	35	16	12	51	0	137127345	518
1776387878328	S7_FullProtocolEndurance	7182345	PASSED	15	868	520	135	141	15	15	15	8	15	4	17	0	204515062	700
1776387882632	S8_InvestSettlementEdge	7182345	PASSED	50	244	100	0	0	0	0	50	66	16	12	51	0	101420752	399
1776387888019	S9_MultiAdapterMix	7182345	PASSED	50	1521	874	0	431	49	49	50	46	9	13	102	0	513688449	1494
1776387893071	S10_InterleavedOperations	7182345	PASSED	50	731	234	32	224	59	59	50	31	20	22	149	0	307037905	1079
1776387898121	S1_DepositRedeemMix	7192345	PASSED	50	1176	798	372	0	0	0	0	0	4	2	51	0	276740076	1128
1776387903022	S2_AsyncRedeemFullCycle	7192345	PASSED	50	495	56	0	324	50	50	0	0	9	6	151	0	286856662	965
1776387908966	S3_RebalanceSettlement	7192345	PASSED	50	1741	854	0	649	50	50	50	70	9	9	201	0	714021333	2002
1776387913230	S4_ExchangeRateFeeAccrual	7192345	PASSED	50	215	127	29	0	0	0	0	0	50	9	50	0	64811604	307
1776387918793	S5_SanctionedUserInterlace	7192345	PASSED	50	2028	1632	335	17	17	17	0	0	6	4	51	0	503150367	1637
1776387923204	S6_InFlightEdgeCases	7192345	PASSED	50	358	125	15	55	23	23	58	31	16	12	51	0	128138103	494
1776387927872	S7_FullProtocolEndurance	7192345	PASSED	15	918	502	142	199	15	15	15	11	15	4	17	0	234121175	763
1776387932187	S8_InvestSettlementEdge	7192345	PASSED	50	240	100	0	0	0	0	50	62	16	12	51	0	99615330	400
1776387937589	S9_MultiAdapterMix	7192345	PASSED	50	1520	860	0	441	50	50	50	47	9	13	102	0	516124056	1511
1776387942464	S10_InterleavedOperations	7192345	PASSED	50	608	174	34	171	52	52	50	31	21	23	143	0	264481124	964
1776387947711	S1_DepositRedeemMix	7202345	PASSED	50	1524	1018	500	0	0	0	0	0	4	2	51	0	362945784	1341
1776387952600	S2_AsyncRedeemFullCycle	7202345	PASSED	50	471	55	0	305	48	48	0	0	9	6	151	0	273766989	927
1776387958532	S3_RebalanceSettlement	7202345	PASSED	50	1779	881	0	658	50	50	50	72	9	9	201	0	723941180	2029
1776387962755	S4_ExchangeRateFeeAccrual	7202345	PASSED	50	192	113	20	0	0	0	0	0	50	9	50	0	61427443	303
1776387968403	S5_SanctionedUserInterlace	7202345	PASSED	50	2226	1811	354	17	17	17	0	0	6	4	51	0	563739824	1752
1776387972913	S6_InFlightEdgeCases	7202345	PASSED	50	430	163	18	78	26	26	58	33	16	12	51	0	147811833	544
1776387977552	S7_FullProtocolEndurance	7202345	PASSED	15	866	499	126	166	15	15	15	11	15	4	17	0	213591454	741
1776387981855	S8_InvestSettlementEdge	7202345	PASSED	50	240	100	0	0	0	0	50	62	16	12	51	0	99567471	398
1776387987257	S9_MultiAdapterMix	7202345	PASSED	50	1559	912	0	429	49	49	50	48	9	13	102	0	522691612	1512
1776387992227	S10_InterleavedOperations	7202345	PASSED	50	709	219	36	214	57	57	50	32	21	23	147	0	298102375	1072
1776387997287	S1_DepositRedeemMix	7212345	PASSED	50	1275	835	434	0	0	0	0	0	4	2	51	0	300712463	1152
1776388002155	S2_AsyncRedeemFullCycle	7212345	PASSED	50	475	55	0	305	50	50	0	0	9	6	151	0	275887078	954
1776388007916	S3_RebalanceSettlement	7212345	PASSED	50	1537	658	0	652	50	50	50	59	9	9	201	0	656194732	1873
1776388012124	S4_ExchangeRateFeeAccrual	7212345	PASSED	50	201	119	23	0	0	0	0	0	50	9	50	0	62630343	306
1776388017710	S5_SanctionedUserInterlace	7212345	PASSED	50	2070	1657	352	17	17	17	0	0	6	4	51	0	516411480	1666
1776388022165	S6_InFlightEdgeCases	7212345	PASSED	50	371	130	8	72	24	24	58	27	16	12	51	0	134172576	527
1776388026849	S7_FullProtocolEndurance	7212345	PASSED	15	996	623	109	184	15	15	15	16	15	4	17	0	245573936	792
1776388031156	S8_InvestSettlementEdge	7212345	PASSED	50	238	100	0	0	0	0	50	60	16	12	51	0	98870638	399
1776388036606	S9_MultiAdapterMix	7212345	PASSED	50	1571	893	0	448	49	49	50	60	9	13	102	0	535877036	1543
1776388041665	S10_InterleavedOperations	7212345	PASSED	50	730	213	54	223	61	61	50	24	21	23	149	0	303780983	1133
1776388046718	S1_DepositRedeemMix	7222345	PASSED	50	1234	793	435	0	0	0	0	0	4	2	51	0	291884600	1133
1776388051597	S2_AsyncRedeemFullCycle	7222345	PASSED	50	502	61	0	326	50	50	0	0	9	6	151	0	289449728	978
1776388057560	S3_RebalanceSettlement	7222345	PASSED	50	1790	916	0	638	50	50	50	68	9	9	201	0	719277005	2066
1776388061759	S4_ExchangeRateFeeAccrual	7222345	PASSED	50	177	101	17	0	0	0	0	0	50	9	50	0	58941049	279
1776388067412	S5_SanctionedUserInterlace	7222345	PASSED	50	2226	1815	350	17	17	17	0	0	6	4	51	0	561415512	1756
1776388071834	S6_InFlightEdgeCases	7222345	PASSED	50	389	129	16	70	29	29	58	30	16	12	51	0	136838189	522
1776388076539	S7_FullProtocolEndurance	7222345	PASSED	15	991	569	168	179	15	15	15	11	15	4	17	0	242464795	798
1776388080849	S8_InvestSettlementEdge	7222345	PASSED	50	238	100	0	0	0	0	50	60	16	12	51	0	98738539	393
1776388086313	S9_MultiAdapterMix	7222345	PASSED	50	1536	843	0	480	48	48	50	45	9	13	102	0	536081816	1545
1776388091246	S10_InterleavedOperations	7222345	PASSED	50	660	209	44	183	54	54	50	24	20	22	143	0	274361831	997
1776388096197	S1_DepositRedeemMix	7232345	PASSED	50	1081	737	338	0	0	0	0	0	4	2	51	0	254734825	1022
1776388101093	S2_AsyncRedeemFullCycle	7232345	PASSED	50	492	58	0	321	49	49	0	0	9	6	151	0	286320775	975
1776388107154	S3_RebalanceSettlement	7232345	PASSED	50	1718	782	0	705	50	50	50	63	9	9	201	0	723187172	2171
1776388111406	S4_ExchangeRateFeeAccrual	7232345	PASSED	50	208	119	30	0	0	0	0	0	50	9	50	0	63832798	315
1776388116830	S5_SanctionedUserInterlace	7232345	PASSED	50	1864	1505	298	17	17	17	0	0	6	4	51	0	460053387	1516
1776388121260	S6_InFlightEdgeCases	7232345	PASSED	50	376	129	11	64	27	27	58	32	16	12	51	0	137941018	511
1776388125783	S7_FullProtocolEndurance	7232345	PASSED	15	706	394	108	128	15	15	15	12	15	4	17	0	172285526	602
1776388130091	S8_InvestSettlementEdge	7232345	PASSED	50	244	100	0	0	0	0	50	66	16	12	51	0	101248811	399
1776388135515	S9_MultiAdapterMix	7232345	PASSED	50	1521	847	0	470	48	48	50	36	9	13	102	0	523259294	1499
1776388140611	S10_InterleavedOperations	7232345	PASSED	50	752	222	51	230	59	59	50	37	21	23	148	0	315537346	1166
1776388145653	S1_DepositRedeemMix	7242345	PASSED	50	1242	809	427	0	0	0	0	0	4	2	51	0	295267059	1138
1776388150613	S2_AsyncRedeemFullCycle	7242345	PASSED	50	471	53	0	305	49	49	0	0	9	6	151	0	273809854	1028
1776388156485	S3_RebalanceSettlement	7242345	PASSED	50	1689	814	0	643	50	50	50	64	9	9	201	0	693519040	1962
1776388160718	S4_ExchangeRateFeeAccrual	7242345	PASSED	50	202	121	22	0	0	0	0	0	50	9	50	0	62743451	295
1776388166406	S5_SanctionedUserInterlace	7242345	PASSED	50	2249	1858	330	17	17	17	0	0	6	4	51	0	568145318	1765
1776388170904	S6_InFlightEdgeCases	7242345	PASSED	50	406	141	16	69	30	30	58	34	16	12	51	0	142915803	526
1776388175510	S7_FullProtocolEndurance	7242345	PASSED	15	849	448	144	180	15	15	15	13	15	4	17	0	215885116	707
1776388179851	S8_InvestSettlementEdge	7242345	PASSED	50	242	100	0	0	0	0	50	64	16	12	51	0	100357870	397
1776388185229	S9_MultiAdapterMix	7242345	PASSED	50	1429	837	0	371	49	49	50	51	9	13	102	0	472241947	1426
1776388190157	S10_InterleavedOperations	7242345	PASSED	50	675	213	43	190	55	55	50	29	19	21	145	0	282838489	1022
1776388195193	S1_DepositRedeemMix	7252345	PASSED	50	1169	758	405	0	0	0	0	0	4	2	51	0	276084720	1082
1776388200101	S2_AsyncRedeemFullCycle	7252345	PASSED	50	500	62	0	325	49	49	0	0	9	6	151	0	286114160	967
1776388206037	S3_RebalanceSettlement	7252345	PASSED	50	1778	886	0	657	50	50	50	67	9	9	201	0	722173487	2029
1776388210245	S4_ExchangeRateFeeAccrual	7252345	PASSED	50	193	110	24	0	0	0	0	0	50	9	50	0	61288635	288
1776388215945	S5_SanctionedUserInterlace	7252345	PASSED	50	2221	1773	390	16	16	16	0	0	6	4	51	0	547997216	1796
1776388220361	S6_InFlightEdgeCases	7252345	PASSED	50	402	149	12	74	23	23	58	35	16	12	51	0	141160216	522
1776388225083	S7_FullProtocolEndurance	7252345	PASSED	15	997	596	142	180	15	15	15	15	15	4	17	0	242928846	804
1776388229405	S8_InvestSettlementEdge	7252345	PASSED	50	238	100	0	0	0	0	50	60	16	12	51	0	98663747	401
1776388234820	S9_MultiAdapterMix	7252345	PASSED	50	1523	841	0	460	48	48	50	54	9	13	102	0	523445921	1499
1776388239781	S10_InterleavedOperations	7252345	PASSED	50	636	191	48	170	55	55	50	25	20	22	145	0	267835593	1016
1776388244851	S1_DepositRedeemMix	7262345	PASSED	50	1279	826	447	0	0	0	0	0	4	2	51	0	300189352	1162
1776388249683	S2_AsyncRedeemFullCycle	7262345	PASSED	50	431	52	0	266	49	49	0	0	9	6	151	0	254222617	914
1776388255736	S3_RebalanceSettlement	7262345	PASSED	50	1952	1004	0	706	49	49	50	76	9	9	201	0	786894145	2138
1776388259955	S4_ExchangeRateFeeAccrual	7262345	PASSED	50	180	103	18	0	0	0	0	0	50	9	50	0	59194764	281
1776388265602	S5_SanctionedUserInterlace	7262345	PASSED	50	2200	1789	350	17	17	17	0	0	6	4	51	0	551305107	1745
1776388270011	S6_InFlightEdgeCases	7262345	PASSED	50	376	133	7	63	28	28	58	31	16	12	51	0	135472888	512
1776388274587	S7_FullProtocolEndurance	7262345	PASSED	15	816	433	116	192	15	15	15	11	15	4	17	0	210671666	673
1776388278890	S8_InvestSettlementEdge	7262345	PASSED	50	244	100	0	0	0	0	50	66	16	12	51	0	101195654	402
1776388284294	S9_MultiAdapterMix	7262345	PASSED	50	1548	891	0	445	50	50	50	40	9	13	102	0	519955569	1509
1776388289213	S10_InterleavedOperations	7262345	PASSED	50	654	203	42	173	55	55	50	32	21	23	145	0	272759691	1004
1776388294202	S1_DepositRedeemMix	7272345	PASSED	50	1155	786	363	0	0	0	0	0	4	2	51	0	270033130	1079
1776388299107	S2_AsyncRedeemFullCycle	7272345	PASSED	50	541	56	0	370	50	50	0	0	9	6	151	0	309873188	1010
1776388305085	S3_RebalanceSettlement	7272345	PASSED	50	1775	787	0	761	50	50	50	59	9	9	201	0	753565680	2054
1776388309296	S4_ExchangeRateFeeAccrual	7272345	PASSED	50	191	115	17	0	0	0	0	0	50	9	50	0	61036833	287
1776388315067	S5_SanctionedUserInterlace	7272345	PASSED	50	2375	1900	414	17	17	17	0	0	6	4	51	0	598410907	1881
1776388319514	S6_InFlightEdgeCases	7272345	PASSED	50	396	143	9	77	26	26	58	29	16	12	51	0	138106199	524
1776388324183	S7_FullProtocolEndurance	7272345	PASSED	15	912	484	152	196	15	15	15	16	15	4	17	0	234194609	749
1776388328506	S8_InvestSettlementEdge	7272345	PASSED	50	241	100	0	0	0	0	50	63	16	12	51	0	99995557	403
1776388333962	S9_MultiAdapterMix	7272345	PASSED	50	1591	942	0	434	49	49	50	45	9	13	102	0	528199490	1530
1776388338884	S10_InterleavedOperations	7272345	PASSED	50	653	192	43	188	56	56	50	28	19	21	144	0	277360021	1006
1776388343958	S1_DepositRedeemMix	7282345	PASSED	50	1278	843	429	0	0	0	0	0	4	2	51	0	299516202	1163
1776388348989	S2_AsyncRedeemFullCycle	7282345	PASSED	50	545	60	0	372	49	49	0	0	9	6	151	0	313339780	1147
1776388354985	S3_RebalanceSettlement	7282345	PASSED	50	1809	863	0	707	50	50	50	71	9	9	201	0	746817381	2050
1776388359182	S4_ExchangeRateFeeAccrual	7282345	PASSED	50	190	113	18	0	0	0	0	0	50	9	50	0	60815965	290
1776388364903	S5_SanctionedUserInterlace	7282345	PASSED	50	2317	1872	384	17	17	17	0	0	6	4	51	0	576750743	1810
1776388369362	S6_InFlightEdgeCases	7282345	PASSED	50	424	151	14	86	26	26	58	35	16	12	51	0	149164356	543
1776388373946	S7_FullProtocolEndurance	7282345	PASSED	15	828	500	111	138	15	15	15	15	15	4	17	0	196774170	674
1776388378247	S8_InvestSettlementEdge	7282345	PASSED	50	240	100	0	0	0	0	50	62	16	12	51	0	99360138	394
1776388383668	S9_MultiAdapterMix	7282345	PASSED	50	1551	911	0	414	50	50	50	54	9	13	102	0	517358540	1504
1776388388552	S10_InterleavedOperations	7282345	PASSED	50	609	175	39	158	58	58	50	27	21	23	148	0	260597326	971
1776388393568	S1_DepositRedeemMix	7292345	PASSED	50	1154	768	380	0	0	0	0	0	4	2	51	0	270222279	1082
1776388398436	S2_AsyncRedeemFullCycle	7292345	PASSED	50	488	56	0	321	48	48	0	0	9	6	151	0	284431901	958
1776388404276	S3_RebalanceSettlement	7292345	PASSED	50	1653	770	0	653	48	48	50	66	9	9	201	0	683862961	1942
1776388408489	S4_ExchangeRateFeeAccrual	7292345	PASSED	50	192	112	21	0	0	0	0	0	50	9	50	0	61232794	288
1776388414070	S5_SanctionedUserInterlace	7292345	PASSED	50	2016	1588	367	17	17	17	0	0	6	4	51	0	493108175	1637
1776388418491	S6_InFlightEdgeCases	7292345	PASSED	50	380	131	15	60	25	25	58	38	16	12	51	0	135605352	509
1776388423217	S7_FullProtocolEndurance	7292345	PASSED	15	982	564	137	200	15	15	15	17	15	4	17	0	246691458	790
1776388427576	S8_InvestSettlementEdge	7292345	PASSED	50	242	100	0	0	0	0	50	64	16	12	51	0	100321086	425
1776388433107	S9_MultiAdapterMix	7292345	PASSED	50	1669	931	0	522	48	48	50	48	9	13	102	0	579389644	1603
1776388438108	S10_InterleavedOperations	7292345	PASSED	50	707	208	35	220	60	60	50	30	21	23	148	0	298951285	1059
1776388443231	S1_DepositRedeemMix	7302345	PASSED	50	1316	865	445	0	0	0	0	0	4	2	51	0	311171163	1193
1776388448126	S2_AsyncRedeemFullCycle	7302345	PASSED	50	501	56	0	330	50	50	0	0	9	6	151	0	289853857	983
1776388454143	S3_RebalanceSettlement	7302345	PASSED	50	1823	845	0	740	50	50	50	70	9	9	201	0	762114072	2106
1776388458375	S4_ExchangeRateFeeAccrual	7302345	PASSED	50	203	124	20	0	0	0	0	0	50	9	50	0	62408978	307
1776388464152	S5_SanctionedUserInterlace	7302345	PASSED	50	2211	1757	393	17	17	17	0	0	6	4	51	0	556289415	1830
1776388468581	S6_InFlightEdgeCases	7302345	PASSED	50	391	128	14	79	27	27	58	30	16	12	51	0	141625649	524
1776388473242	S7_FullProtocolEndurance	7302345	PASSED	15	871	520	133	142	15	15	15	12	15	4	17	0	206163328	726
1776388477589	S8_InvestSettlementEdge	7302345	PASSED	50	240	100	0	0	0	0	50	62	16	12	51	0	99494132	413
1776388482988	S9_MultiAdapterMix	7302345	PASSED	50	1527	916	0	385	50	50	50	54	9	13	102	0	499085371	1475
1776388487929	S10_InterleavedOperations	7302345	PASSED	50	627	192	32	171	55	55	50	28	21	23	145	0	267350424	1011
1776388493149	S1_DepositRedeemMix	7312345	PASSED	50	1429	933	490	0	0	0	0	0	4	2	51	0	336924935	1323
1776388498046	S2_AsyncRedeemFullCycle	7312345	PASSED	50	476	55	0	306	50	50	0	0	9	6	151	0	274459261	956
1776388503943	S3_RebalanceSettlement	7312345	PASSED	50	1754	907	0	615	49	49	50	66	9	9	201	0	699703120	1983
1776388508202	S4_ExchangeRateFeeAccrual	7312345	PASSED	50	216	134	23	0	0	0	0	0	50	9	50	0	64644442	306
1776388513944	S5_SanctionedUserInterlace	7312345	PASSED	50	2220	1783	376	17	17	17	0	0	6	4	51	0	551983664	1824
1776388518392	S6_InFlightEdgeCases	7312345	PASSED	50	407	144	20	76	24	24	58	33	16	12	51	0	143881593	534
1776388523030	S7_FullProtocolEndurance	7312345	PASSED	15	831	442	134	178	15	15	15	13	15	4	17	0	210267762	714
1776388527332	S8_InvestSettlementEdge	7312345	PASSED	50	237	100	0	0	0	0	50	59	16	12	51	0	98229021	399
1776388532798	S9_MultiAdapterMix	7312345	PASSED	50	1609	944	0	452	48	48	50	45	9	13	102	0	538885505	1568
1776388537744	S10_InterleavedOperations	7312345	PASSED	50	681	217	37	188	56	56	50	33	21	23	146	0	281879475	1027
1776388542725	S1_DepositRedeemMix	7322345	PASSED	50	1129	726	397	0	0	0	0	0	4	2	51	0	265379759	1045
1776388547622	S2_AsyncRedeemFullCycle	7322345	PASSED	50	489	55	0	319	50	50	0	0	9	6	151	0	282190391	962
1776388553428	S3_RebalanceSettlement	7322345	PASSED	50	1622	751	0	643	49	49	50	62	9	9	201	0	671185143	1912
1776388557673	S4_ExchangeRateFeeAccrual	7322345	PASSED	50	220	133	28	0	0	0	0	0	50	9	50	0	65193452	308
1776388563191	S5_SanctionedUserInterlace	7322345	PASSED	50	1982	1622	302	16	16	16	0	0	6	4	51	0	496143718	1594
1776388567626	S6_InFlightEdgeCases	7322345	PASSED	50	346	110	19	57	22	22	58	30	16	12	51	0	129981931	501
1776388572279	S7_FullProtocolEndurance	7322345	PASSED	15	873	448	153	198	15	15	15	10	15	4	17	0	223757730	723
1776388576582	S8_InvestSettlementEdge	7322345	PASSED	50	242	100	0	0	0	0	50	64	16	12	51	0	100310666	399
1776388581961	S9_MultiAdapterMix	7322345	PASSED	50	1511	892	0	401	50	50	50	46	9	13	102	0	497407993	1461
1776388586954	S10_InterleavedOperations	7322345	PASSED	50	709	204	37	216	62	62	50	34	21	23	151	0	300598635	1078
1776388591907	S1_DepositRedeemMix	7332345	PASSED	50	1067	707	354	0	0	0	0	0	4	2	51	0	250484958	1013
1776388596753	S2_AsyncRedeemFullCycle	7332345	PASSED	50	462	52	0	295	50	50	0	0	9	6	151	0	267450277	922
1776388602737	S3_RebalanceSettlement	7332345	PASSED	50	1834	958	0	649	50	50	50	59	9	9	201	0	727871815	2089
1776388606951	S4_ExchangeRateFeeAccrual	7332345	PASSED	50	217	129	29	0	0	0	0	0	50	9	50	0	64960799	307
1776388612656	S5_SanctionedUserInterlace	7332345	PASSED	50	2289	1835	393	17	17	17	0	0	6	4	51	0	570539448	1797
1776388617171	S6_InFlightEdgeCases	7332345	PASSED	50	439	163	11	83	30	30	58	36	16	12	51	0	152933485	577
1776388621842	S7_FullProtocolEndurance	7332345	PASSED	15	892	493	146	173	15	15	15	16	15	4	17	0	222199800	738
1776388626147	S8_InvestSettlementEdge	7332345	PASSED	50	240	100	0	0	0	0	50	62	16	12	51	0	99610744	412
1776388631640	S9_MultiAdapterMix	7332345	PASSED	50	1636	970	0	433	50	50	50	61	9	13	102	0	544694638	1579
1776388636594	S10_InterleavedOperations	7332345	PASSED	50	702	199	55	207	57	57	50	33	21	23	146	0	294572980	1049
1776388641663	S1_DepositRedeemMix	7342345	PASSED	50	1263	817	440	0	0	0	0	0	4	2	51	0	296476207	1167
1776388646564	S2_AsyncRedeemFullCycle	7342345	PASSED	50	510	54	0	341	50	50	0	0	9	6	151	0	294968047	983
1776388652497	S3_RebalanceSettlement	7342345	PASSED	50	1711	821	0	662	50	50	50	60	9	9	201	0	699355027	1981
1776388656712	S4_ExchangeRateFeeAccrual	7342345	PASSED	50	244	153	32	0	0	0	0	0	50	9	50	0	69011105	322
1776388662411	S5_SanctionedUserInterlace	7342345	PASSED	50	2253	1834	358	17	17	17	0	0	6	4	51	0	557449268	1782
1776388666840	S6_InFlightEdgeCases	7342345	PASSED	50	377	125	11	65	27	27	58	36	16	12	51	0	135536896	504
1776388671511	S7_FullProtocolEndurance	7342345	PASSED	15	888	500	116	194	15	15	15	14	15	4	17	0	226230509	764
1776388675835	S8_InvestSettlementEdge	7342345	PASSED	50	242	100	0	0	0	0	50	64	16	12	51	0	100387333	400
1776388681168	S9_MultiAdapterMix	7342345	PASSED	50	1421	799	0	407	48	48	50	47	9	13	102	0	480128800	1410
1776388686186	S10_InterleavedOperations	7342345	PASSED	50	666	184	42	203	57	57	50	31	20	22	145	0	285286918	1087
1776388691347	S1_DepositRedeemMix	7352345	PASSED	50	1260	806	448	0	0	0	0	0	4	2	51	0	295871862	1224
1776388696260	S2_AsyncRedeemFullCycle	7352345	PASSED	50	514	61	0	340	49	49	0	0	9	6	151	0	296803474	992
1776388702160	S3_RebalanceSettlement	7352345	PASSED	50	1731	904	0	595	50	50	50	64	9	9	201	0	682421197	1968
1776388706401	S4_ExchangeRateFeeAccrual	7352345	PASSED	50	230	136	35	0	0	0	0	0	50	9	50	0	67125543	316
1776388712034	S5_SanctionedUserInterlace	7352345	PASSED	50	2233	1769	403	17	17	17	0	0	6	4	51	0	550966685	1746
1776388716468	S6_InFlightEdgeCases	7352345	PASSED	50	399	144	20	65	24	24	58	36	16	12	51	0	140394683	526
1776388721100	S7_FullProtocolEndurance	7352345	PASSED	15	832	437	111	206	15	15	15	14	15	4	17	0	219192326	701
1776388725437	S8_InvestSettlementEdge	7352345	PASSED	50	242	100	0	0	0	0	50	64	16	12	51	0	100269841	409
1776388730905	S9_MultiAdapterMix	7352345	PASSED	50	1586	923	0	445	49	49	50	48	9	13	102	0	531074769	1541
1776388735769	S10_InterleavedOperations	7352345	PASSED	50	611	194	31	153	58	58	50	23	21	23	149	0	257283194	979
1776388740852	S1_DepositRedeemMix	7362345	PASSED	50	1213	795	412	0	0	0	0	0	4	2	51	0	285052045	1110
1776388745672	S2_AsyncRedeemFullCycle	7362345	PASSED	50	448	53	0	282	49	49	0	0	9	6	151	0	261963131	910
1776388751634	S3_RebalanceSettlement	7362345	PASSED	50	1847	960	0	650	50	50	50	69	9	9	201	0	735500761	2060
1776388755848	S4_ExchangeRateFeeAccrual	7362345	PASSED	50	206	125	22	0	0	0	0	0	50	9	50	0	63173171	296
1776388761539	S5_SanctionedUserInterlace	7362345	PASSED	50	2193	1782	350	17	17	17	0	0	6	4	51	0	536176177	1778
1776388765989	S6_InFlightEdgeCases	7362345	PASSED	50	434	161	12	81	30	30	58	34	16	12	51	0	150144664	550
1776388770619	S7_FullProtocolEndurance	7362345	PASSED	15	903	524	130	171	15	15	15	14	15	4	17	0	222210105	735
1776388774951	S8_InvestSettlementEdge	7362345	PASSED	50	240	100	0	0	0	0	50	62	16	12	51	0	99532633	399
1776388780440	S9_MultiAdapterMix	7362345	PASSED	50	1556	894	0	444	49	49	50	48	9	13	102	0	524443904	1543
1776388785449	S10_InterleavedOperations	7362345	PASSED	50	713	200	41	234	59	59	50	26	21	23	147	0	303029331	1084
1776388790556	S1_DepositRedeemMix	7372345	PASSED	50	1290	850	434	0	0	0	0	0	4	2	51	0	302521253	1161
1776388795509	S2_AsyncRedeemFullCycle	7372345	PASSED	50	494	53	0	326	50	50	0	0	9	6	151	0	285281986	978
1776388801284	S3_RebalanceSettlement	7372345	PASSED	50	1654	875	0	552	49	49	50	61	9	9	201	0	648767627	1885
1776388805462	S4_ExchangeRateFeeAccrual	7372345	PASSED	50	164	89	16	0	0	0	0	0	50	9	50	0	56931032	273
1776388811173	S5_SanctionedUserInterlace	7372345	PASSED	50	2281	1799	421	17	17	17	0	0	6	4	51	0	575449655	1808
1776388815628	S6_InFlightEdgeCases	7372345	PASSED	50	398	133	17	76	25	25	58	36	16	12	51	0	143698128	533
1776388820315	S7_FullProtocolEndurance	7372345	PASSED	15	935	471	115	273	15	15	15	12	15	4	17	0	259336043	783
1776388824615	S8_InvestSettlementEdge	7372345	PASSED	50	246	100	0	0	0	0	50	68	16	12	51	0	101937073	404
1776388830190	S9_MultiAdapterMix	7372345	PASSED	50	1720	1076	0	427	49	49	50	47	9	13	102	0	560083216	1643
1776388835138	S10_InterleavedOperations	7372345	PASSED	50	688	207	46	204	55	55	50	27	21	23	144	0	286803240	1037
1776388840076	S1_DepositRedeemMix	7382345	PASSED	50	1087	706	375	0	0	0	0	0	4	2	51	0	255528987	1029
1776388844971	S2_AsyncRedeemFullCycle	7382345	PASSED	50	499	51	0	333	50	50	0	0	9	6	151	0	288876224	957
1776388850741	S3_RebalanceSettlement	7382345	PASSED	50	1544	789	0	528	49	49	50	61	9	9	201	0	610196222	1826
1776388855001	S4_ExchangeRateFeeAccrual	7382345	PASSED	50	192	109	24	0	0	0	0	0	50	9	50	0	61042100	301
1776388860906	S5_SanctionedUserInterlace	7382345	PASSED	50	2298	1879	358	17	17	17	0	0	6	4	51	0	579147626	1943
1776388865350	S6_InFlightEdgeCases	7382345	PASSED	50	373	122	18	63	28	28	58	28	16	12	51	0	134679413	524
1776388869939	S7_FullProtocolEndurance	7382345	PASSED	15	786	393	157	157	15	15	15	15	15	4	17	0	197714428	667
1776388874247	S8_InvestSettlementEdge	7382345	PASSED	50	246	100	0	0	0	0	50	68	16	12	51	0	102079266	417
1776388879608	S9_MultiAdapterMix	7382345	PASSED	50	1485	805	0	460	50	50	50	48	9	13	102	0	511544617	1465
1776388884511	S10_InterleavedOperations	7382345	PASSED	50	648	196	36	179	55	55	50	33	21	23	144	0	274875414	992
1776388889687	S1_DepositRedeemMix	7392345	PASSED	50	1376	927	443	0	0	0	0	0	4	2	51	0	322455805	1239
1776388894600	S2_AsyncRedeemFullCycle	7392345	PASSED	50	529	59	0	355	50	50	0	0	9	6	151	0	301983561	993
1776388900662	S3_RebalanceSettlement	7392345	PASSED	50	1719	866	0	624	50	50	50	61	9	9	201	0	689492844	2131
1776388904920	S4_ExchangeRateFeeAccrual	7392345	PASSED	50	206	126	21	0	0	0	0	0	50	9	50	0	63181811	309
1776388910636	S5_SanctionedUserInterlace	7392345	PASSED	50	2220	1811	348	17	17	17	0	0	6	4	51	0	556064034	1816
1776388915121	S6_InFlightEdgeCases	7392345	PASSED	50	405	139	12	85	25	25	58	33	16	12	51	0	146085283	536
1776388919773	S7_FullProtocolEndurance	7392345	PASSED	15	864	472	116	197	15	15	15	15	15	4	17	0	221897162	719
1776388924070	S8_InvestSettlementEdge	7392345	PASSED	50	241	100	0	0	0	0	50	63	16	12	51	0	100003771	399
1776388929569	S9_MultiAdapterMix	7392345	PASSED	50	1623	887	0	513	50	50	50	51	9	13	102	0	568456613	1600
1776388934562	S10_InterleavedOperations	7392345	PASSED	50	711	206	52	213	58	58	50	30	21	23	148	0	297130840	1063
1776388939808	S1_DepositRedeemMix	7402345	PASSED	50	1414	902	506	0	0	0	0	0	4	2	51	0	333452593	1305
1776388944708	S2_AsyncRedeemFullCycle	7402345	PASSED	50	525	60	0	352	49	49	0	0	9	6	151	0	300121091	984
1776388950787	S3_RebalanceSettlement	7402345	PASSED	50	1844	841	0	766	50	50	50	69	9	9	201	0	776712072	2176
1776388955024	S4_ExchangeRateFeeAccrual	7402345	PASSED	50	204	123	22	0	0	0	0	0	50	9	50	0	62864216	296
1776388960659	S5_SanctionedUserInterlace	7402345	PASSED	50	2105	1676	368	17	17	17	0	0	6	4	51	0	526091549	1696
1776388965083	S6_InFlightEdgeCases	7402345	PASSED	50	394	133	18	73	26	26	58	32	16	12	51	0	140437720	518
1776388969753	S7_FullProtocolEndurance	7402345	PASSED	15	910	520	109	202	15	15	15	15	15	4	17	0	232082685	764
1776388974062	S8_InvestSettlementEdge	7402345	PASSED	50	246	100	0	0	0	0	50	68	16	12	51	0	102028426	404
1776388979433	S9_MultiAdapterMix	7402345	PASSED	50	1418	813	0	401	49	49	50	34	9	13	102	0	470846169	1440
1776388984334	S10_InterleavedOperations	7402345	PASSED	50	626	172	41	172	57	57	50	33	21	23	148	0	270234936	996
1776388989278	S1_DepositRedeemMix	7412345	PASSED	50	1092	724	362	0	0	0	0	0	4	2	51	0	257838009	1030
1776388994211	S2_AsyncRedeemFullCycle	7412345	PASSED	50	548	54	0	379	50	50	0	0	9	6	151	0	315423681	1027
1776389000039	S3_RebalanceSettlement	7412345	PASSED	50	1648	735	0	677	50	50	50	68	9	9	201	0	691129324	1932
1776389004270	S4_ExchangeRateFeeAccrual	7412345	PASSED	50	227	137	31	0	0	0	0	0	50	9	50	0	66579005	311
1776389009850	S5_SanctionedUserInterlace	7412345	PASSED	50	2016	1588	367	17	17	17	0	0	6	4	51	0	491903566	1633
1776389014260	S6_InFlightEdgeCases	7412345	PASSED	50	374	126	14	65	27	27	58	29	16	12	51	0	136469908	509
1776389018920	S7_FullProtocolEndurance	7412345	PASSED	15	861	496	103	181	15	15	15	17	15	4	17	0	216959223	727
1776389023243	S8_InvestSettlementEdge	7412345	PASSED	50	239	100	0	0	0	0	50	61	16	12	51	0	99112368	398
1776389028649	S9_MultiAdapterMix	7412345	PASSED	50	1511	835	0	456	49	49	50	50	9	13	102	0	517072771	1493
1776389033635	S10_InterleavedOperations	7412345	PASSED	50	702	222	20	213	58	58	50	39	20	22	147	0	297069593	1060
1776389038688	S1_DepositRedeemMix	7422345	PASSED	50	1189	800	383	0	0	0	0	0	4	2	51	0	277846780	1094
1776389043675	S2_AsyncRedeemFullCycle	7422345	PASSED	50	516	59	0	342	50	50	0	0	9	6	151	0	295580557	993
1776389049529	S3_RebalanceSettlement	7422345	PASSED	50	1676	816	0	626	50	50	50	66	9	9	201	0	683558939	1957
1776389053719	S4_ExchangeRateFeeAccrual	7422345	PASSED	50	188	110	19	0	0	0	0	0	50	9	50	0	60542939	284
1776389059307	S5_SanctionedUserInterlace	7422345	PASSED	50	2136	1723	352	17	17	17	0	0	6	4	51	0	525369981	1677
1776389063775	S6_InFlightEdgeCases	7422345	PASSED	50	403	161	17	60	24	24	58	31	16	12	51	0	136527962	543
1776389068465	S7_FullProtocolEndurance	7422345	PASSED	15	926	507	123	220	15	15	15	12	15	4	17	0	240300375	762
1776389072773	S8_InvestSettlementEdge	7422345	PASSED	50	248	100	0	0	0	0	50	70	16	12	51	0	102768724	403
1776389078142	S9_MultiAdapterMix	7422345	PASSED	50	1472	847	0	394	50	50	50	59	9	13	102	0	490372535	1473
1776389083052	S10_InterleavedOperations	7422345	PASSED	50	634	179	43	179	55	55	50	33	19	21	145	0	273568461	1000
1776389088228	S1_DepositRedeemMix	7432345	PASSED	50	1379	941	432	0	0	0	0	0	4	2	51	0	323243286	1237
1776389093114	S2_AsyncRedeemFullCycle	7432345	PASSED	50	494	52	0	327	50	50	0	0	9	6	151	0	287107516	976
1776389099072	S3_RebalanceSettlement	7432345	PASSED	50	1781	903	0	640	50	50	50	70	9	9	201	0	715370116	2052
1776389103295	S4_ExchangeRateFeeAccrual	7432345	PASSED	50	206	124	23	0	0	0	0	0	50	9	50	0	63041161	300
1776389108869	S5_SanctionedUserInterlace	7432345	PASSED	50	2126	1755	310	17	17	17	0	0	6	4	51	0	534382750	1695
1776389113357	S6_InFlightEdgeCases	7432345	PASSED	50	406	135	10	83	29	29	58	34	16	12	51	0	148302486	582
1776389117954	S7_FullProtocolEndurance	7432345	PASSED	15	867	484	112	192	15	15	15	15	15	4	17	0	221006133	721
1776389122279	S8_InvestSettlementEdge	7432345	PASSED	50	242	100	0	0	0	0	50	64	16	12	51	0	100481187	396
1776389127702	S9_MultiAdapterMix	7432345	PASSED	50	1492	808	0	461	49	49	50	53	9	13	102	0	515429796	1511
1776389132765	S10_InterleavedOperations	7432345	PASSED	50	762	247	43	222	59	59	50	38	21	23	147	0	310780348	1147
1776389137819	S1_DepositRedeemMix	7442345	PASSED	50	1167	779	382	0	0	0	0	0	4	2	51	0	273163777	1125
1776389142711	S2_AsyncRedeemFullCycle	7442345	PASSED	50	497	55	0	327	50	50	0	0	9	6	151	0	286574743	968
1776389148644	S3_RebalanceSettlement	7442345	PASSED	50	1767	895	0	635	50	50	50	69	9	9	201	0	709080237	2023
1776389152832	S4_ExchangeRateFeeAccrual	7442345	PASSED	50	186	107	20	0	0	0	0	0	50	9	50	0	60288252	284
1776389158529	S5_SanctionedUserInterlace	7442345	PASSED	50	2250	1811	381	16	16	16	0	0	6	4	51	0	565817945	1775
1776389162970	S6_InFlightEdgeCases	7442345	PASSED	50	393	140	9	69	26	26	58	37	16	12	51	0	140301826	540
1776389167625	S7_FullProtocolEndurance	7442345	PASSED	15	885	472	147	190	14	14	15	14	15	4	17	0	225883265	747
1776389171933	S8_InvestSettlementEdge	7442345	PASSED	50	244	100	0	0	0	0	50	66	16	12	51	0	101115625	400
1776389177388	S9_MultiAdapterMix	7442345	PASSED	50	1584	929	0	445	49	49	50	40	9	13	102	0	528885655	1535
1776389182360	S10_InterleavedOperations	7442345	PASSED	50	661	182	41	199	58	58	50	29	21	23	147	0	283282699	1026
1776389187373	S1_DepositRedeemMix	7452345	PASSED	50	1179	786	387	0	0	0	0	0	4	2	51	0	275862588	1093
1776389192201	S2_AsyncRedeemFullCycle	7452345	PASSED	50	425	52	0	262	48	48	0	0	9	6	151	0	250728152	902
1776389198099	S3_RebalanceSettlement	7452345	PASSED	50	1732	884	0	626	48	48	50	58	9	9	201	0	692192385	1982
1776389202345	S4_ExchangeRateFeeAccrual	7452345	PASSED	50	234	139	36	0	0	0	0	0	50	9	50	0	67602790	316
1776389208016	S5_SanctionedUserInterlace	7452345	PASSED	50	2213	1784	368	17	17	17	0	0	6	4	51	0	551566284	1770
1776389212451	S6_InFlightEdgeCases	7452345	PASSED	50	406	137	16	77	28	28	58	34	16	12	51	0	142558338	531
1776389217099	S7_FullProtocolEndurance	7452345	PASSED	15	804	429	98	201	15	15	15	12	15	4	17	0	211272321	693
1776389221445	S8_InvestSettlementEdge	7452345	PASSED	50	238	100	0	0	0	0	50	60	16	12	51	0	98763679	411
1776389226807	S9_MultiAdapterMix	7452345	PASSED	50	1493	867	0	393	49	49	50	63	9	13	102	0	499248153	1472
1776389231834	S10_InterleavedOperations	7452345	PASSED	50	730	213	49	226	57	57	50	36	20	22	148	0	308434614	1114
1776389236842	S1_DepositRedeemMix	7462345	PASSED	50	1139	750	383	0	0	0	0	0	4	2	51	0	266971834	1058
1776389241776	S2_AsyncRedeemFullCycle	7462345	PASSED	50	512	58	0	341	49	49	0	0	9	6	151	0	295176692	1027
1776389247682	S3_RebalanceSettlement	7462345	PASSED	50	1731	855	0	640	49	49	50	70	9	9	201	0	700608136	1988
1776389251891	S4_ExchangeRateFeeAccrual	7462345	PASSED	50	228	142	27	0	0	0	0	0	50	9	50	0	66446637	308
1776389257399	S5_SanctionedUserInterlace	7462345	PASSED	50	2010	1679	270	17	17	17	0	0	6	4	51	0	492449293	1598
1776389261883	S6_InFlightEdgeCases	7462345	PASSED	50	394	136	15	69	26	26	58	36	16	12	51	0	141901177	523
1776389266606	S7_FullProtocolEndurance	7462345	PASSED	15	1061	653	151	174	15	15	15	19	15	4	17	0	255853505	837
1776389270920	S8_InvestSettlementEdge	7462345	PASSED	50	244	100	0	0	0	0	50	66	16	12	51	0	101212333	404
1776389276410	S9_MultiAdapterMix	7462345	PASSED	50	1605	928	0	448	50	50	50	57	9	13	102	0	540778853	1559
1776389281388	S10_InterleavedOperations	7462345	PASSED	50	690	211	34	204	56	56	50	35	21	23	146	0	290606428	1037
1776389286487	S1_DepositRedeemMix	7472345	PASSED	50	1256	816	434	0	0	0	0	0	4	2	51	0	296539934	1197
1776389291431	S2_AsyncRedeemFullCycle	7472345	PASSED	50	499	55	0	329	50	50	0	0	9	6	151	0	290066186	991
1776389297414	S3_RebalanceSettlement	7472345	PASSED	50	1816	902	0	676	49	49	50	72	9	9	201	0	737225379	2058
1776389301679	S4_ExchangeRateFeeAccrual	7472345	PASSED	50	210	134	17	0	0	0	0	0	50	9	50	0	63570475	319
1776389307295	S5_SanctionedUserInterlace	7472345	PASSED	50	2191	1815	315	17	17	17	0	0	6	4	51	0	539574558	1715
1776389311728	S6_InFlightEdgeCases	7472345	PASSED	50	396	135	10	79	28	28	58	30	16	12	51	0	143538482	538
1776389316367	S7_FullProtocolEndurance	7472345	PASSED	15	896	504	129	185	15	15	15	14	15	4	17	0	224265061	730
1776389320701	S8_InvestSettlementEdge	7472345	PASSED	50	244	100	0	0	0	0	50	66	16	12	51	0	101111205	399
1776389326045	S9_MultiAdapterMix	7472345	PASSED	50	1378	730	0	437	50	50	50	39	9	13	102	0	475811973	1427
1776389331050	S10_InterleavedOperations	7472345	PASSED	50	708	213	47	198	61	61	50	34	21	23	149	0	294870631	1054
1776389336164	S1_DepositRedeemMix	7482345	PASSED	50	1336	858	472	0	0	0	0	0	4	2	51	0	314218494	1207
1776389341054	S2_AsyncRedeemFullCycle	7482345	PASSED	50	470	52	0	303	50	50	0	0	9	6	151	0	274212553	929
1776389347001	S3_RebalanceSettlement	7482345	PASSED	50	1773	860	0	681	50	50	50	64	9	9	201	0	728787837	2026
1776389351232	S4_ExchangeRateFeeAccrual	7482345	PASSED	50	200	116	25	0	0	0	0	0	50	9	50	0	62252890	295
1776389356869	S5_SanctionedUserInterlace	7482345	PASSED	50	2194	1712	421	17	17	17	0	0	6	4	51	0	548328505	1725
1776389361302	S6_InFlightEdgeCases	7482345	PASSED	50	392	135	22	71	26	26	58	26	16	12	51	0	138177863	524
1776389365919	S7_FullProtocolEndurance	7482345	PASSED	15	889	502	108	201	14	14	15	16	15	4	17	0	228139645	732
1776389370229	S8_InvestSettlementEdge	7482345	PASSED	50	241	100	0	0	0	0	50	63	16	12	51	0	99929800	397
1776389375576	S9_MultiAdapterMix	7482345	PASSED	50	1427	824	0	388	50	50	50	43	9	13	102	0	471401633	1410
1776389380548	S10_InterleavedOperations	7482345	PASSED	50	632	182	33	173	59	59	50	32	21	23	149	0	270386681	1046
1776389385707	S1_DepositRedeemMix	7492345	PASSED	50	1382	920	456	0	0	0	0	0	4	2	51	0	324590959	1246
1776389390612	S2_AsyncRedeemFullCycle	7492345	PASSED	50	473	55	0	305	49	49	0	0	9	6	151	0	273887156	941
1776389396613	S3_RebalanceSettlement	7492345	PASSED	50	1820	959	0	634	50	50	50	59	9	9	201	0	719291327	2054
1776389400833	S4_ExchangeRateFeeAccrual	7492345	PASSED	50	203	126	18	0	0	0	0	0	50	9	50	0	62564502	292
1776389406412	S5_SanctionedUserInterlace	7492345	PASSED	50	2118	1704	353	17	17	17	0	0	6	4	51	0	525251496	1686
1776389410832	S6_InFlightEdgeCases	7492345	PASSED	50	383	119	14	75	30	30	58	29	16	12	51	0	136862482	512
1776389415514	S7_FullProtocolEndurance	7492345	PASSED	15	858	523	109	146	15	15	15	16	15	4	17	0	205059548	714
1776389419831	S8_InvestSettlementEdge	7492345	PASSED	50	237	100	0	0	0	0	50	59	16	12	51	0	98211300	398
1776389425295	S9_MultiAdapterMix	7492345	PASSED	50	1591	893	0	476	50	50	50	50	9	13	102	0	543626210	1548
1776389430246	S10_InterleavedOperations	7492345	PASSED	50	658	200	32	193	54	54	50	33	20	22	144	0	280281538	1012
1776389435311	S1_DepositRedeemMix	7502345	PASSED	50	1241	793	442	0	0	0	0	0	4	2	51	0	291658408	1136
1776389440163	S2_AsyncRedeemFullCycle	7502345	PASSED	50	478	55	0	308	50	50	0	0	9	6	151	0	277379119	941
1776389446005	S3_RebalanceSettlement	7502345	PASSED	50	1663	801	0	645	49	49	50	51	9	9	201	0	678536889	1916
1776389450221	S4_ExchangeRateFeeAccrual	7502345	PASSED	50	199	121	19	0	0	0	0	0	50	9	50	0	62073816	294
1776389455861	S5_SanctionedUserInterlace	7502345	PASSED	50	2146	1764	321	17	17	17	0	0	6	4	51	0	529621424	1731
1776389460356	S6_InFlightEdgeCases	7502345	PASSED	50	449	163	14	95	29	29	58	33	16	12	51	0	155700876	559
1776389465104	S7_FullProtocolEndurance	7502345	PASSED	15	960	535	141	204	15	15	15	16	15	4	17	0	244901674	813
1776389469450	S8_InvestSettlementEdge	7502345	PASSED	50	242	100	0	0	0	0	50	64	16	12	51	0	100419044	411
1776389474806	S9_MultiAdapterMix	7502345	PASSED	50	1486	849	0	423	48	48	50	46	9	13	102	0	498693684	1455
1776389479768	S10_InterleavedOperations	7502345	PASSED	50	681	197	40	194	61	61	50	34	21	23	150	0	287385664	1065
1776389484820	S1_DepositRedeemMix	7512345	PASSED	50	1281	846	429	0	0	0	0	0	4	2	51	0	300194038	1155
1776389489607	S2_AsyncRedeemFullCycle	7512345	PASSED	50	438	55	0	270	49	49	0	0	9	6	151	0	254555802	903
1776389495470	S3_RebalanceSettlement	7512345	PASSED	50	1689	880	0	585	50	50	50	56	9	9	201	0	664892123	1937
1776389499653	S4_ExchangeRateFeeAccrual	7512345	PASSED	50	181	101	21	0	0	0	0	0	50	9	50	0	59523986	280
1776389505289	S5_SanctionedUserInterlace	7512345	PASSED	50	2133	1682	390	17	17	17	0	0	6	4	51	0	532606629	1746
1776389509744	S6_InFlightEdgeCases	7512345	PASSED	50	392	135	20	68	26	26	58	31	16	12	51	0	138846908	526
1776389514483	S7_FullProtocolEndurance	7512345	PASSED	15	974	567	144	187	15	15	15	12	15	4	17	0	240882765	811
1776389518809	S8_InvestSettlementEdge	7512345	PASSED	50	242	100	0	0	0	0	50	64	16	12	51	0	100225415	397
1776389524339	S9_MultiAdapterMix	7512345	PASSED	50	1670	962	0	487	50	50	50	49	9	13	102	0	571446627	1602
1776389529264	S10_InterleavedOperations	7512345	PASSED	50	647	172	46	188	60	60	50	29	20	22	149	0	278862969	1014
1776389534262	S1_DepositRedeemMix	7522345	PASSED	50	1199	805	388	0	0	0	0	0	4	2	51	0	280566380	1096
1776389539218	S2_AsyncRedeemFullCycle	7522345	PASSED	50	473	53	0	305	50	50	0	0	9	6	151	0	273677293	1027
1776389545136	S3_RebalanceSettlement	7522345	PASSED	50	1764	907	0	616	50	50	50	73	9	9	201	0	700639834	2011
1776389549335	S4_ExchangeRateFeeAccrual	7522345	PASSED	50	204	119	26	0	0	0	0	0	50	9	50	0	62823910	297
1776389554993	S5_SanctionedUserInterlace	7522345	PASSED	50	2219	1813	345	17	17	17	0	0	6	4	51	0	550391910	1751
1776389559481	S6_InFlightEdgeCases	7522345	PASSED	50	412	154	9	79	26	26	58	32	16	12	51	0	145750641	558
1776389564170	S7_FullProtocolEndurance	7522345	PASSED	15	938	488	145	226	15	15	15	15	15	4	17	0	246253817	771
1776389568513	S8_InvestSettlementEdge	7522345	PASSED	50	244	100	0	0	0	0	50	66	16	12	51	0	101165417	407
1776389573885	S9_MultiAdapterMix	7522345	PASSED	50	1515	881	0	421	50	50	50	41	9	13	102	0	503290041	1472
1776389578825	S10_InterleavedOperations	7522345	PASSED	50	650	191	29	196	56	56	50	30	20	22	146	0	279030410	1011
1776389583992	S1_DepositRedeemMix	7532345	PASSED	50	1377	902	469	0	0	0	0	0	4	2	51	0	326094936	1236
1776389588808	S2_AsyncRedeemFullCycle	7532345	PASSED	50	419	53	0	257	47	47	0	0	9	6	151	0	247093530	868
1776389594788	S3_RebalanceSettlement	7532345	PASSED	50	1796	911	0	650	49	49	50	69	9	9	201	0	721467860	2056
1776389598992	S4_ExchangeRateFeeAccrual	7532345	PASSED	50	220	136	25	0	0	0	0	0	50	9	50	0	65330110	308
1776389604553	S5_SanctionedUserInterlace	7532345	PASSED	50	2034	1636	337	17	17	17	0	0	6	4	51	0	497971255	1626
1776389609004	S6_InFlightEdgeCases	7532345	PASSED	50	416	158	23	75	22	22	58	30	16	12	51	0	143962842	535
1776389613687	S7_FullProtocolEndurance	7532345	PASSED	15	858	492	86	203	15	15	15	13	15	4	17	0	221055663	764
1776389617998	S8_InvestSettlementEdge	7532345	PASSED	50	244	100	0	0	0	0	50	66	16	12	51	0	101179648	402
1776389623510	S9_MultiAdapterMix	7532345	PASSED	50	1633	897	0	512	50	50	50	52	9	13	102	0	568117438	1609
1776389628430	S10_InterleavedOperations	7532345	PASSED	50	654	186	45	188	56	56	50	31	20	22	146	0	278292916	1012
1776389633478	S1_DepositRedeemMix	7542345	PASSED	50	1201	782	413	0	0	0	0	0	4	2	51	0	281567560	1119
1776389638407	S2_AsyncRedeemFullCycle	7542345	PASSED	50	528	62	0	351	50	50	0	0	9	6	151	0	301640737	999
1776389644192	S3_RebalanceSettlement	7542345	PASSED	50	1607	828	0	563	49	49	50	50	9	9	201	0	637775654	1871
1776389648375	S4_ExchangeRateFeeAccrual	7542345	PASSED	50	184	106	19	0	0	0	0	0	50	9	50	0	59589278	281
1776389653885	S5_SanctionedUserInterlace	7542345	PASSED	50	1956	1602	293	17	17	17	0	0	6	4	51	0	478188946	1589
1776389658323	S6_InFlightEdgeCases	7542345	PASSED	50	374	127	13	75	24	24	58	25	16	12	51	0	135995343	534
1776389662901	S7_FullProtocolEndurance	7542345	PASSED	15	820	454	128	160	15	15	15	14	15	4	17	0	202586093	672
1776389667221	S8_InvestSettlementEdge	7542345	PASSED	50	242	100	0	0	0	0	50	64	16	12	51	0	100349962	398
1776389672630	S9_MultiAdapterMix	7542345	PASSED	50	1532	881	0	430	49	49	50	51	9	13	102	0	514436006	1503
1776389677579	S10_InterleavedOperations	7542345	PASSED	50	656	186	43	184	56	56	50	37	21	23	146	0	278376835	1027
1776389682701	S1_DepositRedeemMix	7552345	PASSED	50	1364	886	472	0	0	0	0	0	4	2	51	0	320291729	1207
1776389687557	S2_AsyncRedeemFullCycle	7552345	PASSED	50	454	52	0	287	50	50	0	0	9	6	151	0	264973775	933
1776389693464	S3_RebalanceSettlement	7552345	PASSED	50	1788	925	0	636	50	50	50	59	9	9	201	0	711532017	2014
1776389697658	S4_ExchangeRateFeeAccrual	7552345	PASSED	50	165	94	12	0	0	0	0	0	50	9	50	0	56763121	278
1776389703404	S5_SanctionedUserInterlace	7552345	PASSED	50	2370	1901	408	17	17	17	0	0	6	4	51	0	597357205	1841
1776389707862	S6_InFlightEdgeCases	7552345	PASSED	50	418	148	14	85	25	25	58	35	16	12	51	0	147469739	563
1776389712571	S7_FullProtocolEndurance	7552345	PASSED	15	924	531	114	201	15	15	15	14	15	4	17	0	235129864	756
1776389716900	S8_InvestSettlementEdge	7552345	PASSED	50	243	100	0	0	0	0	50	65	16	12	51	0	100736656	399
1776389722247	S9_MultiAdapterMix	7552345	PASSED	50	1457	846	0	394	50	50	50	45	9	13	102	0	482068614	1451
1776389727270	S10_InterleavedOperations	7552345	PASSED	50	752	227	40	232	61	61	50	37	21	23	149	0	313740935	1104
1776389732275	S1_DepositRedeemMix	7562345	PASSED	50	1170	784	380	0	0	0	0	0	4	2	51	0	273559489	1093
1776389737218	S2_AsyncRedeemFullCycle	7562345	PASSED	50	485	54	0	316	50	50	0	0	9	6	151	0	282629268	981
1776389743187	S3_RebalanceSettlement	7562345	PASSED	50	1667	801	0	639	50	50	50	59	9	9	201	0	680590001	2047
1776389747422	S4_ExchangeRateFeeAccrual	7562345	PASSED	50	204	116	29	0	0	0	0	0	50	9	50	0	63488977	308
1776389752948	S5_SanctionedUserInterlace	7562345	PASSED	50	2029	1691	280	16	16	16	0	0	6	4	51	0	497930404	1607
1776389757463	S6_InFlightEdgeCases	7562345	PASSED	50	407	144	20	71	27	27	58	32	16	12	51	0	143574400	558
1776389762045	S7_FullProtocolEndurance	7562345	PASSED	15	799	483	90	144	15	15	15	18	15	4	17	0	194109635	651
1776389766339	S8_InvestSettlementEdge	7562345	PASSED	50	246	100	0	0	0	0	50	68	16	12	51	0	102189596	399
1776389771719	S9_MultiAdapterMix	7562345	PASSED	50	1471	853	0	392	49	49	50	56	9	13	102	0	489280129	1451
1776389776766	S10_InterleavedOperations	7562345	PASSED	50	678	194	46	193	58	58	50	35	21	23	147	0	286673490	1125
1776389781795	S1_DepositRedeemMix	7572345	PASSED	50	1198	789	403	0	0	0	0	0	4	2	51	0	281120903	1112
1776389786747	S2_AsyncRedeemFullCycle	7572345	PASSED	50	553	60	0	378	50	50	0	0	9	6	151	0	316439458	1023
1776389792595	S3_RebalanceSettlement	7572345	PASSED	50	1607	838	0	544	48	48	50	61	9	9	201	0	632930710	1897
1776389796819	S4_ExchangeRateFeeAccrual	7572345	PASSED	50	206	122	25	0	0	0	0	0	50	9	50	0	63287569	300
1776389802464	S5_SanctionedUserInterlace	7572345	PASSED	50	2181	1788	335	16	16	16	0	0	6	4	51	0	538283940	1724
1776389806912	S6_InFlightEdgeCases	7572345	PASSED	50	369	123	10	67	26	26	58	31	16	12	51	0	134878061	528
1776389811496	S7_FullProtocolEndurance	7572345	PASSED	15	832	458	132	168	15	15	15	10	15	4	17	0	206626827	689
1776389815813	S8_InvestSettlementEdge	7572345	PASSED	50	243	100	0	0	0	0	50	65	16	12	51	0	100641674	418
1776389821042	S9_MultiAdapterMix	7572345	PASSED	50	1279	681	0	387	50	50	50	39	9	13	102	0	436809386	1312
1776389825944	S10_InterleavedOperations	7572345	PASSED	50	653	212	29	177	55	55	50	31	21	23	147	0	274749254	1009
1776389830954	S1_DepositRedeemMix	7582345	PASSED	50	1187	763	418	0	0	0	0	0	4	2	51	0	278897331	1094
1776389835828	S2_AsyncRedeemFullCycle	7582345	PASSED	50	483	56	0	316	48	48	0	0	9	6	151	0	280741387	952
1776389841632	S3_RebalanceSettlement	7582345	PASSED	50	1552	753	0	579	48	48	50	56	9	9	201	0	628292745	1874
1776389845823	S4_ExchangeRateFeeAccrual	7582345	PASSED	50	220	132	29	0	0	0	0	0	50	9	50	0	65724173	306
1776389851564	S5_SanctionedUserInterlace	7582345	PASSED	50	2161	1770	330	17	17	17	0	0	6	4	51	0	538121186	1803
1776389855998	S6_InFlightEdgeCases	7582345	PASSED	50	370	117	14	70	28	28	58	27	16	12	51	0	133033358	503
1776389860634	S7_FullProtocolEndurance	7582345	PASSED	15	841	474	102	186	15	15	15	15	15	4	17	0	214597948	689
1776389864949	S8_InvestSettlementEdge	7582345	PASSED	50	239	100	0	0	0	0	50	61	16	12	51	0	98935289	393
1776389870280	S9_MultiAdapterMix	7582345	PASSED	50	1332	741	0	377	48	48	50	46	9	13	102	0	447418215	1408
1776389875233	S10_InterleavedOperations	7582345	PASSED	50	674	193	42	203	56	56	50	30	21	23	146	0	286774539	1030
1776389880236	S1_DepositRedeemMix	7592345	PASSED	50	1151	796	349	0	0	0	0	0	4	2	51	0	268979701	1077
1776389885175	S2_AsyncRedeemFullCycle	7592345	PASSED	50	513	55	0	343	50	50	0	0	9	6	151	0	296011808	1024
1776389891138	S3_RebalanceSettlement	7592345	PASSED	50	1729	776	0	721	50	50	50	64	9	9	201	0	729531713	2043
1776389895369	S4_ExchangeRateFeeAccrual	7592345	PASSED	50	210	128	23	0	0	0	0	0	50	9	50	0	63848710	306
1776389900986	S5_SanctionedUserInterlace	7592345	PASSED	50	2174	1719	394	17	17	17	0	0	6	4	51	0	537811989	1730
1776389905450	S6_InFlightEdgeCases	7592345	PASSED	50	405	143	8	91	26	26	58	25	16	12	51	0	146675540	558
1776389910175	S7_FullProtocolEndurance	7592345	PASSED	15	972	570	85	239	15	15	15	14	15	4	17	0	254991357	820
1776389914517	S8_InvestSettlementEdge	7592345	PASSED	50	238	100	0	0	0	0	50	60	16	12	51	0	98614167	400
1776389919816	S9_MultiAdapterMix	7592345	PASSED	50	1399	800	0	373	50	50	50	54	9	13	102	0	463751062	1398
1776389924818	S10_InterleavedOperations	7592345	PASSED	50	729	223	43	215	58	58	50	38	21	23	148	0	304302599	1075
1776389929926	S1_DepositRedeemMix	7602345	PASSED	50	1196	770	420	0	0	0	0	0	4	2	51	0	280567485	1142
1776389934780	S2_AsyncRedeemFullCycle	7602345	PASSED	50	450	54	0	285	48	48	0	0	9	6	151	0	264458087	913
1776389940764	S3_RebalanceSettlement	7602345	PASSED	50	1827	958	0	637	48	48	50	68	9	9	201	0	726631183	2070
1776389944982	S4_ExchangeRateFeeAccrual	7602345	PASSED	50	196	117	20	0	0	0	0	0	50	9	50	0	61772795	292
1776389950588	S5_SanctionedUserInterlace	7602345	PASSED	50	2128	1722	345	17	17	17	0	0	6	4	51	0	523491620	1696
1776389955041	S6_InFlightEdgeCases	7602345	PASSED	50	379	126	7	76	26	26	58	32	16	12	51	0	138396103	512
1776389959731	S7_FullProtocolEndurance	7602345	PASSED	15	944	569	99	202	14	14	15	12	15	4	17	0	237470169	772
1776389964024	S8_InvestSettlementEdge	7602345	PASSED	50	238	100	0	0	0	0	50	60	16	12	51	0	98592493	397
1776389969503	S9_MultiAdapterMix	7602345	PASSED	50	1593	869	0	500	49	49	50	54	9	13	102	0	554567058	1580
1776389974508	S10_InterleavedOperations	7602345	PASSED	50	714	226	41	201	60	60	50	32	21	23	150	0	295194792	1078
1776389979617	S1_DepositRedeemMix	7612345	PASSED	50	1310	854	450	0	0	0	0	0	4	2	51	0	307057982	1185
1776389984468	S2_AsyncRedeemFullCycle	7612345	PASSED	50	487	56	0	316	50	50	0	0	9	6	151	0	279869327	938
1776389990365	S3_RebalanceSettlement	7612345	PASSED	50	1726	891	0	599	50	50	50	68	9	9	201	0	685623459	1958
1776389994589	S4_ExchangeRateFeeAccrual	7612345	PASSED	50	216	128	29	0	0	0	0	0	50	9	50	0	65403186	309
1776390000231	S5_SanctionedUserInterlace	7612345	PASSED	50	2184	1750	373	17	17	17	0	0	6	4	51	0	536769130	1714
1776390004613	S6_InFlightEdgeCases	7612345	PASSED	50	310	107	8	43	19	19	58	28	16	12	51	0	116587705	456
1776390009300	S7_FullProtocolEndurance	7612345	PASSED	15	945	606	100	157	15	15	15	18	15	4	17	0	226603273	775
1776390013667	S8_InvestSettlementEdge	7612345	PASSED	50	241	100	0	0	0	0	50	63	16	12	51	0	99904436	403
1776390019068	S9_MultiAdapterMix	7612345	PASSED	50	1501	841	0	448	49	49	50	42	9	13	102	0	510552919	1482
1776390024048	S10_InterleavedOperations	7612345	PASSED	50	710	218	44	204	59	59	50	32	21	23	149	0	295090790	1073
1776390029042	S1_DepositRedeemMix	7622345	PASSED	50	1188	789	393	0	0	0	0	0	4	2	51	0	278067301	1096
1776390033957	S2_AsyncRedeemFullCycle	7622345	PASSED	50	505	54	0	336	50	50	0	0	9	6	151	0	292018775	989
1776390039985	S3_RebalanceSettlement	7622345	PASSED	50	1879	949	0	691	50	50	50	71	9	9	201	0	760904960	2104
1776390044178	S4_ExchangeRateFeeAccrual	7622345	PASSED	50	188	115	14	0	0	0	0	0	50	9	50	0	60255885	283
1776390049875	S5_SanctionedUserInterlace	7622345	PASSED	50	2124	1747	316	17	17	17	0	0	6	4	51	0	528116613	1759
1776390054335	S6_InFlightEdgeCases	7622345	PASSED	50	437	166	9	89	28	28	58	31	16	12	51	0	151124595	550
1776390059032	S7_FullProtocolEndurance	7622345	PASSED	15	949	548	169	154	15	15	15	14	15	4	17	0	225878045	763
1776390063365	S8_InvestSettlementEdge	7622345	PASSED	50	242	100	0	0	0	0	50	64	16	12	51	0	100564611	408
1776390068790	S9_MultiAdapterMix	7622345	PASSED	50	1542	871	0	457	49	49	50	44	9	13	102	0	526577456	1513
1776390073795	S10_InterleavedOperations	7622345	PASSED	50	585	157	36	161	54	54	50	29	21	23	144	0	255649920	1059
1776390078880	S1_DepositRedeemMix	7632345	PASSED	50	1343	866	471	0	0	0	0	0	4	2	51	0	315568699	1195
1776390083766	S2_AsyncRedeemFullCycle	7632345	PASSED	50	507	59	0	333	50	50	0	0	9	6	151	0	292244108	975
1776390089572	S3_RebalanceSettlement	7632345	PASSED	50	1556	810	0	518	48	48	50	64	9	9	201	0	610422017	1837
1776390093808	S4_ExchangeRateFeeAccrual	7632345	PASSED	50	217	138	20	0	0	0	0	0	50	9	50	0	64530013	319
1776390099436	S5_SanctionedUserInterlace	7632345	PASSED	50	2164	1762	341	17	17	17	0	0	6	4	51	0	535738346	1719
1776390103905	S6_InFlightEdgeCases	7632345	PASSED	50	430	150	8	96	30	30	58	30	16	12	51	0	152762222	553
1776390108538	S7_FullProtocolEndurance	7632345	PASSED	15	863	488	117	182	15	15	15	12	15	4	17	0	216136579	702
1776390112834	S8_InvestSettlementEdge	7632345	PASSED	50	244	100	0	0	0	0	50	66	16	12	51	0	101116027	397
1776390118407	S9_MultiAdapterMix	7632345	PASSED	50	1668	1007	0	434	50	50	50	55	9	13	102	0	551154839	1618
1776390123431	S10_InterleavedOperations	7632345	PASSED	50	726	214	34	228	62	62	50	32	21	23	150	0	307968955	1086
1776390128449	S1_DepositRedeemMix	7642345	PASSED	50	1199	802	391	0	0	0	0	0	4	2	51	0	282638155	1107
1776390133258	S2_AsyncRedeemFullCycle	7642345	PASSED	50	464	54	0	295	50	50	0	0	9	6	151	0	268965690	918
1776390139245	S3_RebalanceSettlement	7642345	PASSED	50	1738	883	0	631	50	50	50	56	9	9	201	0	695104173	2067
1776390143523	S4_ExchangeRateFeeAccrual	7642345	PASSED	50	210	128	23	0	0	0	0	0	50	9	50	0	63459700	333
1776390149265	S5_SanctionedUserInterlace	7642345	PASSED	50	2282	1799	422	17	17	17	0	0	6	4	51	0	572632203	1826
1776390153696	S6_InFlightEdgeCases	7642345	PASSED	50	366	118	23	63	23	23	58	30	16	12	51	0	134788369	518
1776390158321	S7_FullProtocolEndurance	7642345	PASSED	15	866	485	129	176	15	15	15	12	15	4	17	0	215892539	713
1776390162602	S8_InvestSettlementEdge	7642345	PASSED	50	242	100	0	0	0	0	50	64	16	12	51	0	100275753	397
1776390168071	S9_MultiAdapterMix	7642345	PASSED	50	1588	891	0	471	49	49	50	56	9	13	102	0	543843200	1562
1776390173104	S10_InterleavedOperations	7642345	PASSED	50	716	222	39	211	59	59	50	32	21	23	148	0	298858806	1115
1776390178255	S1_DepositRedeemMix	7652345	PASSED	50	1335	841	488	0	0	0	0	0	4	2	51	0	314757696	1217
1776390183152	S2_AsyncRedeemFullCycle	7652345	PASSED	50	508	53	0	342	49	49	0	0	9	6	151	0	294023198	974
1776390188985	S3_RebalanceSettlement	7652345	PASSED	50	1679	880	0	570	49	49	50	63	9	9	201	0	663321848	1920
1776390193198	S4_ExchangeRateFeeAccrual	7652345	PASSED	50	200	119	22	0	0	0	0	0	50	9	50	0	62266398	292
1776390198809	S5_SanctionedUserInterlace	7652345	PASSED	50	2154	1694	399	17	17	17	0	0	6	4	51	0	536732720	1711
1776390203214	S6_InFlightEdgeCases	7652345	PASSED	50	378	136	10	66	23	23	58	34	16	12	51	0	134618244	524
1776390207951	S7_FullProtocolEndurance	7652345	PASSED	15	995	553	143	225	15	15	15	10	15	4	17	0	255311627	824
1776390212238	S8_InvestSettlementEdge	7652345	PASSED	50	243	100	0	0	0	0	50	65	16	12	51	0	100728665	399
1776390217525	S9_MultiAdapterMix	7652345	PASSED	50	1378	769	0	394	50	50	50	43	9	13	102	0	461437939	1384
1776390222546	S10_InterleavedOperations	7652345	PASSED	50	699	213	43	202	58	58	50	31	21	23	148	0	292287503	1097
1776390227605	S1_DepositRedeemMix	7662345	PASSED	50	1191	772	413	0	0	0	0	0	4	2	51	0	279185139	1120
1776390232439	S2_AsyncRedeemFullCycle	7662345	PASSED	50	458	53	0	290	50	50	0	0	9	6	151	0	265895305	905
1776390238341	S3_RebalanceSettlement	7662345	PASSED	50	1707	812	0	666	50	50	50	61	9	9	201	0	700605849	1966
1776390242588	S4_ExchangeRateFeeAccrual	7662345	PASSED	50	249	152	38	0	0	0	0	0	50	9	50	0	70029385	334
1776390248289	S5_SanctionedUserInterlace	7662345	PASSED	50	2275	1878	336	17	17	17	0	0	6	4	51	0	567966203	1789
1776390252755	S6_InFlightEdgeCases	7662345	PASSED	50	423	137	19	86	32	32	58	31	16	12	51	0	149581134	554
1776390257370	S7_FullProtocolEndurance	7662345	PASSED	15	804	459	119	147	15	15	15	15	15	4	17	0	195767267	675
1776390261673	S8_InvestSettlementEdge	7662345	PASSED	50	238	100	0	0	0	0	50	60	16	12	51	0	98672692	409
1776390266982	S9_MultiAdapterMix	7662345	PASSED	50	1393	786	0	390	48	48	50	49	9	13	102	0	466491665	1387
1776390272027	S10_InterleavedOperations	7662345	PASSED	50	763	221	54	238	61	61	50	34	21	23	150	0	317709934	1125
1776390277076	S1_DepositRedeemMix	7672345	PASSED	50	1245	816	423	0	0	0	0	0	4	2	51	0	291728229	1147
1776390282044	S2_AsyncRedeemFullCycle	7672345	PASSED	50	465	55	0	295	50	50	0	0	9	6	151	0	269001977	1029
1776390287960	S3_RebalanceSettlement	7672345	PASSED	50	1762	894	0	635	50	50	50	65	9	9	201	0	705635029	2009
1776390292165	S4_ExchangeRateFeeAccrual	7672345	PASSED	50	193	113	21	0	0	0	0	0	50	9	50	0	61286560	289
1776390297756	S5_SanctionedUserInterlace	7672345	PASSED	50	2123	1682	380	17	17	17	0	0	6	4	51	0	528169522	1698
1776390302222	S6_InFlightEdgeCases	7672345	PASSED	50	370	116	12	77	27	27	58	25	16	12	51	0	138934531	537
1776390306854	S7_FullProtocolEndurance	7672345	PASSED	15	811	458	100	177	15	15	15	12	15	4	17	0	205717865	715
1776390311146	S8_InvestSettlementEdge	7672345	PASSED	50	242	100	0	0	0	0	50	64	16	12	51	0	100292283	401
1776390316454	S9_MultiAdapterMix	7672345	PASSED	50	1437	850	0	355	50	50	50	60	9	13	102	0	468983392	1418
1776390321537	S10_InterleavedOperations	7672345	PASSED	50	730	232	36	218	60	60	50	32	20	22	149	0	302968976	1152
1776390326627	S1_DepositRedeemMix	7682345	PASSED	50	1279	823	450	0	0	0	0	0	4	2	51	0	300462261	1188
1776390331617	S2_AsyncRedeemFullCycle	7682345	PASSED	50	561	59	0	387	50	50	0	0	9	6	151	0	321915645	1075
1776390337584	S3_RebalanceSettlement	7682345	PASSED	50	1829	947	0	647	50	50	50	67	9	9	201	0	727857642	2029
1776390341809	S4_ExchangeRateFeeAccrual	7682345	PASSED	50	225	136	30	0	0	0	0	0	50	9	50	0	66313220	314
1776390347367	S5_SanctionedUserInterlace	7682345	PASSED	50	2041	1660	320	17	17	17	0	0	6	4	51	0	506374371	1636
1776390351849	S6_InFlightEdgeCases	7682345	PASSED	50	398	133	13	79	29	29	58	29	16	12	51	0	141391640	531
1776390356478	S7_FullProtocolEndurance	7682345	PASSED	15	910	548	121	163	15	15	15	14	15	4	17	0	220120016	731
1776390360786	S8_InvestSettlementEdge	7682345	PASSED	50	239	100	0	0	0	0	50	61	16	12	51	0	98973361	396
1776390366140	S9_MultiAdapterMix	7682345	PASSED	50	1418	815	0	385	48	48	50	50	9	13	102	0	474870943	1449
1776390371062	S10_InterleavedOperations	7682345	PASSED	50	652	186	33	190	57	57	50	35	21	23	148	0	280210967	1014
1776390376172	S1_DepositRedeemMix	7692345	PASSED	50	1281	826	449	0	0	0	0	0	4	2	51	0	300851948	1211
1776390381040	S2_AsyncRedeemFullCycle	7692345	PASSED	50	450	58	0	281	48	48	0	0	9	6	151	0	261998035	969
1776390386859	S3_RebalanceSettlement	7692345	PASSED	50	1655	868	0	565	47	47	50	60	9	9	201	0	651857108	1893
1776390391086	S4_ExchangeRateFeeAccrual	7692345	PASSED	50	213	132	22	0	0	0	0	0	50	9	50	0	64362200	305
1776390396756	S5_SanctionedUserInterlace	7692345	PASSED	50	2153	1701	391	17	17	17	0	0	6	4	51	0	531273827	1724
1776390401178	S6_InFlightEdgeCases	7692345	PASSED	50	385	137	10	70	26	26	58	30	16	12	51	0	136046250	517
1776390405873	S7_FullProtocolEndurance	7692345	PASSED	15	917	461	170	210	15	15	15	12	15	4	17	0	237076452	766
1776390410214	S8_InvestSettlementEdge	7692345	PASSED	50	245	100	0	0	0	0	50	67	16	12	51	0	101549694	400
1776390415550	S9_MultiAdapterMix	7692345	PASSED	50	1439	816	0	407	48	48	50	48	9	13	102	0	482774969	1432
1776390420546	S10_InterleavedOperations	7692345	PASSED	50	662	204	32	195	56	56	50	25	21	23	146	0	279816766	1056
1776390425619	S1_DepositRedeemMix	7702345	PASSED	50	1274	840	428	0	0	0	0	0	4	2	51	0	300645165	1165
1776390430495	S2_AsyncRedeemFullCycle	7702345	PASSED	50	504	54	0	335	50	50	0	0	9	6	151	0	292403169	975
1776390436571	S3_RebalanceSettlement	7702345	PASSED	50	1940	966	0	732	50	50	50	74	9	9	201	0	793477294	2140
1776390440810	S4_ExchangeRateFeeAccrual	7702345	PASSED	50	228	137	32	0	0	0	0	0	50	9	50	0	66475571	311
1776390446564	S5_SanctionedUserInterlace	7702345	PASSED	50	2346	1890	395	17	17	17	0	0	6	4	51	0	589632098	1831
1776390450989	S6_InFlightEdgeCases	7702345	PASSED	50	397	130	17	79	27	27	58	31	16	12	51	0	142642756	527
1776390455597	S7_FullProtocolEndurance	7702345	PASSED	15	821	425	120	201	14	14	15	13	15	4	17	0	216017624	698
1776390459910	S8_InvestSettlementEdge	7702345	PASSED	50	241	100	0	0	0	0	50	63	16	12	51	0	99911263	401
1776390465408	S9_MultiAdapterMix	7702345	PASSED	50	1618	866	0	527	50	50	50	53	9	13	102	0	569600463	1595
1776390470468	S10_InterleavedOperations	7702345	PASSED	50	703	214	48	193	60	60	50	34	21	23	148	0	291404101	1103
1776390475536	S1_DepositRedeemMix	7712345	PASSED	50	1228	791	431	0	0	0	0	0	4	2	51	0	288327089	1157
1776390480360	S2_AsyncRedeemFullCycle	7712345	PASSED	50	450	53	0	284	49	49	0	0	9	6	151	0	262049324	900
1776390486523	S3_RebalanceSettlement	7712345	PASSED	50	1899	901	0	763	50	50	50	67	9	9	201	0	795934847	2230
1776390490753	S4_ExchangeRateFeeAccrual	7712345	PASSED	50	224	132	33	0	0	0	0	0	50	9	50	0	65878506	310
1776390496318	S5_SanctionedUserInterlace	7712345	PASSED	50	2053	1602	390	17	17	17	0	0	6	4	51	0	507202940	1657
1776390500708	S6_InFlightEdgeCases	7712345	PASSED	50	368	125	19	69	23	23	58	23	16	12	51	0	131592095	503
1776390505354	S7_FullProtocolEndurance	7712345	PASSED	15	881	504	133	168	15	15	15	12	15	4	17	0	216648534	721
1776390509684	S8_InvestSettlementEdge	7712345	PASSED	50	238	100	0	0	0	0	50	60	16	12	51	0	98743272	402
1776390515033	S9_MultiAdapterMix	7712345	PASSED	50	1454	806	0	427	50	50	50	49	9	13	102	0	493283166	1444
1776390520047	S10_InterleavedOperations	7712345	PASSED	50	767	247	45	234	57	57	50	35	20	22	146	0	315308527	1115
1776390525101	S1_DepositRedeemMix	7722345	PASSED	50	1239	837	396	0	0	0	0	0	4	2	51	0	289640969	1135
1776390529990	S2_AsyncRedeemFullCycle	7722345	PASSED	50	451	53	0	285	49	49	0	0	9	6	151	0	261492244	921
1776390535843	S3_RebalanceSettlement	7722345	PASSED	50	1668	888	0	561	49	49	50	53	9	9	201	0	651181524	1905
1776390540032	S4_ExchangeRateFeeAccrual	7722345	PASSED	50	196	115	22	0	0	0	0	0	50	9	50	0	61919507	292
1776390545687	S5_SanctionedUserInterlace	7722345	PASSED	50	2191	1789	341	17	17	17	0	0	6	4	51	0	549819431	1746
1776390550142	S6_InFlightEdgeCases	7722345	PASSED	50	418	143	18	77	30	30	58	34	16	12	51	0	148337399	543
1776390554839	S7_FullProtocolEndurance	7722345	PASSED	15	932	515	130	209	15	15	15	14	15	4	17	0	239262995	776
1776390559136	S8_InvestSettlementEdge	7722345	PASSED	50	242	100	0	0	0	0	50	64	16	12	51	0	100304558	418
1776390564428	S9_MultiAdapterMix	7722345	PASSED	50	1349	752	0	382	50	50	50	43	9	13	102	0	451408153	1379
1776390569379	S10_InterleavedOperations	7722345	PASSED	50	712	214	47	210	60	60	50	27	21	23	149	0	295692326	1071
1776390574448	S1_DepositRedeemMix	7732345	PASSED	50	1312	868	438	0	0	0	0	0	4	2	51	0	307525774	1176
1776390579382	S2_AsyncRedeemFullCycle	7732345	PASSED	50	497	58	0	332	46	46	0	0	9	6	151	0	287873359	972
1776390585294	S3_RebalanceSettlement	7732345	PASSED	50	1704	804	0	668	50	50	50	64	9	9	201	0	701574885	1979
1776390589517	S4_ExchangeRateFeeAccrual	7732345	PASSED	50	207	116	32	0	0	0	0	0	50	9	50	0	63261734	321
1776390595066	S5_SanctionedUserInterlace	7732345	PASSED	50	1975	1597	317	17	17	17	0	0	6	4	51	0	485262553	1590
1776390599558	S6_InFlightEdgeCases	7732345	PASSED	50	406	148	17	66	26	26	58	37	16	12	51	0	142210455	589
1776390604107	S7_FullProtocolEndurance	7732345	PASSED	15	759	391	119	172	15	15	15	13	15	4	17	0	195063428	642
1776390608461	S8_InvestSettlementEdge	7732345	PASSED	50	244	100	0	0	0	0	50	66	16	12	51	0	101219147	412
1776390613971	S9_MultiAdapterMix	7732345	PASSED	50	1614	973	0	428	47	47	50	47	9	13	102	0	533402272	1557
1776390618899	S10_InterleavedOperations	7732345	PASSED	50	659	210	31	184	56	56	50	30	20	22	145	0	275718126	1013
1776390623959	S1_DepositRedeemMix	7742345	PASSED	50	1255	811	438	0	0	0	0	0	4	2	51	0	294461821	1145
1776390628800	S2_AsyncRedeemFullCycle	7742345	PASSED	50	452	56	0	283	49	49	0	0	9	6	151	0	262040306	907
1776390634795	S3_RebalanceSettlement	7742345	PASSED	50	1842	944	0	664	50	50	50	66	9	9	201	0	738941656	2071
1776390639001	S4_ExchangeRateFeeAccrual	7742345	PASSED	50	175	97	19	0	0	0	0	0	50	9	50	0	58450880	279
1776390644669	S5_SanctionedUserInterlace	7742345	PASSED	50	2217	1793	363	17	17	17	0	0	6	4	51	0	553357521	1755
1776390649117	S6_InFlightEdgeCases	7742345	PASSED	50	415	145	16	79	30	30	58	29	16	12	51	0	143662417	535
1776390653760	S7_FullProtocolEndurance	7742345	PASSED	15	874	479	122	196	15	15	15	13	15	4	17	0	223055356	723
1776390658087	S8_InvestSettlementEdge	7742345	PASSED	50	240	100	0	0	0	0	50	62	16	12	51	0	99550939	410
1776390663490	S9_MultiAdapterMix	7742345	PASSED	50	1492	861	0	419	50	50	50	40	9	13	102	0	499690054	1489
1776390668382	S10_InterleavedOperations	7742345	PASSED	50	639	191	51	159	58	58	50	30	20	22	149	0	268566536	998
1776390673370	S1_DepositRedeemMix	7752345	PASSED	50	1167	766	395	0	0	0	0	0	4	2	51	0	273473362	1103
1776390678183	S2_AsyncRedeemFullCycle	7752345	PASSED	50	453	57	0	281	50	50	0	0	9	6	151	0	262312553	915
1776390684227	S3_RebalanceSettlement	7752345	PASSED	50	1842	909	0	707	50	50	50	58	9	9	201	0	751448367	2155
1776390688398	S4_ExchangeRateFeeAccrual	7752345	PASSED	50	182	111	12	0	0	0	0	0	50	9	50	0	59420797	281
1776390693948	S5_SanctionedUserInterlace	7752345	PASSED	50	2098	1694	343	17	17	17	0	0	6	4	51	0	516736752	1660
1776390698376	S6_InFlightEdgeCases	7752345	PASSED	50	422	163	17	69	28	28	58	31	16	12	51	0	142857486	549
1776390702978	S7_FullProtocolEndurance	7752345	PASSED	15	905	543	127	156	15	15	15	15	15	4	17	0	217048104	731
1776390707325	S8_InvestSettlementEdge	7752345	PASSED	50	240	100	0	0	0	0	50	62	16	12	51	0	99571020	411
1776390712708	S9_MultiAdapterMix	7752345	PASSED	50	1486	852	0	412	49	49	50	52	9	13	102	0	497785253	1476
1776390717595	S10_InterleavedOperations	7752345	PASSED	50	611	179	40	169	53	53	50	25	20	22	143	0	262076248	1001
1776390722754	S1_DepositRedeemMix	7762345	PASSED	50	1423	937	480	0	0	0	0	0	4	2	51	0	337340197	1252
1776390727593	S2_AsyncRedeemFullCycle	7762345	PASSED	50	465	53	0	297	50	50	0	0	9	6	151	0	270974630	948
1776390733473	S3_RebalanceSettlement	7762345	PASSED	50	1792	942	0	608	49	49	50	76	9	9	201	0	707566340	2006
1776390737651	S4_ExchangeRateFeeAccrual	7762345	PASSED	50	188	106	23	0	0	0	0	0	50	9	50	0	60575612	303
1776390743306	S5_SanctionedUserInterlace	7762345	PASSED	50	2173	1757	355	17	17	17	0	0	6	4	51	0	541889296	1783
1776390747758	S6_InFlightEdgeCases	7762345	PASSED	50	411	148	16	75	27	27	58	32	16	12	51	0	143324552	543
1776390752292	S7_FullProtocolEndurance	7762345	PASSED	15	827	461	130	158	15	15	15	14	15	4	17	0	202913694	677
1776390756603	S8_InvestSettlementEdge	7762345	PASSED	50	238	100	0	0	0	0	50	60	16	12	51	0	98631087	415
1776390762029	S9_MultiAdapterMix	7762345	PASSED	50	1544	846	0	480	49	49	50	48	9	13	102	0	533194382	1529
1776390766964	S10_InterleavedOperations	7762345	PASSED	50	667	181	48	197	59	59	50	29	21	23	147	0	283731661	1033
1776390772074	S1_DepositRedeemMix	7772345	PASSED	50	1262	847	409	0	0	0	0	0	4	2	51	0	295262672	1167
1776390776865	S2_AsyncRedeemFullCycle	7772345	PASSED	50	442	54	0	273	50	50	0	0	9	6	151	0	257420672	892
1776390782808	S3_RebalanceSettlement	7772345	PASSED	50	1828	898	0	703	50	50	50	59	9	9	201	0	751330935	2071
1776390786992	S4_ExchangeRateFeeAccrual	7772345	PASSED	50	201	125	17	0	0	0	0	0	50	9	50	0	62262121	295
1776390792541	S5_SanctionedUserInterlace	7772345	PASSED	50	2058	1683	314	17	17	17	0	0	6	4	51	0	514973004	1658
1776390796974	S6_InFlightEdgeCases	7772345	PASSED	50	415	157	18	71	26	26	58	31	16	12	51	0	142339893	538
1776390801720	S7_FullProtocolEndurance	7772345	PASSED	15	982	555	142	210	15	15	15	11	15	4	17	0	248555826	825
1776390806028	S8_InvestSettlementEdge	7772345	PASSED	50	242	100	0	0	0	0	50	64	16	12	51	0	100408407	400
1776390811319	S9_MultiAdapterMix	7772345	PASSED	50	1367	793	0	371	50	50	50	31	9	13	102	0	448162943	1374
1776390816229	S10_InterleavedOperations	7772345	PASSED	50	662	185	35	202	57	57	50	32	21	23	148	0	285711291	1040
1776390821263	S1_DepositRedeemMix	7782345	PASSED	50	1271	835	430	0	0	0	0	0	4	2	51	0	297852046	1153
1776390826156	S2_AsyncRedeemFullCycle	7782345	PASSED	50	538	60	0	365	49	49	0	0	9	6	151	0	307663692	1021
1776390831985	S3_RebalanceSettlement	7782345	PASSED	50	1677	874	0	573	48	48	50	66	9	9	201	0	661180141	1914
1776390836192	S4_ExchangeRateFeeAccrual	7782345	PASSED	50	179	104	16	0	0	0	0	0	50	9	50	0	58876481	298
1776390841735	S5_SanctionedUserInterlace	7782345	PASSED	50	2056	1666	329	17	17	17	0	0	6	4	51	0	505182196	1647
1776390846121	S6_InFlightEdgeCases	7782345	PASSED	50	393	127	16	75	26	26	58	37	16	12	51	0	142974982	523
1776390850783	S7_FullProtocolEndurance	7782345	PASSED	15	927	542	102	206	13	13	15	17	15	4	17	0	236912392	752
1776390855080	S8_InvestSettlementEdge	7782345	PASSED	50	239	100	0	0	0	0	50	61	16	12	51	0	98978388	413
1776390860456	S9_MultiAdapterMix	7782345	PASSED	50	1519	850	0	446	50	50	50	51	9	13	102	0	515649408	1509
1776390865355	S10_InterleavedOperations	7782345	PASSED	50	652	182	31	194	58	58	50	35	21	23	148	0	281717171	1018
1776390870508	S1_DepositRedeemMix	7792345	PASSED	50	1353	906	441	0	0	0	0	0	4	2	51	0	317244978	1240
1776390875402	S2_AsyncRedeemFullCycle	7792345	PASSED	50	475	55	0	307	49	49	0	0	9	6	151	0	276153521	948
1776390881216	S3_RebalanceSettlement	7792345	PASSED	50	1649	812	0	607	50	50	50	62	9	9	201	0	665130099	1927
1776390885424	S4_ExchangeRateFeeAccrual	7792345	PASSED	50	205	120	26	0	0	0	0	0	50	9	50	0	62980316	307
1776390890935	S5_SanctionedUserInterlace	7792345	PASSED	50	2088	1681	346	17	17	17	0	0	6	4	51	0	506202266	1649
1776390895425	S6_InFlightEdgeCases	7792345	PASSED	50	454	168	15	89	29	29	58	38	16	12	51	0	157745897	591
1776390900017	S7_FullProtocolEndurance	7792345	PASSED	15	827	480	112	159	15	15	15	12	15	4	17	0	202473958	688
1776390904306	S8_InvestSettlementEdge	7792345	PASSED	50	248	100	0	0	0	0	50	70	16	12	51	0	102968036	406
1776390909742	S9_MultiAdapterMix	7792345	PASSED	50	1550	830	0	501	49	49	50	49	9	13	102	0	545023570	1542
1776390914697	S10_InterleavedOperations	7792345	PASSED	50	663	182	38	202	60	60	50	27	21	23	148	0	282301952	1072
1776390919746	S1_DepositRedeemMix	7802345	PASSED	50	1270	819	445	0	0	0	0	0	4	2	51	0	298040596	1154
1776390924612	S2_AsyncRedeemFullCycle	7802345	PASSED	50	492	57	0	320	50	50	0	0	9	6	151	0	282387717	952
1776390930540	S3_RebalanceSettlement	7802345	PASSED	50	1733	840	0	655	50	50	50	70	9	9	201	0	706577680	2021
1776390934752	S4_ExchangeRateFeeAccrual	7802345	PASSED	50	222	135	28	0	0	0	0	0	50	9	50	0	65734876	306
1776390940481	S5_SanctionedUserInterlace	7802345	PASSED	50	2294	1862	371	17	17	17	0	0	6	4	51	0	581778511	1829
1776390944866	S6_InFlightEdgeCases	7802345	PASSED	50	375	115	16	73	27	27	58	31	16	12	51	0	136819153	510
1776390949495	S7_FullProtocolEndurance	7802345	PASSED	15	827	420	139	194	15	15	15	10	15	4	17	0	213471228	756
1776390953774	S8_InvestSettlementEdge	7802345	PASSED	50	239	100	0	0	0	0	50	61	16	12	51	0	99061646	404
1776390959210	S9_MultiAdapterMix	7802345	PASSED	50	1566	872	0	462	50	50	50	60	9	13	102	0	536503902	1527
1776390964253	S10_InterleavedOperations	7802345	PASSED	50	722	228	37	219	57	57	50	30	21	23	145	0	299964307	1125
1776390969260	S1_DepositRedeemMix	7812345	PASSED	50	1164	780	378	0	0	0	0	0	4	2	51	0	273889516	1081
1776390974103	S2_AsyncRedeemFullCycle	7812345	PASSED	50	482	55	0	312	50	50	0	0	9	6	151	0	279007643	941
1776390979976	S3_RebalanceSettlement	7812345	PASSED	50	1605	778	0	600	48	48	50	63	9	9	201	0	651474871	1984
1776390984159	S4_ExchangeRateFeeAccrual	7812345	PASSED	50	208	122	27	0	0	0	0	0	50	9	50	0	63574173	299
1776390989821	S5_SanctionedUserInterlace	7812345	PASSED	50	2206	1772	373	17	17	17	0	0	6	4	51	0	549877970	1734
1776390994241	S6_InFlightEdgeCases	7812345	PASSED	50	380	130	6	71	27	27	58	33	16	12	51	0	136345470	514
1776390998881	S7_FullProtocolEndurance	7812345	PASSED	15	906	475	126	226	15	15	15	15	15	4	17	0	239191241	753
1776391003138	S8_InvestSettlementEdge	7812345	PASSED	50	242	100	0	0	0	0	50	64	16	12	51	0	100364526	398
1776391008451	S9_MultiAdapterMix	7812345	PASSED	50	1458	861	0	370	49	49	50	57	9	13	102	0	478416157	1433
1776391013404	S10_InterleavedOperations	7812345	PASSED	50	687	220	32	201	57	57	50	30	19	21	146	0	287574920	1040
1776391018539	S1_DepositRedeemMix	7822345	PASSED	50	1341	892	443	0	0	0	0	0	4	2	51	0	314250189	1244
1776391023447	S2_AsyncRedeemFullCycle	7822345	PASSED	50	502	54	0	333	50	50	0	0	9	6	151	0	291639472	1000
1776391029308	S3_RebalanceSettlement	7822345	PASSED	50	1680	839	0	609	50	50	50	64	9	9	201	0	678245176	1946
1776391033540	S4_ExchangeRateFeeAccrual	7822345	PASSED	50	236	142	35	0	0	0	0	0	50	9	50	0	68123265	324
1776391039184	S5_SanctionedUserInterlace	7822345	PASSED	50	2089	1653	375	17	17	17	0	0	6	4	51	0	524909244	1746
1776391043572	S6_InFlightEdgeCases	7822345	PASSED	50	364	122	14	65	24	24	58	29	16	12	51	0	131746121	515
1776391048110	S7_FullProtocolEndurance	7822345	PASSED	15	788	384	143	187	15	15	15	10	15	4	17	0	204303808	659
1776391052458	S8_InvestSettlementEdge	7822345	PASSED	50	240	100	0	0	0	0	50	62	16	12	51	0	99516637	406
1776391057864	S9_MultiAdapterMix	7822345	PASSED	50	1576	917	0	439	48	48	50	52	9	13	102	0	528641362	1533
1776391062737	S10_InterleavedOperations	7822345	PASSED	50	600	154	24	184	57	57	50	30	21	23	147	0	266417502	979
1776391067736	S1_DepositRedeemMix	7832345	PASSED	50	1205	795	404	0	0	0	0	0	4	2	51	0	282002446	1116
1776391072645	S2_AsyncRedeemFullCycle	7832345	PASSED	50	547	60	0	372	50	50	0	0	9	6	151	0	310954978	1012
1776391078498	S3_RebalanceSettlement	7832345	PASSED	50	1679	784	0	670	48	48	50	61	9	9	201	0	695897285	1984
1776391082706	S4_ExchangeRateFeeAccrual	7832345	PASSED	50	214	128	27	0	0	0	0	0	50	9	50	0	64712301	308
1776391088366	S5_SanctionedUserInterlace	7832345	PASSED	50	2240	1762	417	17	17	17	0	0	6	4	51	0	558922262	1782
1776391092794	S6_InFlightEdgeCases	7832345	PASSED	50	393	133	14	77	27	27	58	29	16	12	51	0	139342073	519
1776391097431	S7_FullProtocolEndurance	7832345	PASSED	15	899	514	127	181	15	15	15	13	15	4	17	0	223490517	751
1776391101759	S8_InvestSettlementEdge	7832345	PASSED	50	242	100	0	0	0	0	50	64	16	12	51	0	100318159	429
1776391107055	S9_MultiAdapterMix	7832345	PASSED	50	1442	825	0	403	49	49	50	44	9	13	102	0	480443786	1418
1776391112120	S10_InterleavedOperations	7832345	PASSED	50	713	211	52	203	60	60	50	33	21	23	149	0	296289819	1144
1776391117198	S1_DepositRedeemMix	7842345	PASSED	50	1283	836	441	0	0	0	0	0	4	2	51	0	301005555	1156
1776391122029	S2_AsyncRedeemFullCycle	7842345	PASSED	50	465	53	0	301	48	48	0	0	9	6	151	0	272177106	943
1776391127846	S3_RebalanceSettlement	7842345	PASSED	50	1604	796	0	577	50	50	50	63	9	9	201	0	642207427	1888
1776391132045	S4_ExchangeRateFeeAccrual	7842345	PASSED	50	177	98	20	0	0	0	0	0	50	9	50	0	58798261	278
1776391137597	S5_SanctionedUserInterlace	7842345	PASSED	50	2097	1619	417	17	17	17	0	0	6	4	51	0	515157437	1686
1776391141999	S6_InFlightEdgeCases	7842345	PASSED	50	378	129	21	65	24	24	58	29	16	12	51	0	135553081	512
1776391146658	S7_FullProtocolEndurance	7842345	PASSED	15	886	505	99	203	15	15	15	15	15	4	17	0	229021345	757
1776391150957	S8_InvestSettlementEdge	7842345	PASSED	50	240	100	0	0	0	0	50	62	16	12	51	0	99387899	396
1776391156424	S9_MultiAdapterMix	7842345	PASSED	50	1628	898	0	500	50	50	50	58	9	13	102	0	563925435	1584
1776400981871	S10_InterleavedOperations	1902345	PASSED	50	626	176	40	175	56	56	50	29	21	23	146	0	267734954	310
1776400983072	S10_InterleavedOperations	5242345	PASSED	50	708	197	44	220	62	62	50	31	20	22	150	0	301076375	342
1776407809236	S1_DepositRedeemMix	12345	PASSED	14	64	45	18	0	0	0	0	0	1	0	15	0	14612968	24
1776407851328	S2_AsyncRedeemFullCycle	12345	PASSED	14	76	15	0	30	14	14	0	0	2	1	43	0	26991016	32
1776407894586	S3_RebalanceSettlement	12345	PASSED	14	187	70	0	49	13	13	14	24	2	2	57	0	54672990	67
1776407935063	S4_ExchangeRateFeeAccrual	12345	PASSED	14	37	20	1	0	0	0	0	0	14	2	14	0	8758001	20
1776407976712	S5_SanctionedUserInterlace	12345	PASSED	14	136	112	7	5	5	5	0	0	1	1	15	0	26399355	47
1776408020699	S6_InFlightEdgeCases	12345	PASSED	14	76	24	3	6	5	5	16	10	4	3	15	0	19934398	26
1776408067305	S7_FullProtocolEndurance	12345	PASSED	60	935	303	105	214	60	60	60	54	60	19	62	0	239989896	264
1776408109051	S8_InvestSettlementEdge	12345	PASSED	14	78	29	0	0	0	0	14	28	4	3	15	0	22767820	28
1776408158381	S9_MultiAdapterMix	12345	PASSED	14	178	77	0	36	14	14	14	18	2	3	30	0	45053568	54
1776408159106	S10_InterleavedOperations	12345	PASSED	14	163	39	10	41	17	17	14	14	5	6	43	0	47065361	78
1776408159414	S1_DepositRedeemMix	22345	PASSED	14	56	40	15	0	0	0	0	0	1	0	15	0	13492135	27
1776408159727	S2_AsyncRedeemFullCycle	22345	PASSED	14	75	15	0	29	14	14	0	0	2	1	43	0	26796805	32
1776408160078	S3_RebalanceSettlement	22345	PASSED	14	183	70	0	43	13	13	14	26	2	2	57	0	53009036	61
1776408160383	S4_ExchangeRateFeeAccrual	22345	PASSED	14	39	21	2	0	0	0	0	0	14	2	14	0	9009868	15
1776408160715	S5_SanctionedUserInterlace	22345	PASSED	14	138	106	15	5	5	5	0	0	1	1	15	0	26434398	40
1776408161009	S6_InFlightEdgeCases	22345	PASSED	14	74	25	2	5	5	5	16	9	4	3	15	0	19123297	25
1776408161580	S7_FullProtocolEndurance	22345	PASSED	60	936	300	114	210	60	60	60	53	60	19	62	0	236557975	275
1776408161914	S8_InvestSettlementEdge	22345	PASSED	14	78	29	0	0	0	0	14	28	4	3	15	0	22784900	33
1776408162272	S9_MultiAdapterMix	22345	PASSED	14	191	71	0	51	13	13	14	24	2	3	30	0	52761270	66
1776408162612	S10_InterleavedOperations	22345	PASSED	14	148	34	10	37	15	15	14	14	4	5	41	0	44505123	61
1776669923991	S11_CoveredByPendingEdge	12345	PASSED	6	112	21	0	39	14	14	13	9	1	1	26	0	35465421	39
1776759104979	S4_ExchangeRateFeeAccrual	12345	PASSED	50	83	18	6	0	0	0	0	0	50	9	50	0	32753554	108
1776759105040	S1_DepositRedeemMix	12345	PASSED	50	155	101	48	0	0	0	0	0	4	2	51	0	55111576	173
1776759105134	S5_SanctionedUserInterlace	12345	PASSED	50	363	277	25	17	17	17	0	0	6	4	51	0	102053847	288
1776759105156	S7_FullProtocolEndurance	12345	PASSED	30	416	126	37	84	30	30	30	40	30	9	32	0	130689109	311
1776759105271	S3_RebalanceSettlement	12345	PASSED	50	524	167	0	116	50	50	50	73	9	9	201	0	197738206	468
1776759105313	S10_InterleavedOperations	12345	PASSED	50	511	94	25	127	58	58	50	55	21	23	149	0	197896289	458
1776759105467	S11_CoveredByPendingEdge	12345	PASSED	50	685	61	0	212	93	93	102	99	9	16	175	0	293888771	607
1776759122599	S4_ExchangeRateFeeAccrual	12345	PASSED	50	83	18	6	0	0	0	0	0	50	9	50	0	32668709	135
1776759122686	S1_DepositRedeemMix	12345	PASSED	50	155	101	48	0	0	0	0	0	4	2	51	0	55039010	232
1776759122807	S5_SanctionedUserInterlace	12345	PASSED	50	363	277	25	17	17	17	0	0	6	4	51	0	101950499	348
1776759122844	S7_FullProtocolEndurance	12345	PASSED	30	416	126	37	84	30	30	30	40	30	9	32	0	130576961	382
1776759122923	S3_RebalanceSettlement	12345	PASSED	50	524	167	0	116	50	50	50	73	9	9	201	0	197597782	519
1776759122964	S10_InterleavedOperations	12345	PASSED	50	511	94	25	127	58	58	50	55	21	23	149	0	197732144	522
1776759123115	S11_CoveredByPendingEdge	12345	PASSED	50	685	61	0	212	93	93	102	99	9	16	175	0	293671165	665
1776767821813	S4_ExchangeRateFeeAccrual	12345	PASSED	50	83	18	6	0	0	0	0	0	50	9	50	0	20572919	95
1776767821858	S1_DepositRedeemMix	12345	PASSED	50	155	101	48	0	0	0	0	0	4	2	51	0	36745185	122
1776767821886	S8_InvestSettlementEdge	12345	PASSED	50	228	60	0	0	0	0	50	90	16	12	51	0	67179419	144
1776767821900	S6_InFlightEdgeCases	12345	PASSED	50	251	48	2	22	21	21	58	51	16	12	51	0	64330925	171
1776767821905	S2_AsyncRedeemFullCycle	12345	PASSED	50	200	12	0	79	47	47	0	0	9	6	151	0	72157108	165
1776767821929	S5_SanctionedUserInterlace	12345	PASSED	50	363	277	25	17	17	17	0	0	6	4	51	0	72973860	194
1776767821942	S7_FullProtocolEndurance	12345	PASSED	30	416	126	37	84	30	30	30	40	30	9	32	0	97990378	202
1776767821985	S9_MultiAdapterMix	12345	PASSED	50	546	157	0	128	49	49	50	91	9	13	102	0	157002913	269
1776767822013	S3_RebalanceSettlement	12345	PASSED	50	524	167	0	116	50	50	50	73	9	9	201	0	152333147	272
1776767822015	S10_InterleavedOperations	12345	PASSED	50	511	94	25	127	58	58	50	55	21	23	149	0	150269977	296
1776767822086	S11_CoveredByPendingEdge	12345	PASSED	50	685	61	0	212	93	93	102	99	9	16	175	0	229478321	353
1776767854168	S4_ExchangeRateFeeAccrual	12345	PASSED	50	83	18	6	0	0	0	0	0	50	9	50	0	32702919	124
1776767854346	S1_DepositRedeemMix	12345	PASSED	50	155	101	48	0	0	0	0	0	4	2	51	0	55153095	207
1776767854373	S6_InFlightEdgeCases	12345	PASSED	50	251	48	2	22	21	21	58	51	16	12	51	0	87746658	253
1776767854434	S8_InvestSettlementEdge	12345	PASSED	50	228	60	0	0	0	0	50	90	16	12	51	0	90141216	235
1776767854451	S2_AsyncRedeemFullCycle	12345	PASSED	50	200	12	0	79	47	47	0	0	9	6	151	0	95035606	270
1776767854502	S5_SanctionedUserInterlace	12345	PASSED	50	363	277	25	17	17	17	0	0	6	4	51	0	102144849	347
1776767854524	S7_FullProtocolEndurance	12345	PASSED	30	416	126	37	84	30	30	30	40	30	9	32	0	130881924	380
1776767854560	S9_MultiAdapterMix	12345	PASSED	50	546	157	0	128	49	49	50	91	9	13	102	0	203200832	521
1776767854643	S10_InterleavedOperations	12345	PASSED	50	511	94	25	127	58	58	50	55	21	23	149	0	198183039	527
1776767854691	S3_RebalanceSettlement	12345	PASSED	50	524	167	0	116	50	50	50	73	9	9	201	0	197993728	492
1776767854839	S11_CoveredByPendingEdge	12345	PASSED	50	685	61	0	212	93	93	102	99	9	16	175	0	294273598	658
1776768162891	S4_ExchangeRateFeeAccrual	12345	PASSED	50	83	18	6	0	0	0	0	0	50	9	50	0	32753554	151
1776768163005	S1_DepositRedeemMix	12345	PASSED	50	155	101	48	0	0	0	0	0	4	2	51	0	55153095	259
1776768163053	S8_InvestSettlementEdge	12345	PASSED	50	228	60	0	0	0	0	50	90	16	12	51	0	90109241	312
1776768163066	S6_InFlightEdgeCases	12345	PASSED	50	251	48	2	22	21	21	58	51	16	12	51	0	87699351	321
1776768163178	S2_AsyncRedeemFullCycle	12345	PASSED	50	200	12	0	79	47	47	0	0	9	6	151	0	94980078	363
1776768163200	S5_SanctionedUserInterlace	12345	PASSED	50	363	277	25	17	17	17	0	0	6	4	51	0	102083238	438
1776768163326	S7_FullProtocolEndurance	12345	PASSED	30	416	126	37	84	30	30	30	40	30	9	32	0	130825718	447
1776768163438	S9_MultiAdapterMix	12345	PASSED	50	546	157	0	128	49	49	50	91	9	13	102	0	203185681	579
1776768163442	S10_InterleavedOperations	12345	PASSED	50	511	94	25	127	58	58	50	55	21	23	149	0	198136007	670
1776768163452	S3_RebalanceSettlement	12345	PASSED	50	524	167	0	116	50	50	50	73	9	9	201	0	197947511	587
1776768163563	S11_CoveredByPendingEdge	12345	PASSED	50	685	61	0	212	93	93	102	99	9	16	175	0	294236919	779
1776927019115	S4_ExchangeRateFeeAccrual	12345	PASSED	50	83	18	6	0	0	0	0	0	50	9	50	0	20583845	72
1776927019146	S1_DepositRedeemMix	12345	PASSED	50	155	101	48	0	0	0	0	0	4	2	51	0	36739196	113
1776927019174	S6_InFlightEdgeCases	12345	PASSED	50	198	42	4	17	15	15	58	19	16	12	51	0	47522779	130
1776927019185	S8_InvestSettlementEdge	12345	PASSED	50	228	60	0	0	0	0	50	90	16	12	51	0	67274487	145
1776927019194	S2_AsyncRedeemFullCycle	12345	PASSED	50	200	12	0	79	47	47	0	0	9	6	151	0	72094711	163
1776927019256	S5_SanctionedUserInterlace	12345	PASSED	50	363	277	25	17	17	17	0	0	6	4	51	0	72839332	214
1776927019261	S7_FullProtocolEndurance	12345	PASSED	30	417	126	37	84	30	30	30	41	30	9	32	0	98148618	219
1776927019299	S3_RebalanceSettlement	12345	PASSED	50	512	166	0	114	50	50	50	64	9	9	201	0	149336146	287
1776927019303	S9_MultiAdapterMix	12345	PASSED	50	513	157	0	128	49	49	50	58	9	13	102	0	144488175	264
1776927019322	S10_InterleavedOperations	12345	PASSED	50	502	101	20	132	57	57	50	41	21	23	148	0	147236499	297
1776927019392	S11_CoveredByPendingEdge	12345	PASSED	50	669	63	0	212	93	93	100	83	9	16	175	0	228779267	368
1776927789276	S4_ExchangeRateFeeAccrual	12345	PASSED	50	83	18	6	0	0	0	0	0	50	9	50	0	20603290	60
1776927789285	S1_DepositRedeemMix	12345	PASSED	50	155	101	48	0	0	0	0	0	4	2	51	0	36811181	104
1776927789320	S2_AsyncRedeemFullCycle	12345	PASSED	50	200	12	0	79	47	47	0	0	9	6	151	0	72213896	138
1776927789321	S6_InFlightEdgeCases	12345	PASSED	50	198	42	4	17	15	15	58	19	16	12	51	0	47612740	102
1776927789325	S8_InvestSettlementEdge	12345	PASSED	50	228	60	0	0	0	0	50	90	16	12	51	0	67395587	126
1776927789368	S5_SanctionedUserInterlace	12345	PASSED	50	363	277	25	17	17	17	0	0	6	4	51	0	73166591	157
1776927789384	S7_FullProtocolEndurance	12345	PASSED	30	417	126	37	84	30	30	30	41	30	9	32	0	98517155	166
1776927789413	S3_RebalanceSettlement	12345	PASSED	50	512	166	0	114	50	50	50	64	9	9	201	0	149931019	239
1776927789431	S9_MultiAdapterMix	12345	PASSED	50	513	157	0	128	49	49	50	58	9	13	102	0	145123894	211
1776927789433	S10_InterleavedOperations	12345	PASSED	50	502	101	20	132	57	57	50	41	21	23	148	0	147999339	248
1776927789509	S11_CoveredByPendingEdge	12345	PASSED	50	669	63	0	212	93	93	100	83	9	16	175	0	230368886	328
